/*M!999999\- enable the sandbox mode */ 
-- MariaDB dump 10.19-11.4.9-MariaDB, for Linux (aarch64)
--
-- Host: db    Database: hotones
-- ------------------------------------------------------
-- Server version	11.4.9-MariaDB-ubu2404

/*!40101 SET @OLD_CHARACTER_SET_CLIENT=@@CHARACTER_SET_CLIENT */;
/*!40101 SET @OLD_CHARACTER_SET_RESULTS=@@CHARACTER_SET_RESULTS */;
/*!40101 SET @OLD_COLLATION_CONNECTION=@@COLLATION_CONNECTION */;
/*!40101 SET NAMES utf8mb4 */;
/*!40103 SET @OLD_TIME_ZONE=@@TIME_ZONE */;
/*!40103 SET TIME_ZONE='+00:00' */;
/*!40014 SET @OLD_UNIQUE_CHECKS=@@UNIQUE_CHECKS, UNIQUE_CHECKS=0 */;
/*!40014 SET @OLD_FOREIGN_KEY_CHECKS=@@FOREIGN_KEY_CHECKS, FOREIGN_KEY_CHECKS=0 */;
/*!40101 SET @OLD_SQL_MODE=@@SQL_MODE, SQL_MODE='NO_AUTO_VALUE_ON_ZERO' */;
/*M!100616 SET @OLD_NOTE_VERBOSITY=@@NOTE_VERBOSITY, NOTE_VERBOSITY=0 */;

--
-- Table structure for table `account_deletion_requests`
--

DROP TABLE IF EXISTS `account_deletion_requests`;
/*!40101 SET @saved_cs_client     = @@character_set_client */;
/*!40101 SET character_set_client = utf8mb4 */;
CREATE TABLE `account_deletion_requests` (
  `id` int(11) NOT NULL AUTO_INCREMENT,
  `user_id` int(11) NOT NULL,
  `status` varchar(20) NOT NULL,
  `confirmation_token` varchar(64) NOT NULL,
  `requested_at` datetime NOT NULL,
  `confirmed_at` datetime DEFAULT NULL,
  `scheduled_deletion_at` datetime DEFAULT NULL,
  `cancelled_at` datetime DEFAULT NULL,
  `completed_at` datetime DEFAULT NULL,
  `reason` longtext DEFAULT NULL,
  `ip_address` varchar(45) DEFAULT NULL,
  PRIMARY KEY (`id`),
  UNIQUE KEY `UNIQ_748FBDF6C05FB297` (`confirmation_token`),
  KEY `idx_deletion_request_user` (`user_id`),
  KEY `idx_deletion_request_status` (`status`),
  KEY `idx_deletion_scheduled` (`scheduled_deletion_at`),
  CONSTRAINT `FK_748FBDF6A76ED395` FOREIGN KEY (`user_id`) REFERENCES `users` (`id`) ON DELETE CASCADE
) ENGINE=InnoDB AUTO_INCREMENT=2 DEFAULT CHARSET=utf8mb4 COLLATE=utf8mb4_unicode_ci;
/*!40101 SET character_set_client = @saved_cs_client */;

--
-- Dumping data for table `account_deletion_requests`
--

LOCK TABLES `account_deletion_requests` WRITE;
/*!40000 ALTER TABLE `account_deletion_requests` DISABLE KEYS */;
INSERT INTO `account_deletion_requests` VALUES
(1,7,'completed','test_token_123456','2025-11-24 19:15:36','2025-11-25 19:15:36','2025-12-24 19:15:36',NULL,'2025-12-25 19:16:12',NULL,'127.0.0.1');
/*!40000 ALTER TABLE `account_deletion_requests` ENABLE KEYS */;
UNLOCK TABLES;

--
-- Table structure for table `achievements`
--

DROP TABLE IF EXISTS `achievements`;
/*!40101 SET @saved_cs_client     = @@character_set_client */;
/*!40101 SET character_set_client = utf8mb4 */;
CREATE TABLE `achievements` (
  `id` int(11) NOT NULL AUTO_INCREMENT,
  `unlocked_at` datetime NOT NULL,
  `notified` tinyint(4) NOT NULL,
  `contributor_id` int(11) NOT NULL,
  `badge_id` int(11) NOT NULL,
  PRIMARY KEY (`id`),
  UNIQUE KEY `unique_contributor_badge` (`contributor_id`,`badge_id`),
  KEY `IDX_D1227EFE7A19A357` (`contributor_id`),
  KEY `IDX_D1227EFEF7A2C2FC` (`badge_id`),
  CONSTRAINT `FK_D1227EFE7A19A357` FOREIGN KEY (`contributor_id`) REFERENCES `contributors` (`id`),
  CONSTRAINT `FK_D1227EFEF7A2C2FC` FOREIGN KEY (`badge_id`) REFERENCES `badges` (`id`)
) ENGINE=InnoDB AUTO_INCREMENT=5 DEFAULT CHARSET=utf8mb4 COLLATE=utf8mb4_uca1400_ai_ci;
/*!40101 SET character_set_client = @saved_cs_client */;

--
-- Dumping data for table `achievements`
--

LOCK TABLES `achievements` WRITE;
/*!40000 ALTER TABLE `achievements` DISABLE KEYS */;
INSERT INTO `achievements` VALUES
(1,'2025-12-26 20:30:21',0,27,1),
(2,'2025-12-26 20:30:21',0,27,6),
(3,'2025-12-26 20:30:21',0,27,14),
(4,'2025-12-26 20:30:21',0,27,2);
/*!40000 ALTER TABLE `achievements` ENABLE KEYS */;
UNLOCK TABLES;

--
-- Table structure for table `badges`
--

DROP TABLE IF EXISTS `badges`;
/*!40101 SET @saved_cs_client     = @@character_set_client */;
/*!40101 SET character_set_client = utf8mb4 */;
CREATE TABLE `badges` (
  `id` int(11) NOT NULL AUTO_INCREMENT,
  `name` varchar(100) NOT NULL,
  `description` longtext NOT NULL,
  `icon` varchar(50) NOT NULL,
  `category` varchar(50) NOT NULL,
  `xp_reward` int(11) NOT NULL,
  `criteria` longtext CHARACTER SET utf8mb4 COLLATE utf8mb4_bin DEFAULT NULL CHECK (json_valid(`criteria`)),
  `active` tinyint(4) NOT NULL,
  `created_at` datetime NOT NULL,
  PRIMARY KEY (`id`)
) ENGINE=InnoDB AUTO_INCREMENT=16 DEFAULT CHARSET=utf8mb4 COLLATE=utf8mb4_uca1400_ai_ci;
/*!40101 SET character_set_client = @saved_cs_client */;

--
-- Dumping data for table `badges`
--

LOCK TABLES `badges` WRITE;
/*!40000 ALTER TABLE `badges` DISABLE KEYS */;
INSERT INTO `badges` VALUES
(1,'Premier pas','Bienvenue dans le système de gamification ! Ce badge est automatiquement attribué.','bx-walk','contribution',10,'{\"total_xp\":1}',1,'2025-12-06 16:05:03'),
(2,'Novice','Atteignez le niveau 2','bx-user','contribution',25,'{\"level\":2}',1,'2025-12-06 16:05:03'),
(3,'Apprenti','Atteignez le niveau 5','bx-user-check','contribution',50,'{\"level\":5}',1,'2025-12-06 16:05:03'),
(4,'Expert','Atteignez le niveau 10','bx-user-voice','contribution',100,'{\"level\":10}',1,'2025-12-06 16:05:03'),
(5,'Maître','Atteignez le niveau 20','bx-crown','contribution',200,'{\"level\":20}',1,'2025-12-06 16:05:03'),
(6,'Première satisfaction','Saisissez votre première satisfaction mensuelle','bx-happy','engagement',25,'{\"action_count\":{\"satisfaction\":1}}',1,'2025-12-06 16:05:03'),
(7,'Contributeur régulier','Saisissez 5 satisfactions mensuelles','bx-happy-heart-eyes','engagement',50,'{\"action_count\":{\"satisfaction\":5}}',1,'2025-12-06 16:05:03'),
(8,'Contributeur assidu','Saisissez 12 satisfactions mensuelles (1 an)','bx-happy-beaming','engagement',100,'{\"action_count\":{\"satisfaction\":12}}',1,'2025-12-06 16:05:03'),
(9,'Fidèle','Saisissez 24 satisfactions mensuelles (2 ans)','bx-heart','anciennete',200,'{\"action_count\":{\"satisfaction\":24}}',1,'2025-12-06 16:05:03'),
(10,'Collectionneur','Accumulez 500 XP','bx-coin-stack','performance',50,'{\"total_xp\":500}',1,'2025-12-06 16:05:03'),
(11,'Chasseur d\'XP','Accumulez 1000 XP','bx-medal','performance',100,'{\"total_xp\":1000}',1,'2025-12-06 16:05:03'),
(12,'Légende','Accumulez 2500 XP','bx-trophy','performance',250,'{\"total_xp\":2500}',1,'2025-12-06 16:05:03'),
(13,'Champion','Accumulez 5000 XP','bx-crown','performance',500,'{\"total_xp\":5000}',1,'2025-12-06 16:05:03'),
(14,'Early Adopter','Parmi les premiers à utiliser le système de gamification','bx-rocket','engagement',100,'{\"total_xp\":1}',1,'2025-12-06 16:05:03'),
(15,'Collaborateur modèle','Démontrez un engagement exceptionnel','bx-star','collaboration',150,'{\"level\":15}',1,'2025-12-06 16:05:03');
/*!40000 ALTER TABLE `badges` ENABLE KEYS */;
UNLOCK TABLES;

--
-- Table structure for table `billing_markers`
--

DROP TABLE IF EXISTS `billing_markers`;
/*!40101 SET @saved_cs_client     = @@character_set_client */;
/*!40101 SET character_set_client = utf8mb4 */;
CREATE TABLE `billing_markers` (
  `id` int(11) NOT NULL AUTO_INCREMENT,
  `year` smallint(6) DEFAULT NULL,
  `month` smallint(6) DEFAULT NULL,
  `is_issued` tinyint(4) NOT NULL DEFAULT 0,
  `issued_at` date DEFAULT NULL,
  `paid_at` date DEFAULT NULL,
  `comment` longtext DEFAULT NULL,
  `schedule_id` int(11) DEFAULT NULL,
  `order_id` int(11) DEFAULT NULL,
  PRIMARY KEY (`id`),
  UNIQUE KEY `uniq_marker_schedule` (`schedule_id`),
  UNIQUE KEY `uniq_marker_regie_period` (`order_id`,`year`,`month`),
  KEY `IDX_2AA754E78D9F6D38` (`order_id`),
  CONSTRAINT `FK_2AA754E78D9F6D38` FOREIGN KEY (`order_id`) REFERENCES `orders` (`id`) ON DELETE CASCADE,
  CONSTRAINT `FK_2AA754E7A40BC2D5` FOREIGN KEY (`schedule_id`) REFERENCES `order_payment_schedules` (`id`) ON DELETE CASCADE
) ENGINE=InnoDB DEFAULT CHARSET=utf8mb4 COLLATE=utf8mb4_uca1400_ai_ci;
/*!40101 SET character_set_client = @saved_cs_client */;

--
-- Dumping data for table `billing_markers`
--

LOCK TABLES `billing_markers` WRITE;
/*!40000 ALTER TABLE `billing_markers` DISABLE KEYS */;
/*!40000 ALTER TABLE `billing_markers` ENABLE KEYS */;
UNLOCK TABLES;

--
-- Table structure for table `business_units`
--

DROP TABLE IF EXISTS `business_units`;
/*!40101 SET @saved_cs_client     = @@character_set_client */;
/*!40101 SET character_set_client = utf8mb4 */;
CREATE TABLE `business_units` (
  `id` int(11) NOT NULL AUTO_INCREMENT,
  `name` varchar(255) NOT NULL,
  `description` longtext DEFAULT NULL,
  `annual_revenue_target` decimal(12,2) DEFAULT NULL,
  `annual_margin_target` decimal(5,2) DEFAULT NULL,
  `headcount_target` int(11) DEFAULT NULL,
  `cost_center` varchar(100) DEFAULT NULL,
  `active` tinyint(4) NOT NULL,
  `created_at` datetime NOT NULL,
  `updated_at` datetime DEFAULT NULL,
  `company_id` int(11) NOT NULL,
  `parent_id` int(11) DEFAULT NULL,
  `manager_id` int(11) DEFAULT NULL,
  PRIMARY KEY (`id`),
  KEY `IDX_975193F6783E3463` (`manager_id`),
  KEY `idx_bu_company` (`company_id`),
  KEY `idx_bu_parent` (`parent_id`),
  KEY `idx_bu_active` (`active`),
  CONSTRAINT `FK_975193F6727ACA70` FOREIGN KEY (`parent_id`) REFERENCES `business_units` (`id`) ON DELETE CASCADE,
  CONSTRAINT `FK_975193F6783E3463` FOREIGN KEY (`manager_id`) REFERENCES `users` (`id`) ON DELETE SET NULL,
  CONSTRAINT `FK_975193F6979B1AD6` FOREIGN KEY (`company_id`) REFERENCES `companies` (`id`) ON DELETE CASCADE
) ENGINE=InnoDB DEFAULT CHARSET=utf8mb4 COLLATE=utf8mb4_uca1400_ai_ci;
/*!40101 SET character_set_client = @saved_cs_client */;

--
-- Dumping data for table `business_units`
--

LOCK TABLES `business_units` WRITE;
/*!40000 ALTER TABLE `business_units` DISABLE KEYS */;
/*!40000 ALTER TABLE `business_units` ENABLE KEYS */;
UNLOCK TABLES;

--
-- Table structure for table `client_contacts`
--

DROP TABLE IF EXISTS `client_contacts`;
/*!40101 SET @saved_cs_client     = @@character_set_client */;
/*!40101 SET character_set_client = utf8mb4 */;
CREATE TABLE `client_contacts` (
  `id` int(11) NOT NULL AUTO_INCREMENT,
  `company_id` int(11) NOT NULL,
  `last_name` varchar(100) NOT NULL,
  `first_name` varchar(100) NOT NULL,
  `email` varchar(180) DEFAULT NULL,
  `phone` varchar(50) DEFAULT NULL,
  `mobile_phone` varchar(50) DEFAULT NULL,
  `position_title` varchar(120) DEFAULT NULL,
  `active` tinyint(4) NOT NULL,
  `client_id` int(11) NOT NULL,
  PRIMARY KEY (`id`),
  KEY `IDX_1DA625B619EB6921` (`client_id`),
  KEY `idx_client_contact_company` (`company_id`),
  CONSTRAINT `FK_1DA625B619EB6921` FOREIGN KEY (`client_id`) REFERENCES `clients` (`id`),
  CONSTRAINT `fk_client_contact_company` FOREIGN KEY (`company_id`) REFERENCES `companies` (`id`) ON DELETE CASCADE
) ENGINE=InnoDB DEFAULT CHARSET=utf8mb4 COLLATE=utf8mb4_uca1400_ai_ci;
/*!40101 SET character_set_client = @saved_cs_client */;

--
-- Dumping data for table `client_contacts`
--

LOCK TABLES `client_contacts` WRITE;
/*!40000 ALTER TABLE `client_contacts` DISABLE KEYS */;
/*!40000 ALTER TABLE `client_contacts` ENABLE KEYS */;
UNLOCK TABLES;

--
-- Table structure for table `clients`
--

DROP TABLE IF EXISTS `clients`;
/*!40101 SET @saved_cs_client     = @@character_set_client */;
/*!40101 SET character_set_client = utf8mb4 */;
CREATE TABLE `clients` (
  `id` int(11) NOT NULL AUTO_INCREMENT,
  `company_id` int(11) NOT NULL,
  `name` varchar(180) NOT NULL,
  `logo_path` varchar(255) DEFAULT NULL,
  `website` varchar(255) DEFAULT NULL,
  `description` longtext DEFAULT NULL,
  `service_level` varchar(20) DEFAULT NULL,
  `service_level_mode` varchar(10) NOT NULL DEFAULT 'auto',
  PRIMARY KEY (`id`),
  KEY `idx_client_company` (`company_id`),
  CONSTRAINT `fk_client_company` FOREIGN KEY (`company_id`) REFERENCES `companies` (`id`) ON DELETE CASCADE
) ENGINE=InnoDB AUTO_INCREMENT=6 DEFAULT CHARSET=utf8mb4 COLLATE=utf8mb4_uca1400_ai_ci;
/*!40101 SET character_set_client = @saved_cs_client */;

--
-- Dumping data for table `clients`
--

LOCK TABLES `clients` WRITE;
/*!40000 ALTER TABLE `clients` DISABLE KEYS */;
INSERT INTO `clients` VALUES
(1,1,'Fashion Store Paris',NULL,NULL,NULL,'vip','auto'),
(2,1,'CreditCorp',NULL,NULL,NULL,'low','auto'),
(3,1,'Cabinet Juridique Associés',NULL,NULL,NULL,'low','auto'),
(4,1,'HRTech Solutions',NULL,NULL,NULL,'low','auto'),
(5,1,'Restaurant Le Gourmet',NULL,NULL,NULL,'low','auto');
/*!40000 ALTER TABLE `clients` ENABLE KEYS */;
UNLOCK TABLES;

--
-- Table structure for table `companies`
--

DROP TABLE IF EXISTS `companies`;
/*!40101 SET @saved_cs_client     = @@character_set_client */;
/*!40101 SET character_set_client = utf8mb4 */;
CREATE TABLE `companies` (
  `id` int(11) NOT NULL AUTO_INCREMENT,
  `name` varchar(255) NOT NULL,
  `slug` varchar(100) NOT NULL,
  `description` longtext DEFAULT NULL,
  `status` varchar(50) NOT NULL,
  `subscription_tier` varchar(50) NOT NULL,
  `max_users` int(11) DEFAULT NULL,
  `max_projects` int(11) DEFAULT NULL,
  `max_storage_mb` int(11) DEFAULT NULL,
  `billing_start_date` date NOT NULL,
  `billing_day_of_month` int(11) NOT NULL,
  `currency` varchar(3) NOT NULL,
  `settings` longtext CHARACTER SET utf8mb4 COLLATE utf8mb4_bin NOT NULL CHECK (json_valid(`settings`)),
  `enabled_features` longtext CHARACTER SET utf8mb4 COLLATE utf8mb4_bin NOT NULL CHECK (json_valid(`enabled_features`)),
  `structure_cost_coefficient` decimal(10,4) NOT NULL,
  `employer_charges_coefficient` decimal(10,4) NOT NULL,
  `annual_paid_leave_days` int(11) NOT NULL,
  `annual_rtt_days` int(11) NOT NULL,
  `created_at` datetime NOT NULL,
  `updated_at` datetime DEFAULT NULL,
  `suspended_at` datetime DEFAULT NULL,
  `trial_ends_at` datetime DEFAULT NULL,
  `owner_id` int(11) NOT NULL,
  PRIMARY KEY (`id`),
  UNIQUE KEY `UNIQ_8244AA3A989D9B62` (`slug`),
  KEY `IDX_8244AA3A7E3C61F9` (`owner_id`),
  KEY `idx_company_slug` (`slug`),
  KEY `idx_company_status` (`status`),
  KEY `idx_company_subscription_tier` (`subscription_tier`),
  CONSTRAINT `FK_8244AA3A7E3C61F9` FOREIGN KEY (`owner_id`) REFERENCES `users` (`id`)
) ENGINE=InnoDB AUTO_INCREMENT=2 DEFAULT CHARSET=utf8mb4 COLLATE=utf8mb4_uca1400_ai_ci;
/*!40101 SET character_set_client = @saved_cs_client */;

--
-- Dumping data for table `companies`
--

LOCK TABLES `companies` WRITE;
/*!40000 ALTER TABLE `companies` DISABLE KEYS */;
INSERT INTO `companies` VALUES
(1,'HotOnes','hotones-default',NULL,'active','enterprise',NULL,NULL,NULL,'2025-12-31',1,'EUR','{\"timezone\":\"Europe/Paris\",\"locale\":\"fr_FR\"}','[\"planning\",\"analytics\",\"business_units\",\"ai_tools\",\"api_access\"]',1.3500,1.4500,25,10,'2025-12-31 09:26:44','2025-12-31 09:26:44',NULL,NULL,6);
/*!40000 ALTER TABLE `companies` ENABLE KEYS */;
UNLOCK TABLES;

--
-- Table structure for table `company_settings`
--

DROP TABLE IF EXISTS `company_settings`;
/*!40101 SET @saved_cs_client     = @@character_set_client */;
/*!40101 SET character_set_client = utf8mb4 */;
CREATE TABLE `company_settings` (
  `id` int(11) NOT NULL AUTO_INCREMENT,
  `structure_cost_coefficient` decimal(10,4) NOT NULL,
  `employer_charges_coefficient` decimal(10,4) NOT NULL,
  `annual_paid_leave_days` int(11) NOT NULL,
  `annual_rtt_days` int(11) NOT NULL,
  `updated_at` datetime NOT NULL,
  PRIMARY KEY (`id`)
) ENGINE=InnoDB AUTO_INCREMENT=2 DEFAULT CHARSET=utf8mb4 COLLATE=utf8mb4_uca1400_ai_ci;
/*!40101 SET character_set_client = @saved_cs_client */;

--
-- Dumping data for table `company_settings`
--

LOCK TABLES `company_settings` WRITE;
/*!40000 ALTER TABLE `company_settings` DISABLE KEYS */;
INSERT INTO `company_settings` VALUES
(1,1.3500,1.4500,25,10,'2025-12-08 07:15:27');
/*!40000 ALTER TABLE `company_settings` ENABLE KEYS */;
UNLOCK TABLES;

--
-- Table structure for table `contributor_profiles`
--

DROP TABLE IF EXISTS `contributor_profiles`;
/*!40101 SET @saved_cs_client     = @@character_set_client */;
/*!40101 SET character_set_client = utf8mb4 */;
CREATE TABLE `contributor_profiles` (
  `contributor_id` int(11) NOT NULL,
  `profile_id` int(11) NOT NULL,
  PRIMARY KEY (`contributor_id`,`profile_id`),
  KEY `IDX_BDF600067A19A357` (`contributor_id`),
  KEY `IDX_BDF60006CCFA12B8` (`profile_id`),
  CONSTRAINT `FK_BDF600067A19A357` FOREIGN KEY (`contributor_id`) REFERENCES `contributors` (`id`) ON DELETE CASCADE,
  CONSTRAINT `FK_BDF60006CCFA12B8` FOREIGN KEY (`profile_id`) REFERENCES `profiles` (`id`) ON DELETE CASCADE
) ENGINE=InnoDB DEFAULT CHARSET=utf8mb4 COLLATE=utf8mb4_uca1400_ai_ci;
/*!40101 SET character_set_client = @saved_cs_client */;

--
-- Dumping data for table `contributor_profiles`
--

LOCK TABLES `contributor_profiles` WRITE;
/*!40000 ALTER TABLE `contributor_profiles` DISABLE KEYS */;
INSERT INTO `contributor_profiles` VALUES
(1,1),
(2,1),
(3,1),
(4,1),
(5,1),
(5,15),
(6,1),
(7,2),
(8,2),
(9,2),
(10,2),
(11,2),
(12,3),
(13,3),
(14,3),
(15,3),
(16,5),
(17,5),
(18,5),
(19,5),
(20,6),
(21,6),
(22,7),
(23,9),
(24,15),
(25,13),
(26,14),
(27,8),
(28,1),
(29,1),
(30,1),
(31,1),
(32,1),
(33,1),
(34,2),
(35,2),
(36,2),
(37,2),
(38,2),
(39,3),
(40,3),
(41,3),
(42,3),
(43,5),
(44,5),
(45,5),
(46,5),
(47,6),
(48,9),
(49,7),
(50,9),
(51,13),
(52,14),
(54,1);
/*!40000 ALTER TABLE `contributor_profiles` ENABLE KEYS */;
UNLOCK TABLES;

--
-- Table structure for table `contributor_progress`
--

DROP TABLE IF EXISTS `contributor_progress`;
/*!40101 SET @saved_cs_client     = @@character_set_client */;
/*!40101 SET character_set_client = utf8mb4 */;
CREATE TABLE `contributor_progress` (
  `id` int(11) NOT NULL AUTO_INCREMENT,
  `total_xp` int(11) NOT NULL,
  `level` int(11) NOT NULL,
  `title` varchar(50) DEFAULT NULL,
  `current_level_xp` int(11) NOT NULL,
  `next_level_xp` int(11) NOT NULL,
  `last_xp_gained_at` datetime NOT NULL,
  `created_at` datetime NOT NULL,
  `updated_at` datetime NOT NULL,
  `contributor_id` int(11) NOT NULL,
  PRIMARY KEY (`id`),
  UNIQUE KEY `UNIQ_14C777707A19A357` (`contributor_id`),
  CONSTRAINT `FK_14C777707A19A357` FOREIGN KEY (`contributor_id`) REFERENCES `contributors` (`id`)
) ENGINE=InnoDB AUTO_INCREMENT=2 DEFAULT CHARSET=utf8mb4 COLLATE=utf8mb4_uca1400_ai_ci;
/*!40101 SET character_set_client = @saved_cs_client */;

--
-- Dumping data for table `contributor_progress`
--

LOCK TABLES `contributor_progress` WRITE;
/*!40000 ALTER TABLE `contributor_progress` DISABLE KEYS */;
INSERT INTO `contributor_progress` VALUES
(1,210,2,NULL,110,282,'2025-12-26 20:30:21','2025-12-26 20:30:21','2025-12-26 20:30:21',27);
/*!40000 ALTER TABLE `contributor_progress` ENABLE KEYS */;
UNLOCK TABLES;

--
-- Table structure for table `contributor_satisfactions`
--

DROP TABLE IF EXISTS `contributor_satisfactions`;
/*!40101 SET @saved_cs_client     = @@character_set_client */;
/*!40101 SET character_set_client = utf8mb4 */;
CREATE TABLE `contributor_satisfactions` (
  `id` int(11) NOT NULL AUTO_INCREMENT,
  `year` int(11) NOT NULL,
  `month` int(11) NOT NULL,
  `overall_score` int(11) NOT NULL,
  `projects_score` int(11) DEFAULT NULL,
  `team_score` int(11) DEFAULT NULL,
  `work_environment_score` int(11) DEFAULT NULL,
  `work_life_balance_score` int(11) DEFAULT NULL,
  `comment` longtext DEFAULT NULL,
  `positive_points` longtext DEFAULT NULL,
  `improvement_points` longtext DEFAULT NULL,
  `submitted_at` datetime NOT NULL,
  `created_at` datetime NOT NULL,
  `updated_at` datetime NOT NULL,
  `contributor_id` int(11) NOT NULL,
  PRIMARY KEY (`id`),
  UNIQUE KEY `unique_contributor_period` (`contributor_id`,`year`,`month`),
  KEY `IDX_77E270717A19A357` (`contributor_id`),
  CONSTRAINT `FK_77E270717A19A357` FOREIGN KEY (`contributor_id`) REFERENCES `contributors` (`id`) ON DELETE CASCADE
) ENGINE=InnoDB AUTO_INCREMENT=2 DEFAULT CHARSET=utf8mb4 COLLATE=utf8mb4_uca1400_ai_ci;
/*!40101 SET character_set_client = @saved_cs_client */;

--
-- Dumping data for table `contributor_satisfactions`
--

LOCK TABLES `contributor_satisfactions` WRITE;
/*!40000 ALTER TABLE `contributor_satisfactions` DISABLE KEYS */;
INSERT INTO `contributor_satisfactions` VALUES
(1,2025,12,3,4,2,4,3,NULL,NULL,NULL,'2025-12-26 20:30:20','2025-12-26 20:30:20','2025-12-26 20:30:21',27);
/*!40000 ALTER TABLE `contributor_satisfactions` ENABLE KEYS */;
UNLOCK TABLES;

--
-- Table structure for table `contributor_skills`
--

DROP TABLE IF EXISTS `contributor_skills`;
/*!40101 SET @saved_cs_client     = @@character_set_client */;
/*!40101 SET character_set_client = utf8mb4 */;
CREATE TABLE `contributor_skills` (
  `id` int(11) NOT NULL AUTO_INCREMENT,
  `company_id` int(11) NOT NULL,
  `self_assessment_level` int(11) NOT NULL,
  `manager_assessment_level` int(11) DEFAULT NULL,
  `date_acquired` date DEFAULT NULL,
  `notes` longtext DEFAULT NULL,
  `created_at` datetime NOT NULL,
  `updated_at` datetime NOT NULL,
  `contributor_id` int(11) NOT NULL,
  `skill_id` int(11) NOT NULL,
  PRIMARY KEY (`id`),
  UNIQUE KEY `contributor_skill_unique` (`contributor_id`,`skill_id`),
  KEY `IDX_A0CA02C87A19A357` (`contributor_id`),
  KEY `IDX_A0CA02C85585C142` (`skill_id`),
  KEY `idx_contributor_skill_company` (`company_id`),
  CONSTRAINT `FK_A0CA02C85585C142` FOREIGN KEY (`skill_id`) REFERENCES `skills` (`id`) ON DELETE CASCADE,
  CONSTRAINT `FK_A0CA02C87A19A357` FOREIGN KEY (`contributor_id`) REFERENCES `contributors` (`id`) ON DELETE CASCADE,
  CONSTRAINT `fk_contributor_skill_company` FOREIGN KEY (`company_id`) REFERENCES `companies` (`id`) ON DELETE CASCADE
) ENGINE=InnoDB DEFAULT CHARSET=utf8mb4 COLLATE=utf8mb4_uca1400_ai_ci;
/*!40101 SET character_set_client = @saved_cs_client */;

--
-- Dumping data for table `contributor_skills`
--

LOCK TABLES `contributor_skills` WRITE;
/*!40000 ALTER TABLE `contributor_skills` DISABLE KEYS */;
/*!40000 ALTER TABLE `contributor_skills` ENABLE KEYS */;
UNLOCK TABLES;

--
-- Table structure for table `contributors`
--

DROP TABLE IF EXISTS `contributors`;
/*!40101 SET @saved_cs_client     = @@character_set_client */;
/*!40101 SET character_set_client = utf8mb4 */;
CREATE TABLE `contributors` (
  `id` int(11) NOT NULL AUTO_INCREMENT,
  `company_id` int(11) NOT NULL,
  `first_name` varchar(100) NOT NULL,
  `last_name` varchar(100) NOT NULL,
  `email` varchar(255) DEFAULT NULL,
  `phone_personal` varchar(20) DEFAULT NULL,
  `phone_professional` varchar(20) DEFAULT NULL,
  `birth_date` date DEFAULT NULL,
  `gender` varchar(10) DEFAULT NULL,
  `address` longtext DEFAULT NULL,
  `avatar_filename` varchar(255) DEFAULT NULL,
  `notes` longtext DEFAULT NULL,
  `cjm` decimal(10,2) DEFAULT NULL,
  `tjm` decimal(10,2) DEFAULT NULL,
  `active` tinyint(4) NOT NULL,
  `user_id` int(11) DEFAULT NULL,
  `manager_id` int(11) DEFAULT NULL,
  PRIMARY KEY (`id`),
  UNIQUE KEY `UNIQ_72D26262A76ED395` (`user_id`),
  KEY `IDX_72D26262783E3463` (`manager_id`),
  KEY `idx_contributor_company` (`company_id`),
  CONSTRAINT `FK_72D26262783E3463` FOREIGN KEY (`manager_id`) REFERENCES `contributors` (`id`) ON DELETE SET NULL,
  CONSTRAINT `FK_72D26262A76ED395` FOREIGN KEY (`user_id`) REFERENCES `users` (`id`),
  CONSTRAINT `fk_contributor_company` FOREIGN KEY (`company_id`) REFERENCES `companies` (`id`) ON DELETE CASCADE
) ENGINE=InnoDB AUTO_INCREMENT=60 DEFAULT CHARSET=utf8mb4 COLLATE=utf8mb4_uca1400_ai_ci;
/*!40101 SET character_set_client = @saved_cs_client */;

--
-- Dumping data for table `contributors`
--

LOCK TABLES `contributors` WRITE;
/*!40000 ALTER TABLE `contributors` DISABLE KEYS */;
INSERT INTO `contributors` VALUES
(1,1,'Thomas','Roux',NULL,NULL,NULL,NULL,NULL,NULL,NULL,NULL,400.00,520.00,1,NULL,NULL),
(2,1,'Léa','Dubois',NULL,NULL,NULL,NULL,NULL,NULL,'avatar-femme-6949810330168.png',NULL,400.00,520.00,1,NULL,NULL),
(3,1,'Hugo','Simon',NULL,NULL,NULL,NULL,NULL,NULL,NULL,NULL,400.00,520.00,1,NULL,NULL),
(4,1,'Claire','Lefevre',NULL,NULL,NULL,NULL,NULL,NULL,NULL,NULL,400.00,520.00,1,NULL,NULL),
(5,1,'Bob','Petit',NULL,NULL,NULL,NULL,NULL,NULL,NULL,NULL,700.00,910.00,1,NULL,NULL),
(6,1,'Zoé','Leroy',NULL,NULL,NULL,NULL,NULL,NULL,NULL,NULL,400.00,520.00,1,NULL,NULL),
(7,1,'David','Michel',NULL,NULL,NULL,NULL,NULL,NULL,NULL,NULL,400.00,520.00,1,NULL,NULL),
(8,1,'Bob','Morel',NULL,NULL,NULL,NULL,NULL,NULL,NULL,NULL,400.00,520.00,1,NULL,NULL),
(9,1,'Yasmine','Girard',NULL,NULL,NULL,NULL,NULL,NULL,NULL,NULL,400.00,520.00,1,NULL,NULL),
(10,1,'Hugo','Girard',NULL,NULL,NULL,NULL,NULL,NULL,NULL,NULL,400.00,520.00,1,NULL,NULL),
(11,1,'Nathalie','Morel',NULL,NULL,NULL,NULL,NULL,NULL,NULL,NULL,400.00,520.00,1,NULL,NULL),
(12,1,'Bob','Vincent',NULL,NULL,NULL,NULL,NULL,NULL,NULL,NULL,400.00,520.00,1,NULL,NULL),
(13,1,'Gabrielle','Laurent',NULL,NULL,NULL,NULL,NULL,NULL,NULL,NULL,400.00,520.00,1,NULL,NULL),
(14,1,'Alice','Thomas',NULL,NULL,NULL,NULL,NULL,NULL,NULL,NULL,400.00,520.00,1,NULL,NULL),
(15,1,'Julien','Lefebvre',NULL,NULL,NULL,NULL,NULL,NULL,NULL,NULL,400.00,520.00,1,NULL,NULL),
(16,1,'Nathalie','Moreau',NULL,NULL,NULL,NULL,NULL,NULL,NULL,NULL,500.00,650.00,1,NULL,NULL),
(17,1,'Hugo','Laurent',NULL,NULL,NULL,NULL,NULL,NULL,NULL,NULL,500.00,650.00,1,NULL,NULL),
(18,1,'François','Moreau',NULL,NULL,NULL,NULL,NULL,NULL,NULL,NULL,500.00,650.00,1,NULL,NULL),
(19,1,'Bob','Roux',NULL,NULL,NULL,NULL,NULL,NULL,NULL,NULL,500.00,650.00,1,NULL,NULL),
(20,1,'Xavier','Bernard',NULL,NULL,NULL,NULL,NULL,NULL,'avatar-homme-69497fade6cb3.png',NULL,400.00,520.00,1,NULL,NULL),
(21,1,'Thomas','Bernard',NULL,NULL,NULL,NULL,NULL,NULL,'avatar-homme-69497f7871ef6.png',NULL,400.00,520.00,1,NULL,NULL),
(22,1,'Karim','Simon',NULL,NULL,NULL,NULL,NULL,NULL,NULL,NULL,400.00,520.00,1,NULL,NULL),
(23,1,'Xavier','Fournier',NULL,NULL,NULL,NULL,NULL,NULL,NULL,NULL,400.00,520.00,1,NULL,NULL),
(24,1,'Quentin','Girard',NULL,NULL,NULL,NULL,NULL,NULL,NULL,NULL,700.00,910.00,1,NULL,NULL),
(25,1,'Julien','Moreau',NULL,NULL,NULL,NULL,NULL,NULL,NULL,NULL,450.00,585.00,1,NULL,NULL),
(26,1,'Quentin','Leroy',NULL,NULL,NULL,NULL,NULL,NULL,NULL,NULL,450.00,585.00,1,NULL,NULL),
(27,1,'Thibaut','MONIER','thibaut.monier@gmail.com',NULL,NULL,'1976-04-26','male',NULL,'DSC1324-6954f63687924.jpg',NULL,NULL,NULL,1,6,NULL),
(28,1,'Gabrielle','Morel',NULL,NULL,NULL,NULL,NULL,NULL,NULL,NULL,400.00,520.00,1,NULL,NULL),
(29,1,'Marc','Durand',NULL,NULL,NULL,NULL,NULL,NULL,NULL,NULL,400.00,520.00,1,NULL,NULL),
(30,1,'Xavier','Dupont',NULL,NULL,NULL,NULL,NULL,NULL,NULL,NULL,400.00,520.00,1,NULL,NULL),
(31,1,'Marc','Dupont',NULL,NULL,NULL,NULL,NULL,NULL,NULL,NULL,400.00,520.00,1,NULL,NULL),
(32,1,'Gabrielle','Petit',NULL,NULL,NULL,NULL,NULL,NULL,NULL,NULL,400.00,520.00,1,NULL,NULL),
(33,1,'Zoé','Lefevre',NULL,NULL,NULL,NULL,NULL,NULL,NULL,NULL,400.00,520.00,1,NULL,NULL),
(34,1,'Bob','Simon',NULL,NULL,NULL,NULL,NULL,NULL,NULL,NULL,400.00,520.00,1,NULL,NULL),
(35,1,'Nathalie','Robert',NULL,NULL,NULL,NULL,NULL,NULL,NULL,NULL,400.00,520.00,1,NULL,NULL),
(36,1,'François','Lefebvre',NULL,NULL,NULL,NULL,NULL,NULL,NULL,NULL,400.00,520.00,1,NULL,NULL),
(37,1,'Alice','Simon',NULL,NULL,NULL,NULL,NULL,NULL,NULL,NULL,400.00,520.00,1,NULL,NULL),
(38,1,'Julien','Girard',NULL,NULL,NULL,NULL,NULL,NULL,NULL,NULL,400.00,520.00,1,NULL,NULL),
(39,1,'Léa','Roux',NULL,NULL,NULL,NULL,NULL,NULL,NULL,NULL,400.00,520.00,1,NULL,NULL),
(40,1,'Patricia','Girard',NULL,NULL,NULL,NULL,NULL,NULL,NULL,NULL,400.00,520.00,1,NULL,NULL),
(41,1,'Yasmine','Robert',NULL,NULL,NULL,NULL,NULL,NULL,NULL,NULL,400.00,520.00,1,NULL,NULL),
(42,1,'Thomas','Petit',NULL,NULL,NULL,NULL,NULL,NULL,NULL,NULL,400.00,520.00,1,NULL,NULL),
(43,1,'Alice','Dupont',NULL,NULL,NULL,NULL,NULL,NULL,NULL,NULL,500.00,650.00,1,NULL,NULL),
(44,1,'Léa','André',NULL,NULL,NULL,NULL,NULL,NULL,'avatar-femme-6949759b00cb5.png',NULL,435.00,650.00,1,3,27),
(45,1,'Hugo','Vincent',NULL,NULL,NULL,NULL,NULL,NULL,NULL,NULL,500.00,650.00,1,NULL,NULL),
(46,1,'Emma','Petit',NULL,NULL,NULL,NULL,NULL,NULL,NULL,NULL,500.00,650.00,1,NULL,NULL),
(47,1,'Marc','Fournier',NULL,NULL,NULL,NULL,NULL,NULL,NULL,NULL,400.00,520.00,1,NULL,NULL),
(48,1,'Xavier','Bertrand',NULL,NULL,NULL,'1999-09-04','male',NULL,'avatar-homme-69498021b58b8.png',NULL,630.75,1000.00,1,NULL,27),
(49,1,'Julien','Roux',NULL,NULL,NULL,NULL,NULL,NULL,NULL,NULL,400.00,520.00,1,NULL,NULL),
(50,1,'Sophie','Lefevre',NULL,NULL,NULL,NULL,NULL,NULL,NULL,NULL,400.00,520.00,1,NULL,NULL),
(51,1,'Léa','Fournier',NULL,NULL,NULL,NULL,NULL,NULL,NULL,NULL,450.00,585.00,1,NULL,NULL),
(52,1,'Emma','Vincent',NULL,NULL,NULL,NULL,NULL,NULL,NULL,NULL,450.00,585.00,1,NULL,NULL),
(53,1,'Adam','Girard',NULL,NULL,NULL,'1999-01-05','male',NULL,NULL,NULL,NULL,NULL,1,NULL,27),
(54,1,'Adam','Girard','adam@example.com',NULL,NULL,'1999-01-05','male',NULL,NULL,NULL,369.75,580.00,1,7,27),
(55,1,'Jean','Intervenant','intervenant@test.com',NULL,NULL,NULL,NULL,NULL,NULL,NULL,NULL,NULL,1,8,NULL),
(56,1,'Marie','ChefProjet','chef-projet@test.com',NULL,NULL,NULL,NULL,NULL,NULL,NULL,NULL,NULL,1,9,NULL),
(57,1,'Sophie','Comptable','compta@test.com',NULL,NULL,NULL,NULL,NULL,NULL,NULL,NULL,NULL,1,10,NULL),
(58,1,'Alice','SuperAdmin','superadmin@test.com',NULL,NULL,NULL,NULL,NULL,NULL,NULL,NULL,NULL,1,11,NULL),
(59,1,'Test','Debug','test.debug@example.com',NULL,NULL,NULL,NULL,NULL,NULL,NULL,NULL,NULL,1,12,NULL);
/*!40000 ALTER TABLE `contributors` ENABLE KEYS */;
UNLOCK TABLES;

--
-- Table structure for table `cookie_consents`
--

DROP TABLE IF EXISTS `cookie_consents`;
/*!40101 SET @saved_cs_client     = @@character_set_client */;
/*!40101 SET character_set_client = utf8mb4 */;
CREATE TABLE `cookie_consents` (
  `id` int(11) NOT NULL AUTO_INCREMENT,
  `user_id` int(11) DEFAULT NULL,
  `essential` tinyint(1) NOT NULL,
  `functional` tinyint(1) NOT NULL,
  `analytics` tinyint(1) NOT NULL,
  `version` varchar(10) NOT NULL,
  `ip_address` varchar(45) DEFAULT NULL,
  `user_agent` longtext DEFAULT NULL,
  `created_at` datetime NOT NULL,
  `expires_at` datetime NOT NULL,
  PRIMARY KEY (`id`),
  KEY `idx_cookie_consent_user` (`user_id`),
  KEY `idx_cookie_consent_created` (`created_at`),
  KEY `idx_cookie_consent_expires` (`expires_at`),
  CONSTRAINT `FK_FCDE2BEFA76ED395` FOREIGN KEY (`user_id`) REFERENCES `users` (`id`) ON DELETE CASCADE
) ENGINE=InnoDB AUTO_INCREMENT=4 DEFAULT CHARSET=utf8mb4 COLLATE=utf8mb4_unicode_ci;
/*!40101 SET character_set_client = @saved_cs_client */;

--
-- Dumping data for table `cookie_consents`
--

LOCK TABLES `cookie_consents` WRITE;
/*!40000 ALTER TABLE `cookie_consents` DISABLE KEYS */;
INSERT INTO `cookie_consents` VALUES
(1,4,1,1,0,'1.0','127.0.0.1','TestBot/1.0','2025-12-25 19:14:28','2026-12-25 19:14:28'),
(2,6,1,1,0,'1.0','172.22.0.1','Mozilla/5.0 (Macintosh; Intel Mac OS X 10.15; rv:146.0) Gecko/20100101 Firefox/146.0','2025-12-25 19:15:18','2026-12-25 19:15:18'),
(3,6,1,1,0,'1.0','172.22.0.1','Mozilla/5.0 (Macintosh; Intel Mac OS X 10_15_7) AppleWebKit/537.36 (KHTML, like Gecko) Chrome/143.0.0.0 Safari/537.36','2025-12-26 08:12:07','2026-12-26 08:12:07');
/*!40000 ALTER TABLE `cookie_consents` ENABLE KEYS */;
UNLOCK TABLES;

--
-- Table structure for table `dim_contributor`
--

DROP TABLE IF EXISTS `dim_contributor`;
/*!40101 SET @saved_cs_client     = @@character_set_client */;
/*!40101 SET character_set_client = utf8mb4 */;
CREATE TABLE `dim_contributor` (
  `id` int(11) NOT NULL AUTO_INCREMENT,
  `company_id` int(11) NOT NULL,
  `name_value` varchar(180) NOT NULL,
  `role_value` varchar(50) NOT NULL,
  `is_active` tinyint(4) NOT NULL,
  `composite_key` varchar(250) NOT NULL,
  `user_id` int(11) DEFAULT NULL,
  PRIMARY KEY (`id`),
  UNIQUE KEY `UNIQ_8BC20A2C13775659` (`composite_key`),
  KEY `IDX_8BC20A2CA76ED395` (`user_id`),
  KEY `idx_dim_contributor_company` (`company_id`),
  CONSTRAINT `FK_8BC20A2CA76ED395` FOREIGN KEY (`user_id`) REFERENCES `users` (`id`),
  CONSTRAINT `fk_dim_contributor_company` FOREIGN KEY (`company_id`) REFERENCES `companies` (`id`) ON DELETE CASCADE
) ENGINE=InnoDB AUTO_INCREMENT=11 DEFAULT CHARSET=utf8mb4 COLLATE=utf8mb4_uca1400_ai_ci;
/*!40101 SET character_set_client = @saved_cs_client */;

--
-- Dumping data for table `dim_contributor`
--

LOCK TABLES `dim_contributor` WRITE;
/*!40000 ALTER TABLE `dim_contributor` DISABLE KEYS */;
INSERT INTO `dim_contributor` VALUES
(1,1,'Alice Dupont','project_manager',1,'null_project_manager_active_1327d27d4578177fb70b946846708ebd',NULL),
(2,1,'Bob Martin','project_manager',1,'null_project_manager_active_133ed0031b57916bdffcf0c8d89b636a',NULL),
(3,1,'Claire Rousseau','sales_person',1,'null_sales_person_active_6df10506d04b9dbf5dc2d7fe9130ac71',NULL),
(4,1,'David Moreau','sales_person',1,'null_sales_person_active_3e1f2a5e94450c8371562c74671ace76',NULL),
(5,1,'Emma Bernard','project_director',1,'null_project_director_active_1f2dc6543007952440fb29acb2d466ec',NULL),
(6,1,'François Petit','key_account_manager',1,'null_key_account_manager_active_a50f43aee357a8f06badfdf3cbae77a8',NULL),
(7,1,'Alice Martin','project_manager',1,'1_project_manager_active_57ff9c45e733f7398a839dba78d3e116',1),
(8,1,'Claire Moreau','project_director',1,'3_project_director_active_910526d72cb3e69b05fc3d24347857d8',3),
(9,1,'Claire Moreau','sales_person',1,'3_sales_person_active_910526d72cb3e69b05fc3d24347857d8',3),
(10,1,'Thibaut MONIER','project_director',1,'6_project_director_active_dad38fa71a9ccc486af71243daa3b755',6);
/*!40000 ALTER TABLE `dim_contributor` ENABLE KEYS */;
UNLOCK TABLES;

--
-- Table structure for table `dim_profile`
--

DROP TABLE IF EXISTS `dim_profile`;
/*!40101 SET @saved_cs_client     = @@character_set_client */;
/*!40101 SET character_set_client = utf8mb4 */;
CREATE TABLE `dim_profile` (
  `id` int(11) NOT NULL AUTO_INCREMENT,
  `company_id` int(11) NOT NULL,
  `name_value` varchar(100) NOT NULL,
  `is_productive` tinyint(4) NOT NULL,
  `is_active` tinyint(4) NOT NULL,
  `composite_key` varchar(150) NOT NULL,
  `profile_id` int(11) DEFAULT NULL,
  PRIMARY KEY (`id`),
  UNIQUE KEY `UNIQ_9B69890413775659` (`composite_key`),
  KEY `IDX_9B698904CCFA12B8` (`profile_id`),
  KEY `idx_dim_profile_company` (`company_id`),
  CONSTRAINT `FK_9B698904CCFA12B8` FOREIGN KEY (`profile_id`) REFERENCES `profiles` (`id`),
  CONSTRAINT `fk_dim_profile_company` FOREIGN KEY (`company_id`) REFERENCES `companies` (`id`) ON DELETE CASCADE
) ENGINE=InnoDB AUTO_INCREMENT=11 DEFAULT CHARSET=utf8mb4 COLLATE=utf8mb4_uca1400_ai_ci;
/*!40101 SET character_set_client = @saved_cs_client */;

--
-- Dumping data for table `dim_profile`
--

LOCK TABLES `dim_profile` WRITE;
/*!40000 ALTER TABLE `dim_profile` DISABLE KEYS */;
INSERT INTO `dim_profile` VALUES
(1,1,'chef de projet',1,1,'5_793977eca5748732abef83046033d48a_productive_active',5),
(2,1,'product owner',1,1,'6_a481cda0fffb05dd2e81b164e45c30b5_productive_active',6),
(3,1,'consultant',1,1,'9_7adfa4f2ba9323e6c1e024de375434b0_productive_active',9),
(4,1,'développeur fullstack',1,1,'1_5112294684f44f71f8fbbf3ce05a02da_productive_active',1),
(5,1,'UX designer',1,1,'13_3c36ab5b48712eed72ebb1c774073c1a_productive_active',13),
(6,1,'développeur frontend',1,1,'2_d7feb411b8e2bd0ca7962786378505dc_productive_active',2),
(7,1,'développeur backend',1,1,'3_b1d51ef3043261c4bed15cd2e0970ef0_productive_active',3),
(8,1,'Directeur artistique',1,1,'15_a1427d2d77d63a2db07456a9fe08c0e1_productive_active',15),
(9,1,'UI designer',1,1,'14_93d5fe93ef2ff4cb5e6b41f58b00c766_productive_active',14),
(10,1,'scrumm master',1,1,'7_ec074cc8d97958a0be7b73c2c3468906_productive_active',7);
/*!40000 ALTER TABLE `dim_profile` ENABLE KEYS */;
UNLOCK TABLES;

--
-- Table structure for table `dim_project_type`
--

DROP TABLE IF EXISTS `dim_project_type`;
/*!40101 SET @saved_cs_client     = @@character_set_client */;
/*!40101 SET character_set_client = utf8mb4 */;
CREATE TABLE `dim_project_type` (
  `id` int(11) NOT NULL AUTO_INCREMENT,
  `company_id` int(11) NOT NULL,
  `project_type` varchar(20) NOT NULL,
  `service_category` varchar(50) DEFAULT NULL,
  `status_value` varchar(20) NOT NULL,
  `is_internal` tinyint(4) NOT NULL,
  `composite_key` varchar(150) NOT NULL,
  PRIMARY KEY (`id`),
  UNIQUE KEY `UNIQ_EEC09CB113775659` (`composite_key`),
  KEY `idx_dim_project_type_company` (`company_id`),
  CONSTRAINT `fk_dim_project_type_company` FOREIGN KEY (`company_id`) REFERENCES `companies` (`id`) ON DELETE CASCADE
) ENGINE=InnoDB AUTO_INCREMENT=13 DEFAULT CHARSET=utf8mb4 COLLATE=utf8mb4_uca1400_ai_ci;
/*!40101 SET character_set_client = @saved_cs_client */;

--
-- Dumping data for table `dim_project_type`
--

LOCK TABLES `dim_project_type` WRITE;
/*!40000 ALTER TABLE `dim_project_type` DISABLE KEYS */;
INSERT INTO `dim_project_type` VALUES
(1,1,'forfait','E-commerce','active',0,'forfait_E-commerce_active_external'),
(2,1,'forfait','Brand','active',0,'forfait_Brand_active_external'),
(3,1,'regie','E-commerce','active',0,'regie_E-commerce_active_external'),
(4,1,'regie','Brand','active',0,'regie_Brand_active_external'),
(5,1,'forfait',NULL,'completed',0,'forfait_null_completed_external'),
(6,1,'forfait','E-commerce','active',1,'forfait_E-commerce_active_internal'),
(8,1,'regie','Mobile','active',0,'regie_Mobile_active_external'),
(9,1,'forfait',NULL,'in_progress',0,'forfait_null_in_progress_external'),
(10,1,'regie',NULL,'completed',0,'regie_null_completed_external'),
(11,1,'regie',NULL,'in_progress',0,'regie_null_in_progress_external'),
(12,1,'forfait','Corporate','active',0,'forfait_Corporate_active_external');
/*!40000 ALTER TABLE `dim_project_type` ENABLE KEYS */;
UNLOCK TABLES;

--
-- Table structure for table `dim_time`
--

DROP TABLE IF EXISTS `dim_time`;
/*!40101 SET @saved_cs_client     = @@character_set_client */;
/*!40101 SET character_set_client = utf8mb4 */;
CREATE TABLE `dim_time` (
  `id` int(11) NOT NULL AUTO_INCREMENT,
  `company_id` int(11) NOT NULL,
  `date_value` date NOT NULL,
  `year_value` int(11) NOT NULL,
  `quarter_value` int(11) NOT NULL,
  `month_value` int(11) NOT NULL,
  `period_year_month` varchar(20) NOT NULL,
  `period_year_quarter` varchar(20) NOT NULL,
  `month_name` varchar(50) NOT NULL,
  `quarter_name` varchar(50) NOT NULL,
  PRIMARY KEY (`id`),
  UNIQUE KEY `UNIQ_6F547BD9A787B0B8` (`date_value`),
  KEY `idx_dim_time_company` (`company_id`),
  CONSTRAINT `fk_dim_time_company` FOREIGN KEY (`company_id`) REFERENCES `companies` (`id`) ON DELETE CASCADE
) ENGINE=InnoDB AUTO_INCREMENT=90 DEFAULT CHARSET=utf8mb4 COLLATE=utf8mb4_uca1400_ai_ci;
/*!40101 SET character_set_client = @saved_cs_client */;

--
-- Dumping data for table `dim_time`
--

LOCK TABLES `dim_time` WRITE;
/*!40000 ALTER TABLE `dim_time` DISABLE KEYS */;
INSERT INTO `dim_time` VALUES
(26,1,'2025-01-01',2025,1,1,'2025-01','2025-Q1','Janvier 2025','Q1 2025'),
(27,1,'2025-02-01',2025,1,2,'2025-02','2025-Q1','Février 2025','Q1 2025'),
(28,1,'2025-03-01',2025,1,3,'2025-03','2025-Q1','Mars 2025','Q1 2025'),
(29,1,'2025-04-01',2025,2,4,'2025-04','2025-Q2','Avril 2025','Q2 2025'),
(30,1,'2025-05-01',2025,2,5,'2025-05','2025-Q2','Mai 2025','Q2 2025'),
(31,1,'2025-06-01',2025,2,6,'2025-06','2025-Q2','Juin 2025','Q2 2025'),
(32,1,'2025-07-01',2025,3,7,'2025-07','2025-Q3','Juillet 2025','Q3 2025'),
(33,1,'2025-08-01',2025,3,8,'2025-08','2025-Q3','Août 2025','Q3 2025'),
(34,1,'2025-09-01',2025,3,9,'2025-09','2025-Q3','Septembre 2025','Q3 2025'),
(35,1,'2025-10-01',2025,4,10,'2025-10','2025-Q4','Octobre 2025','Q4 2025'),
(36,1,'2025-11-01',2025,4,11,'2025-11','2025-Q4','Novembre 2025','Q4 2025'),
(37,1,'2025-12-01',2025,4,12,'2025-12','2025-Q4','Décembre 2025','Q4 2025'),
(38,1,'2025-12-09',2025,4,12,'2025-12','2025-Q4','Décembre 2025','Q4 2025'),
(39,1,'2025-01-08',2025,1,1,'2025-01','2025-Q1','Janvier 2025','Q1 2025'),
(40,1,'2025-01-15',2025,1,1,'2025-01','2025-Q1','Janvier 2025','Q1 2025'),
(41,1,'2025-01-22',2025,1,1,'2025-01','2025-Q1','Janvier 2025','Q1 2025'),
(42,1,'2025-01-29',2025,1,1,'2025-01','2025-Q1','Janvier 2025','Q1 2025'),
(43,1,'2025-02-05',2025,1,2,'2025-02','2025-Q1','Février 2025','Q1 2025'),
(44,1,'2025-02-12',2025,1,2,'2025-02','2025-Q1','Février 2025','Q1 2025'),
(45,1,'2025-02-19',2025,1,2,'2025-02','2025-Q1','Février 2025','Q1 2025'),
(46,1,'2025-02-26',2025,1,2,'2025-02','2025-Q1','Février 2025','Q1 2025'),
(47,1,'2025-03-05',2025,1,3,'2025-03','2025-Q1','Mars 2025','Q1 2025'),
(48,1,'2025-03-12',2025,1,3,'2025-03','2025-Q1','Mars 2025','Q1 2025'),
(49,1,'2025-03-19',2025,1,3,'2025-03','2025-Q1','Mars 2025','Q1 2025'),
(50,1,'2025-03-26',2025,1,3,'2025-03','2025-Q1','Mars 2025','Q1 2025'),
(51,1,'2025-04-02',2025,2,4,'2025-04','2025-Q2','Avril 2025','Q2 2025'),
(52,1,'2025-04-09',2025,2,4,'2025-04','2025-Q2','Avril 2025','Q2 2025'),
(53,1,'2025-04-16',2025,2,4,'2025-04','2025-Q2','Avril 2025','Q2 2025'),
(54,1,'2025-04-23',2025,2,4,'2025-04','2025-Q2','Avril 2025','Q2 2025'),
(55,1,'2025-04-30',2025,2,4,'2025-04','2025-Q2','Avril 2025','Q2 2025'),
(56,1,'2025-05-07',2025,2,5,'2025-05','2025-Q2','Mai 2025','Q2 2025'),
(57,1,'2025-05-14',2025,2,5,'2025-05','2025-Q2','Mai 2025','Q2 2025'),
(58,1,'2025-05-21',2025,2,5,'2025-05','2025-Q2','Mai 2025','Q2 2025'),
(59,1,'2025-05-28',2025,2,5,'2025-05','2025-Q2','Mai 2025','Q2 2025'),
(60,1,'2025-06-04',2025,2,6,'2025-06','2025-Q2','Juin 2025','Q2 2025'),
(61,1,'2025-06-11',2025,2,6,'2025-06','2025-Q2','Juin 2025','Q2 2025'),
(62,1,'2025-06-18',2025,2,6,'2025-06','2025-Q2','Juin 2025','Q2 2025'),
(63,1,'2025-06-25',2025,2,6,'2025-06','2025-Q2','Juin 2025','Q2 2025'),
(64,1,'2025-07-02',2025,3,7,'2025-07','2025-Q3','Juillet 2025','Q3 2025'),
(65,1,'2025-07-09',2025,3,7,'2025-07','2025-Q3','Juillet 2025','Q3 2025'),
(66,1,'2025-07-16',2025,3,7,'2025-07','2025-Q3','Juillet 2025','Q3 2025'),
(67,1,'2025-07-23',2025,3,7,'2025-07','2025-Q3','Juillet 2025','Q3 2025'),
(68,1,'2025-07-30',2025,3,7,'2025-07','2025-Q3','Juillet 2025','Q3 2025'),
(69,1,'2025-08-06',2025,3,8,'2025-08','2025-Q3','Août 2025','Q3 2025'),
(70,1,'2025-08-13',2025,3,8,'2025-08','2025-Q3','Août 2025','Q3 2025'),
(71,1,'2025-08-20',2025,3,8,'2025-08','2025-Q3','Août 2025','Q3 2025'),
(72,1,'2025-08-27',2025,3,8,'2025-08','2025-Q3','Août 2025','Q3 2025'),
(73,1,'2025-09-03',2025,3,9,'2025-09','2025-Q3','Septembre 2025','Q3 2025'),
(74,1,'2025-09-10',2025,3,9,'2025-09','2025-Q3','Septembre 2025','Q3 2025'),
(75,1,'2025-09-17',2025,3,9,'2025-09','2025-Q3','Septembre 2025','Q3 2025'),
(76,1,'2025-09-24',2025,3,9,'2025-09','2025-Q3','Septembre 2025','Q3 2025'),
(77,1,'2025-10-08',2025,4,10,'2025-10','2025-Q4','Octobre 2025','Q4 2025'),
(78,1,'2025-10-15',2025,4,10,'2025-10','2025-Q4','Octobre 2025','Q4 2025'),
(79,1,'2025-10-22',2025,4,10,'2025-10','2025-Q4','Octobre 2025','Q4 2025'),
(80,1,'2025-10-29',2025,4,10,'2025-10','2025-Q4','Octobre 2025','Q4 2025'),
(81,1,'2025-11-05',2025,4,11,'2025-11','2025-Q4','Novembre 2025','Q4 2025'),
(82,1,'2025-11-12',2025,4,11,'2025-11','2025-Q4','Novembre 2025','Q4 2025'),
(83,1,'2025-11-19',2025,4,11,'2025-11','2025-Q4','Novembre 2025','Q4 2025'),
(84,1,'2025-11-26',2025,4,11,'2025-11','2025-Q4','Novembre 2025','Q4 2025'),
(85,1,'2025-12-03',2025,4,12,'2025-12','2025-Q4','Décembre 2025','Q4 2025'),
(86,1,'2025-12-10',2025,4,12,'2025-12','2025-Q4','Décembre 2025','Q4 2025'),
(87,1,'2025-12-17',2025,4,12,'2025-12','2025-Q4','Décembre 2025','Q4 2025'),
(88,1,'2025-12-24',2025,4,12,'2025-12','2025-Q4','Décembre 2025','Q4 2025'),
(89,1,'2025-12-31',2025,4,12,'2025-12','2025-Q4','Décembre 2025','Q4 2025');
/*!40000 ALTER TABLE `dim_time` ENABLE KEYS */;
UNLOCK TABLES;

--
-- Table structure for table `doctrine_migration_versions`
--

DROP TABLE IF EXISTS `doctrine_migration_versions`;
/*!40101 SET @saved_cs_client     = @@character_set_client */;
/*!40101 SET character_set_client = utf8mb4 */;
CREATE TABLE `doctrine_migration_versions` (
  `version` varchar(191) NOT NULL,
  `executed_at` datetime DEFAULT NULL,
  `execution_time` int(11) DEFAULT NULL,
  PRIMARY KEY (`version`)
) ENGINE=InnoDB DEFAULT CHARSET=utf8mb4 COLLATE=utf8mb4_uca1400_ai_ci;
/*!40101 SET character_set_client = @saved_cs_client */;

--
-- Dumping data for table `doctrine_migration_versions`
--

LOCK TABLES `doctrine_migration_versions` WRITE;
/*!40000 ALTER TABLE `doctrine_migration_versions` DISABLE KEYS */;
INSERT INTO `doctrine_migration_versions` VALUES
('DoctrineMigrations\\Version20251015134957',NULL,NULL),
('DoctrineMigrations\\Version20251015140457',NULL,NULL),
('DoctrineMigrations\\Version20251015140742',NULL,NULL),
('DoctrineMigrations\\Version20251016054226',NULL,NULL),
('DoctrineMigrations\\Version20251016060656',NULL,NULL),
('DoctrineMigrations\\Version20251017063124',NULL,NULL),
('DoctrineMigrations\\Version20251017075300',NULL,NULL),
('DoctrineMigrations\\Version20251019155000',NULL,NULL),
('DoctrineMigrations\\Version20251019180800',NULL,NULL),
('DoctrineMigrations\\Version20251020060724',NULL,NULL),
('DoctrineMigrations\\Version20251020145307',NULL,NULL),
('DoctrineMigrations\\Version20251022142033',NULL,NULL),
('DoctrineMigrations\\Version20251025125106',NULL,NULL),
('DoctrineMigrations\\Version20251025125640',NULL,NULL),
('DoctrineMigrations\\Version20251025125743',NULL,NULL),
('DoctrineMigrations\\Version20251030130950',NULL,NULL),
('DoctrineMigrations\\Version20251030132639',NULL,NULL),
('DoctrineMigrations\\Version20251031142954',NULL,NULL),
('DoctrineMigrations\\Version20251031144057',NULL,NULL),
('DoctrineMigrations\\Version20251031150700',NULL,NULL),
('DoctrineMigrations\\Version20251031151200',NULL,NULL),
('DoctrineMigrations\\Version20251031152000',NULL,NULL),
('DoctrineMigrations\\Version20251106064753',NULL,NULL),
('DoctrineMigrations\\Version20251106094120',NULL,NULL),
('DoctrineMigrations\\Version20251106095000',NULL,NULL),
('DoctrineMigrations\\Version20251108090122',NULL,NULL),
('DoctrineMigrations\\Version20251108093424',NULL,NULL),
('DoctrineMigrations\\Version20251108100511',NULL,NULL),
('DoctrineMigrations\\Version20251108151552',NULL,NULL),
('DoctrineMigrations\\Version20251109084500',NULL,NULL),
('DoctrineMigrations\\Version20251109140530',NULL,NULL),
('DoctrineMigrations\\Version20251110124001',NULL,NULL),
('DoctrineMigrations\\Version20251112134649',NULL,NULL),
('DoctrineMigrations\\Version20251112142038',NULL,NULL),
('DoctrineMigrations\\Version20251117000000',NULL,NULL),
('DoctrineMigrations\\Version20251119151207',NULL,NULL),
('DoctrineMigrations\\Version20251119154924',NULL,NULL),
('DoctrineMigrations\\Version20251121125534',NULL,NULL),
('DoctrineMigrations\\Version20251124111501',NULL,NULL),
('DoctrineMigrations\\Version20251124165739',NULL,NULL),
('DoctrineMigrations\\Version20251124180716',NULL,NULL),
('DoctrineMigrations\\Version20251126081647',NULL,NULL),
('DoctrineMigrations\\Version20251126084956',NULL,NULL),
('DoctrineMigrations\\Version20251126123628',NULL,NULL),
('DoctrineMigrations\\Version20251126175617',NULL,NULL),
('DoctrineMigrations\\Version20251127140000',NULL,NULL),
('DoctrineMigrations\\Version20251127161859',NULL,NULL),
('DoctrineMigrations\\Version20251202101116',NULL,NULL),
('DoctrineMigrations\\Version20251205100637',NULL,NULL),
('DoctrineMigrations\\Version20251205103000',NULL,NULL),
('DoctrineMigrations\\Version20251206075844',NULL,NULL),
('DoctrineMigrations\\Version20251206155103',NULL,NULL),
('DoctrineMigrations\\Version20251209080000','2025-12-09 08:03:41',67),
('DoctrineMigrations\\Version20251209120000','2025-12-09 18:44:12',93),
('DoctrineMigrations\\Version20251210164520','2025-12-10 16:45:30',127),
('DoctrineMigrations\\Version20251215072132','2025-12-15 07:22:15',303),
('DoctrineMigrations\\Version20251219185551','2025-12-19 18:56:33',110),
('DoctrineMigrations\\Version20251220172900',NULL,NULL),
('DoctrineMigrations\\Version20251221075243','2025-12-21 07:56:54',36),
('DoctrineMigrations\\Version20251225182003','2025-12-25 18:21:42',49),
('DoctrineMigrations\\Version20251225182434','2025-12-25 18:25:06',28),
('DoctrineMigrations\\Version20251228113853','2025-12-28 11:43:00',122),
('DoctrineMigrations\\Version20251231092056','2025-12-31 09:26:44',220),
('DoctrineMigrations\\Version20251231092500','2025-12-31 09:26:44',116),
('DoctrineMigrations\\Version20251231092547','2025-12-31 09:30:13',162),
('DoctrineMigrations\\Version20251231100120','2025-12-31 10:03:37',175),
('DoctrineMigrations\\Version20251231124027','2025-12-31 12:43:56',114),
('DoctrineMigrations\\Version20251231124749','2025-12-31 12:49:09',101),
('DoctrineMigrations\\Version20251231125258','2025-12-31 12:54:45',66),
('DoctrineMigrations\\Version20251231125836','2025-12-31 13:00:09',335);
/*!40000 ALTER TABLE `doctrine_migration_versions` ENABLE KEYS */;
UNLOCK TABLES;

--
-- Table structure for table `employment_period_profiles`
--

DROP TABLE IF EXISTS `employment_period_profiles`;
/*!40101 SET @saved_cs_client     = @@character_set_client */;
/*!40101 SET character_set_client = utf8mb4 */;
CREATE TABLE `employment_period_profiles` (
  `employment_period_id` int(11) NOT NULL,
  `profile_id` int(11) NOT NULL,
  PRIMARY KEY (`employment_period_id`,`profile_id`),
  KEY `IDX_A643DBB15A128608` (`employment_period_id`),
  KEY `IDX_A643DBB1CCFA12B8` (`profile_id`),
  CONSTRAINT `FK_A643DBB15A128608` FOREIGN KEY (`employment_period_id`) REFERENCES `employment_periods` (`id`) ON DELETE CASCADE,
  CONSTRAINT `FK_A643DBB1CCFA12B8` FOREIGN KEY (`profile_id`) REFERENCES `profiles` (`id`) ON DELETE CASCADE
) ENGINE=InnoDB DEFAULT CHARSET=utf8mb4 COLLATE=utf8mb4_uca1400_ai_ci;
/*!40101 SET character_set_client = @saved_cs_client */;

--
-- Dumping data for table `employment_period_profiles`
--

LOCK TABLES `employment_period_profiles` WRITE;
/*!40000 ALTER TABLE `employment_period_profiles` DISABLE KEYS */;
INSERT INTO `employment_period_profiles` VALUES
(1,1),
(2,1),
(3,1),
(4,1),
(5,1),
(5,15),
(6,1),
(7,2),
(8,2),
(9,2),
(10,2),
(11,2),
(12,3),
(13,3),
(14,3),
(15,3),
(16,5),
(17,5),
(18,5),
(19,5),
(20,6),
(21,6),
(22,7),
(23,9),
(24,15),
(25,13),
(26,14),
(28,1),
(29,1),
(30,1),
(31,1),
(32,1),
(33,1),
(34,2),
(35,2),
(36,2),
(37,2),
(38,2),
(39,3),
(40,3),
(41,3),
(42,3),
(43,5),
(44,5),
(45,5),
(46,5),
(47,6),
(48,9),
(49,7),
(50,9),
(51,13),
(52,14),
(53,1),
(53,2),
(53,3),
(54,1),
(54,2),
(54,3);
/*!40000 ALTER TABLE `employment_period_profiles` ENABLE KEYS */;
UNLOCK TABLES;

--
-- Table structure for table `employment_periods`
--

DROP TABLE IF EXISTS `employment_periods`;
/*!40101 SET @saved_cs_client     = @@character_set_client */;
/*!40101 SET character_set_client = utf8mb4 */;
CREATE TABLE `employment_periods` (
  `id` int(11) NOT NULL AUTO_INCREMENT,
  `company_id` int(11) NOT NULL,
  `salary` decimal(10,2) DEFAULT NULL,
  `cjm` decimal(10,2) DEFAULT NULL,
  `tjm` decimal(10,2) DEFAULT NULL,
  `weekly_hours` decimal(5,2) NOT NULL DEFAULT 35.00,
  `work_time_percentage` decimal(5,2) NOT NULL DEFAULT 100.00,
  `start_date` date NOT NULL,
  `end_date` date DEFAULT NULL,
  `notes` longtext DEFAULT NULL,
  `contributor_id` int(11) NOT NULL,
  PRIMARY KEY (`id`),
  KEY `IDX_B996D77B7A19A357` (`contributor_id`),
  KEY `idx_employment_period_company` (`company_id`),
  CONSTRAINT `FK_B996D77B7A19A357` FOREIGN KEY (`contributor_id`) REFERENCES `contributors` (`id`) ON DELETE CASCADE,
  CONSTRAINT `fk_employment_period_company` FOREIGN KEY (`company_id`) REFERENCES `companies` (`id`) ON DELETE CASCADE
) ENGINE=InnoDB AUTO_INCREMENT=55 DEFAULT CHARSET=utf8mb4 COLLATE=utf8mb4_uca1400_ai_ci;
/*!40101 SET character_set_client = @saved_cs_client */;

--
-- Dumping data for table `employment_periods`
--

LOCK TABLES `employment_periods` WRITE;
/*!40000 ALTER TABLE `employment_periods` DISABLE KEYS */;
INSERT INTO `employment_periods` VALUES
(1,1,NULL,NULL,NULL,35.00,100.00,'2025-01-01',NULL,NULL,1),
(2,1,NULL,NULL,NULL,35.00,100.00,'2025-01-01',NULL,NULL,2),
(3,1,NULL,NULL,NULL,35.00,100.00,'2025-01-01',NULL,NULL,3),
(4,1,NULL,NULL,NULL,35.00,100.00,'2025-01-01',NULL,NULL,4),
(5,1,NULL,NULL,NULL,35.00,100.00,'2025-01-01',NULL,NULL,5),
(6,1,NULL,NULL,NULL,35.00,100.00,'2025-01-01',NULL,NULL,6),
(7,1,NULL,NULL,NULL,35.00,100.00,'2025-01-01',NULL,NULL,7),
(8,1,NULL,NULL,NULL,35.00,100.00,'2025-01-01',NULL,NULL,8),
(9,1,NULL,NULL,NULL,35.00,100.00,'2025-01-01',NULL,NULL,9),
(10,1,NULL,NULL,NULL,35.00,100.00,'2025-01-01',NULL,NULL,10),
(11,1,NULL,NULL,NULL,35.00,100.00,'2025-01-01',NULL,NULL,11),
(12,1,NULL,NULL,NULL,35.00,100.00,'2025-01-01',NULL,NULL,12),
(13,1,NULL,NULL,NULL,35.00,100.00,'2025-01-01',NULL,NULL,13),
(14,1,NULL,NULL,NULL,35.00,100.00,'2025-01-01',NULL,NULL,14),
(15,1,NULL,NULL,NULL,35.00,100.00,'2025-01-01',NULL,NULL,15),
(16,1,NULL,NULL,NULL,35.00,100.00,'2025-01-01',NULL,NULL,16),
(17,1,NULL,NULL,NULL,35.00,100.00,'2025-01-01',NULL,NULL,17),
(18,1,NULL,NULL,NULL,35.00,100.00,'2025-01-01',NULL,NULL,18),
(19,1,NULL,NULL,NULL,35.00,100.00,'2025-01-01',NULL,NULL,19),
(20,1,NULL,NULL,NULL,35.00,100.00,'2025-01-01',NULL,NULL,20),
(21,1,NULL,NULL,NULL,35.00,100.00,'2025-01-01',NULL,NULL,21),
(22,1,NULL,NULL,NULL,35.00,100.00,'2025-01-01',NULL,NULL,22),
(23,1,NULL,NULL,NULL,35.00,100.00,'2025-01-01',NULL,NULL,23),
(24,1,NULL,NULL,NULL,35.00,100.00,'2025-01-01',NULL,NULL,24),
(25,1,NULL,NULL,NULL,35.00,100.00,'2025-01-01',NULL,NULL,25),
(26,1,NULL,NULL,NULL,35.00,100.00,'2025-01-01',NULL,NULL,26),
(27,1,NULL,NULL,NULL,35.00,100.00,'2025-01-01',NULL,NULL,27),
(28,1,NULL,NULL,NULL,35.00,100.00,'2025-01-01',NULL,NULL,28),
(29,1,NULL,NULL,NULL,35.00,100.00,'2025-01-01',NULL,NULL,29),
(30,1,NULL,NULL,NULL,35.00,100.00,'2025-01-01',NULL,NULL,30),
(31,1,NULL,NULL,NULL,35.00,100.00,'2025-01-01',NULL,NULL,31),
(32,1,NULL,NULL,NULL,35.00,100.00,'2025-01-01',NULL,NULL,32),
(33,1,NULL,NULL,NULL,35.00,100.00,'2025-01-01',NULL,NULL,33),
(34,1,NULL,NULL,NULL,35.00,100.00,'2025-01-01',NULL,NULL,34),
(35,1,NULL,NULL,NULL,35.00,100.00,'2025-01-01',NULL,NULL,35),
(36,1,NULL,NULL,NULL,35.00,100.00,'2025-01-01',NULL,NULL,36),
(37,1,NULL,NULL,NULL,35.00,100.00,'2025-01-01',NULL,NULL,37),
(38,1,NULL,NULL,NULL,35.00,100.00,'2025-01-01',NULL,NULL,38),
(39,1,NULL,NULL,NULL,35.00,100.00,'2025-01-01',NULL,NULL,39),
(40,1,NULL,NULL,NULL,35.00,100.00,'2025-01-01',NULL,NULL,40),
(41,1,NULL,NULL,NULL,35.00,100.00,'2025-01-01',NULL,NULL,41),
(42,1,NULL,NULL,NULL,35.00,100.00,'2025-01-01',NULL,NULL,42),
(43,1,NULL,NULL,NULL,35.00,100.00,'2025-01-01',NULL,NULL,43),
(44,1,4000.00,435.00,650.00,35.00,100.00,'2025-01-01',NULL,'',44),
(45,1,NULL,NULL,NULL,35.00,100.00,'2025-01-01',NULL,NULL,45),
(46,1,NULL,NULL,NULL,35.00,100.00,'2025-01-01',NULL,NULL,46),
(47,1,NULL,NULL,NULL,35.00,100.00,'2025-01-01',NULL,NULL,47),
(48,1,5800.00,630.75,1000.00,39.00,100.00,'2025-01-01',NULL,'',48),
(49,1,NULL,NULL,NULL,35.00,100.00,'2025-01-01',NULL,NULL,49),
(50,1,NULL,NULL,NULL,35.00,100.00,'2025-01-01',NULL,NULL,50),
(51,1,NULL,NULL,NULL,35.00,100.00,'2025-01-01',NULL,NULL,51),
(52,1,NULL,NULL,NULL,35.00,100.00,'2025-01-01',NULL,NULL,52),
(53,1,3800.00,413.25,550.00,35.00,100.00,'2025-12-01','2025-12-01','',53),
(54,1,3400.00,369.75,580.00,35.00,100.00,'2025-12-11',NULL,'',54);
/*!40000 ALTER TABLE `employment_periods` ENABLE KEYS */;
UNLOCK TABLES;

--
-- Table structure for table `expense_reports`
--

DROP TABLE IF EXISTS `expense_reports`;
/*!40101 SET @saved_cs_client     = @@character_set_client */;
/*!40101 SET character_set_client = utf8mb4 */;
CREATE TABLE `expense_reports` (
  `id` int(11) NOT NULL AUTO_INCREMENT,
  `contributor_id` int(11) NOT NULL,
  `project_id` int(11) DEFAULT NULL,
  `order_id` int(11) DEFAULT NULL,
  `validator_id` int(11) DEFAULT NULL,
  `expense_date` date NOT NULL,
  `category` varchar(50) NOT NULL,
  `description` longtext NOT NULL,
  `amount_ht` decimal(10,2) NOT NULL,
  `vat_rate` decimal(5,2) NOT NULL,
  `amount_ttc` decimal(10,2) NOT NULL,
  `status` varchar(20) NOT NULL,
  `file_path` varchar(255) DEFAULT NULL,
  `validated_at` datetime DEFAULT NULL,
  `validation_comment` longtext DEFAULT NULL,
  `paid_at` datetime DEFAULT NULL,
  `created_at` datetime NOT NULL,
  `updated_at` datetime NOT NULL,
  PRIMARY KEY (`id`),
  KEY `IDX_9C04EC7F166D1F9C` (`project_id`),
  KEY `IDX_9C04EC7F8D9F6D38` (`order_id`),
  KEY `IDX_9C04EC7FB0644AEC` (`validator_id`),
  KEY `IDX_9C04EC7F7A19A357` (`contributor_id`),
  CONSTRAINT `FK_9BFFDAB7166D1F9C` FOREIGN KEY (`project_id`) REFERENCES `projects` (`id`) ON DELETE SET NULL,
  CONSTRAINT `FK_9BFFDAB77A19A357` FOREIGN KEY (`contributor_id`) REFERENCES `contributors` (`id`) ON DELETE CASCADE,
  CONSTRAINT `FK_9BFFDAB78D9F6D38` FOREIGN KEY (`order_id`) REFERENCES `orders` (`id`) ON DELETE SET NULL,
  CONSTRAINT `FK_9BFFDAB7BBE10C72` FOREIGN KEY (`validator_id`) REFERENCES `users` (`id`) ON DELETE SET NULL
) ENGINE=InnoDB AUTO_INCREMENT=2 DEFAULT CHARSET=utf8mb4 COLLATE=utf8mb4_unicode_ci;
/*!40101 SET character_set_client = @saved_cs_client */;

--
-- Dumping data for table `expense_reports`
--

LOCK TABLES `expense_reports` WRITE;
/*!40000 ALTER TABLE `expense_reports` DISABLE KEYS */;
INSERT INTO `expense_reports` VALUES
(1,27,56,NULL,6,'2025-12-05','transport','parking',6.90,20.00,8.28,'validated','avatar-femme-6937f426eca26.png','2025-12-09 10:27:25',NULL,NULL,'2025-12-09 10:04:22','2025-12-09 10:27:25');
/*!40000 ALTER TABLE `expense_reports` ENABLE KEYS */;
UNLOCK TABLES;

--
-- Table structure for table `fact_forecast`
--

DROP TABLE IF EXISTS `fact_forecast`;
/*!40101 SET @saved_cs_client     = @@character_set_client */;
/*!40101 SET character_set_client = utf8mb4 */;
CREATE TABLE `fact_forecast` (
  `id` int(11) NOT NULL AUTO_INCREMENT,
  `company_id` int(11) NOT NULL,
  `period_start` date NOT NULL,
  `period_end` date NOT NULL,
  `scenario` varchar(20) NOT NULL,
  `predicted_revenue` decimal(10,2) NOT NULL,
  `confidence_min` decimal(10,2) DEFAULT NULL,
  `confidence_max` decimal(10,2) DEFAULT NULL,
  `actual_revenue` decimal(10,2) DEFAULT NULL,
  `accuracy` decimal(5,2) DEFAULT NULL,
  `metadata` longtext CHARACTER SET utf8mb4 COLLATE utf8mb4_bin DEFAULT NULL CHECK (json_valid(`metadata`)),
  `created_at` datetime NOT NULL,
  PRIMARY KEY (`id`),
  KEY `idx_period` (`period_start`,`period_end`),
  KEY `idx_scenario` (`scenario`),
  KEY `idx_created_at` (`created_at`),
  KEY `idx_fact_forecast_company` (`company_id`),
  CONSTRAINT `fk_fact_forecast_company` FOREIGN KEY (`company_id`) REFERENCES `companies` (`id`) ON DELETE CASCADE
) ENGINE=InnoDB AUTO_INCREMENT=37 DEFAULT CHARSET=utf8mb4 COLLATE=utf8mb4_unicode_ci;
/*!40101 SET character_set_client = @saved_cs_client */;

--
-- Dumping data for table `fact_forecast`
--

LOCK TABLES `fact_forecast` WRITE;
/*!40000 ALTER TABLE `fact_forecast` DISABLE KEYS */;
INSERT INTO `fact_forecast` VALUES
(1,1,'2026-01-01','2026-01-31','realistic',48450.00,41182.50,55717.50,NULL,NULL,'{\"method\":\"mock_data\",\"seasonality_factor\":0.95,\"trend_growth\":1.02}','2025-12-10 08:19:24'),
(2,1,'2026-01-01','2026-01-31','optimistic',53295.00,39971.25,66618.75,NULL,NULL,'{\"method\":\"mock_data\",\"seasonality_factor\":0.95,\"trend_growth\":1.02}','2025-12-10 08:19:24'),
(3,1,'2026-01-01','2026-01-31','pessimistic',41182.50,30886.88,51478.13,NULL,NULL,'{\"method\":\"mock_data\",\"seasonality_factor\":0.95,\"trend_growth\":1.02}','2025-12-10 08:19:24'),
(4,1,'2026-02-01','2026-02-28','realistic',49400.00,41990.00,56810.00,NULL,NULL,'{\"method\":\"mock_data\",\"seasonality_factor\":0.95,\"trend_growth\":1.04}','2025-12-10 08:19:24'),
(5,1,'2026-02-01','2026-02-28','optimistic',54340.00,40755.00,67925.00,NULL,NULL,'{\"method\":\"mock_data\",\"seasonality_factor\":0.95,\"trend_growth\":1.04}','2025-12-10 08:19:24'),
(6,1,'2026-02-01','2026-02-28','pessimistic',41990.00,31492.50,52487.50,NULL,NULL,'{\"method\":\"mock_data\",\"seasonality_factor\":0.95,\"trend_growth\":1.04}','2025-12-10 08:19:24'),
(7,1,'2026-03-01','2026-03-31','realistic',55650.00,47302.50,63997.50,NULL,NULL,'{\"method\":\"mock_data\",\"seasonality_factor\":1.05,\"trend_growth\":1.06}','2025-12-10 08:19:24'),
(8,1,'2026-03-01','2026-03-31','optimistic',61215.00,45911.25,76518.75,NULL,NULL,'{\"method\":\"mock_data\",\"seasonality_factor\":1.05,\"trend_growth\":1.06}','2025-12-10 08:19:24'),
(9,1,'2026-03-01','2026-03-31','pessimistic',47302.50,35476.88,59128.13,NULL,NULL,'{\"method\":\"mock_data\",\"seasonality_factor\":1.05,\"trend_growth\":1.06}','2025-12-10 08:19:24'),
(10,1,'2026-04-01','2026-04-30','realistic',59400.00,50490.00,68310.00,NULL,NULL,'{\"method\":\"mock_data\",\"seasonality_factor\":1.1,\"trend_growth\":1.08}','2025-12-10 08:19:24'),
(11,1,'2026-04-01','2026-04-30','optimistic',65340.00,49005.00,81675.00,NULL,NULL,'{\"method\":\"mock_data\",\"seasonality_factor\":1.1,\"trend_growth\":1.08}','2025-12-10 08:19:24'),
(12,1,'2026-04-01','2026-04-30','pessimistic',50490.00,37867.50,63112.50,NULL,NULL,'{\"method\":\"mock_data\",\"seasonality_factor\":1.1,\"trend_growth\":1.08}','2025-12-10 08:19:24'),
(13,1,'2026-05-01','2026-05-31','realistic',60500.00,51425.00,69575.00,NULL,NULL,'{\"method\":\"mock_data\",\"seasonality_factor\":1.1,\"trend_growth\":1.1}','2025-12-10 08:19:24'),
(14,1,'2026-05-01','2026-05-31','optimistic',66550.00,49912.50,83187.50,NULL,NULL,'{\"method\":\"mock_data\",\"seasonality_factor\":1.1,\"trend_growth\":1.1}','2025-12-10 08:19:24'),
(15,1,'2026-05-01','2026-05-31','pessimistic',51425.00,38568.75,64281.25,NULL,NULL,'{\"method\":\"mock_data\",\"seasonality_factor\":1.1,\"trend_growth\":1.1}','2025-12-10 08:19:24'),
(16,1,'2026-06-01','2026-06-30','realistic',58800.00,49980.00,67620.00,NULL,NULL,'{\"method\":\"mock_data\",\"seasonality_factor\":1.05,\"trend_growth\":1.12}','2025-12-10 08:19:24'),
(17,1,'2026-06-01','2026-06-30','optimistic',64680.00,48510.00,80850.00,NULL,NULL,'{\"method\":\"mock_data\",\"seasonality_factor\":1.05,\"trend_growth\":1.12}','2025-12-10 08:19:24'),
(18,1,'2026-06-01','2026-06-30','pessimistic',49980.00,37485.00,62475.00,NULL,NULL,'{\"method\":\"mock_data\",\"seasonality_factor\":1.05,\"trend_growth\":1.12}','2025-12-10 08:19:24'),
(19,1,'2026-07-01','2026-07-31','realistic',48450.00,41182.50,55717.50,NULL,NULL,'{\"method\":\"mock_data\",\"seasonality_factor\":0.85,\"trend_growth\":1.1400000000000001}','2025-12-10 08:19:24'),
(20,1,'2026-07-01','2026-07-31','optimistic',53295.00,39971.25,66618.75,NULL,NULL,'{\"method\":\"mock_data\",\"seasonality_factor\":0.85,\"trend_growth\":1.1400000000000001}','2025-12-10 08:19:24'),
(21,1,'2026-07-01','2026-07-31','pessimistic',41182.50,30886.88,51478.13,NULL,NULL,'{\"method\":\"mock_data\",\"seasonality_factor\":0.85,\"trend_growth\":1.1400000000000001}','2025-12-10 08:19:24'),
(22,1,'2026-08-01','2026-08-31','realistic',49300.00,41905.00,56695.00,NULL,NULL,'{\"method\":\"mock_data\",\"seasonality_factor\":0.85,\"trend_growth\":1.16}','2025-12-10 08:19:24'),
(23,1,'2026-08-01','2026-08-31','optimistic',54230.00,40672.50,67787.50,NULL,NULL,'{\"method\":\"mock_data\",\"seasonality_factor\":0.85,\"trend_growth\":1.16}','2025-12-10 08:19:24'),
(24,1,'2026-08-01','2026-08-31','pessimistic',41905.00,31428.75,52381.25,NULL,NULL,'{\"method\":\"mock_data\",\"seasonality_factor\":0.85,\"trend_growth\":1.16}','2025-12-10 08:19:24'),
(25,1,'2026-09-01','2026-09-30','realistic',64900.00,55165.00,74635.00,NULL,NULL,'{\"method\":\"mock_data\",\"seasonality_factor\":1.1,\"trend_growth\":1.18}','2025-12-10 08:19:24'),
(26,1,'2026-09-01','2026-09-30','optimistic',71390.00,53542.50,89237.50,NULL,NULL,'{\"method\":\"mock_data\",\"seasonality_factor\":1.1,\"trend_growth\":1.18}','2025-12-10 08:19:24'),
(27,1,'2026-09-01','2026-09-30','pessimistic',55165.00,41373.75,68956.25,NULL,NULL,'{\"method\":\"mock_data\",\"seasonality_factor\":1.1,\"trend_growth\":1.18}','2025-12-10 08:19:24'),
(28,1,'2026-10-01','2026-10-31','realistic',69000.00,58650.00,79350.00,NULL,NULL,'{\"method\":\"mock_data\",\"seasonality_factor\":1.15,\"trend_growth\":1.2}','2025-12-10 08:19:24'),
(29,1,'2026-10-01','2026-10-31','optimistic',75900.00,56925.00,94875.00,NULL,NULL,'{\"method\":\"mock_data\",\"seasonality_factor\":1.15,\"trend_growth\":1.2}','2025-12-10 08:19:24'),
(30,1,'2026-10-01','2026-10-31','pessimistic',58650.00,43987.50,73312.50,NULL,NULL,'{\"method\":\"mock_data\",\"seasonality_factor\":1.15,\"trend_growth\":1.2}','2025-12-10 08:19:24'),
(31,1,'2026-11-01','2026-11-30','realistic',73200.00,62220.00,84180.00,NULL,NULL,'{\"method\":\"mock_data\",\"seasonality_factor\":1.2,\"trend_growth\":1.22}','2025-12-10 08:19:24'),
(32,1,'2026-11-01','2026-11-30','optimistic',80520.00,60390.00,100650.00,NULL,NULL,'{\"method\":\"mock_data\",\"seasonality_factor\":1.2,\"trend_growth\":1.22}','2025-12-10 08:19:24'),
(33,1,'2026-11-01','2026-11-30','pessimistic',62220.00,46665.00,77775.00,NULL,NULL,'{\"method\":\"mock_data\",\"seasonality_factor\":1.2,\"trend_growth\":1.22}','2025-12-10 08:19:24'),
(34,1,'2026-12-01','2026-12-31','realistic',71300.00,60605.00,81995.00,NULL,NULL,'{\"method\":\"mock_data\",\"seasonality_factor\":1.15,\"trend_growth\":1.24}','2025-12-10 08:19:24'),
(35,1,'2026-12-01','2026-12-31','optimistic',78430.00,58822.50,98037.50,NULL,NULL,'{\"method\":\"mock_data\",\"seasonality_factor\":1.15,\"trend_growth\":1.24}','2025-12-10 08:19:24'),
(36,1,'2026-12-01','2026-12-31','pessimistic',60605.00,45453.75,75756.25,NULL,NULL,'{\"method\":\"mock_data\",\"seasonality_factor\":1.15,\"trend_growth\":1.24}','2025-12-10 08:19:24');
/*!40000 ALTER TABLE `fact_forecast` ENABLE KEYS */;
UNLOCK TABLES;

--
-- Table structure for table `fact_project_metrics`
--

DROP TABLE IF EXISTS `fact_project_metrics`;
/*!40101 SET @saved_cs_client     = @@character_set_client */;
/*!40101 SET character_set_client = utf8mb4 */;
CREATE TABLE `fact_project_metrics` (
  `id` int(11) NOT NULL AUTO_INCREMENT,
  `company_id` int(11) NOT NULL,
  `project_count` int(11) NOT NULL,
  `active_project_count` int(11) NOT NULL,
  `completed_project_count` int(11) NOT NULL,
  `order_count` int(11) NOT NULL,
  `pending_order_count` int(11) NOT NULL,
  `won_order_count` int(11) NOT NULL,
  `signed_order_count` int(11) NOT NULL,
  `lost_order_count` int(11) NOT NULL,
  `contributor_count` int(11) NOT NULL,
  `total_revenue` decimal(15,2) NOT NULL,
  `total_costs` decimal(15,2) NOT NULL,
  `gross_margin` decimal(15,2) NOT NULL,
  `margin_percentage` decimal(5,2) NOT NULL,
  `pending_revenue` decimal(15,2) NOT NULL,
  `average_order_value` decimal(15,2) NOT NULL,
  `total_sold_days` decimal(10,2) NOT NULL,
  `total_worked_days` decimal(10,2) NOT NULL,
  `utilization_rate` decimal(5,2) NOT NULL,
  `calculated_at` datetime NOT NULL,
  `granularity` varchar(50) NOT NULL,
  `dim_time_id` int(11) NOT NULL,
  `dim_project_type_id` int(11) NOT NULL,
  `dim_project_manager_id` int(11) DEFAULT NULL,
  `dim_sales_person_id` int(11) DEFAULT NULL,
  `dim_project_director_id` int(11) DEFAULT NULL,
  `project_id` int(11) DEFAULT NULL,
  `order_id` int(11) DEFAULT NULL,
  PRIMARY KEY (`id`),
  UNIQUE KEY `unique_fact_metrics` (`dim_time_id`,`dim_project_type_id`,`dim_project_manager_id`,`dim_sales_person_id`,`dim_project_director_id`,`granularity`,`project_id`,`order_id`),
  KEY `IDX_27991A9444D4FE30` (`dim_time_id`),
  KEY `IDX_27991A94E44D565F` (`dim_project_type_id`),
  KEY `IDX_27991A94EC5B4665` (`dim_project_manager_id`),
  KEY `IDX_27991A94AA2A35A7` (`dim_sales_person_id`),
  KEY `IDX_27991A9460687321` (`dim_project_director_id`),
  KEY `IDX_27991A94166D1F9C` (`project_id`),
  KEY `IDX_27991A948D9F6D38` (`order_id`),
  KEY `idx_fact_project_metrics_company` (`company_id`),
  CONSTRAINT `FK_27991A94166D1F9C` FOREIGN KEY (`project_id`) REFERENCES `projects` (`id`),
  CONSTRAINT `FK_27991A9444D4FE30` FOREIGN KEY (`dim_time_id`) REFERENCES `dim_time` (`id`),
  CONSTRAINT `FK_27991A9460687321` FOREIGN KEY (`dim_project_director_id`) REFERENCES `dim_contributor` (`id`),
  CONSTRAINT `FK_27991A948D9F6D38` FOREIGN KEY (`order_id`) REFERENCES `orders` (`id`),
  CONSTRAINT `FK_27991A94AA2A35A7` FOREIGN KEY (`dim_sales_person_id`) REFERENCES `dim_contributor` (`id`),
  CONSTRAINT `FK_27991A94E44D565F` FOREIGN KEY (`dim_project_type_id`) REFERENCES `dim_project_type` (`id`),
  CONSTRAINT `FK_27991A94EC5B4665` FOREIGN KEY (`dim_project_manager_id`) REFERENCES `dim_contributor` (`id`),
  CONSTRAINT `fk_fact_project_metrics_company` FOREIGN KEY (`company_id`) REFERENCES `companies` (`id`) ON DELETE CASCADE
) ENGINE=InnoDB AUTO_INCREMENT=58 DEFAULT CHARSET=utf8mb4 COLLATE=utf8mb4_uca1400_ai_ci;
/*!40101 SET character_set_client = @saved_cs_client */;

--
-- Dumping data for table `fact_project_metrics`
--

LOCK TABLES `fact_project_metrics` WRITE;
/*!40000 ALTER TABLE `fact_project_metrics` DISABLE KEYS */;
INSERT INTO `fact_project_metrics` VALUES
(1,1,3,3,0,0,0,0,0,0,0,0.00,0.00,0.00,0.00,0.00,0.00,0.00,0.00,0.00,'2025-12-17 17:22:14','monthly',26,8,7,NULL,8,2,NULL),
(2,1,27,0,27,27,0,27,18,0,0,3276900.00,0.00,3276900.00,100.00,0.00,121366.66,0.00,0.00,0.00,'2025-12-17 17:22:14','monthly',26,5,7,NULL,NULL,40,36),
(3,1,6,0,0,6,0,6,6,0,0,223200.00,0.00,223200.00,100.00,0.00,37200.00,0.00,0.00,0.00,'2025-12-17 17:22:14','monthly',26,9,7,NULL,NULL,41,37),
(4,1,6,0,6,6,0,6,6,0,0,588000.00,0.00,588000.00,100.00,0.00,98000.00,0.00,0.00,0.00,'2025-12-17 17:22:14','monthly',26,10,7,NULL,NULL,37,33),
(5,1,3,0,0,3,0,3,3,0,0,264600.00,0.00,264600.00,100.00,0.00,88200.00,0.00,0.00,0.00,'2025-12-17 17:22:14','monthly',26,11,7,NULL,NULL,42,38),
(6,1,3,3,0,0,0,0,0,0,0,0.00,0.00,0.00,0.00,0.00,0.00,0.00,0.00,0.00,'2025-12-17 17:22:14','monthly',27,8,7,NULL,8,2,NULL),
(7,1,27,0,27,27,0,27,18,0,0,3879900.00,0.00,3879900.00,100.00,0.00,143700.00,0.00,0.00,0.00,'2025-12-17 17:22:14','monthly',27,5,7,NULL,NULL,45,41),
(8,1,9,0,9,9,0,9,9,0,0,760800.00,0.00,760800.00,100.00,0.00,84533.33,0.00,0.00,0.00,'2025-12-17 17:22:14','monthly',27,10,7,NULL,NULL,44,40),
(9,1,3,0,0,3,0,3,3,0,0,151200.00,0.00,151200.00,100.00,0.00,50400.00,0.00,0.00,0.00,'2025-12-17 17:22:14','monthly',27,9,7,NULL,NULL,41,37),
(10,1,3,0,0,3,0,3,3,0,0,264600.00,0.00,264600.00,100.00,0.00,88200.00,0.00,0.00,0.00,'2025-12-17 17:22:14','monthly',27,11,7,NULL,NULL,42,38),
(11,1,3,3,0,0,0,0,0,0,0,0.00,0.00,0.00,0.00,0.00,0.00,0.00,0.00,0.00,'2025-12-17 17:22:14','monthly',28,8,7,NULL,8,2,NULL),
(12,1,27,0,27,27,0,27,24,0,0,3718500.00,0.00,3718500.00,100.00,0.00,137722.22,0.00,0.00,0.00,'2025-12-17 17:22:14','monthly',28,5,7,NULL,NULL,48,44),
(13,1,12,0,12,12,0,12,12,0,0,975300.00,0.00,975300.00,100.00,0.00,81275.00,0.00,0.00,0.00,'2025-12-17 17:22:14','monthly',28,10,7,NULL,NULL,47,43),
(14,1,3,0,0,3,0,3,3,0,0,151200.00,0.00,151200.00,100.00,0.00,50400.00,0.00,0.00,0.00,'2025-12-17 17:22:14','monthly',28,9,7,NULL,NULL,41,37),
(15,1,3,0,0,3,0,3,3,0,0,264600.00,0.00,264600.00,100.00,0.00,88200.00,0.00,0.00,0.00,'2025-12-17 17:22:14','monthly',28,11,7,NULL,NULL,42,38),
(16,1,24,0,24,24,0,24,21,0,0,3327900.00,0.00,3327900.00,100.00,0.00,138662.50,0.00,0.00,0.00,'2025-12-17 17:22:14','monthly',29,5,7,NULL,NULL,51,47),
(17,1,12,0,12,12,0,12,12,0,0,1011300.00,0.00,1011300.00,100.00,0.00,84275.00,0.00,0.00,0.00,'2025-12-17 17:22:14','monthly',29,10,7,NULL,NULL,50,46),
(18,1,6,0,0,6,0,6,6,0,0,547200.00,0.00,547200.00,100.00,0.00,91200.00,0.00,0.00,0.00,'2025-12-17 17:22:14','monthly',29,9,7,NULL,NULL,49,45),
(19,1,3,0,0,3,0,3,3,0,0,264600.00,0.00,264600.00,100.00,0.00,88200.00,0.00,0.00,0.00,'2025-12-17 17:22:14','monthly',29,11,7,NULL,NULL,42,38),
(20,1,21,0,21,21,0,21,21,0,0,2793600.00,0.00,2793600.00,100.00,0.00,133028.57,0.00,0.00,0.00,'2025-12-17 17:22:14','monthly',30,5,7,NULL,NULL,54,50),
(21,1,12,0,12,12,0,12,12,0,0,1011300.00,0.00,1011300.00,100.00,0.00,84275.00,0.00,0.00,0.00,'2025-12-17 17:22:14','monthly',30,10,7,NULL,NULL,50,46),
(22,1,6,0,0,6,0,6,6,0,0,547200.00,0.00,547200.00,100.00,0.00,91200.00,0.00,0.00,0.00,'2025-12-17 17:22:14','monthly',30,9,7,NULL,NULL,49,45),
(23,1,3,0,0,3,0,3,0,0,0,201000.00,0.00,201000.00,100.00,0.00,67000.00,0.00,0.00,0.00,'2025-12-17 17:22:14','monthly',30,11,7,NULL,NULL,52,48),
(24,1,15,0,15,15,0,15,15,0,0,1398897.00,0.00,1398897.00,100.00,0.00,93259.80,0.00,0.00,0.00,'2025-12-17 17:22:14','monthly',31,10,7,NULL,NULL,57,53),
(25,1,9,0,0,9,0,9,9,0,0,914397.00,0.00,914397.00,100.00,0.00,101599.66,0.00,0.00,0.00,'2025-12-17 17:22:14','monthly',31,9,7,NULL,NULL,56,52),
(26,1,21,0,21,21,0,21,21,0,0,2507697.00,0.00,2507697.00,100.00,0.00,119414.14,0.00,0.00,0.00,'2025-12-17 17:22:14','monthly',31,5,7,NULL,NULL,55,51),
(27,1,3,0,0,3,0,3,0,0,0,201000.00,0.00,201000.00,100.00,0.00,67000.00,0.00,0.00,0.00,'2025-12-17 17:22:14','monthly',31,11,7,NULL,NULL,52,48),
(28,1,9,0,0,9,0,9,9,0,0,914397.00,0.00,914397.00,100.00,0.00,101599.66,0.00,0.00,0.00,'2025-12-17 17:22:14','monthly',32,9,7,NULL,NULL,56,52),
(29,1,24,0,24,24,0,24,24,0,0,2818194.00,0.00,2818194.00,100.00,0.00,117424.75,0.00,0.00,0.00,'2025-12-17 17:22:14','monthly',32,5,7,NULL,NULL,58,54),
(30,1,9,0,9,9,0,9,9,0,0,1077297.00,0.00,1077297.00,100.00,0.00,119699.66,0.00,0.00,0.00,'2025-12-17 17:22:14','monthly',32,10,7,NULL,NULL,57,53),
(31,1,6,0,0,6,0,6,3,0,0,366597.00,0.00,366597.00,100.00,0.00,61099.50,0.00,0.00,0.00,'2025-12-17 17:22:14','monthly',32,11,7,NULL,NULL,59,55),
(32,1,24,0,24,24,0,24,24,0,0,3308094.00,0.00,3308094.00,100.00,0.00,137837.25,0.00,0.00,0.00,'2025-12-17 17:22:14','monthly',33,5,7,NULL,NULL,61,57),
(33,1,6,0,6,6,0,6,6,0,0,602097.00,0.00,602097.00,100.00,0.00,100349.50,0.00,0.00,0.00,'2025-12-17 17:22:14','monthly',33,10,7,NULL,NULL,57,53),
(34,1,6,0,0,6,0,6,6,0,0,763197.00,0.00,763197.00,100.00,0.00,127199.50,0.00,0.00,0.00,'2025-12-17 17:22:14','monthly',33,9,7,NULL,NULL,56,52),
(35,1,6,0,0,6,0,6,3,0,0,366597.00,0.00,366597.00,100.00,0.00,61099.50,0.00,0.00,0.00,'2025-12-17 17:22:14','monthly',33,11,7,NULL,NULL,59,55),
(36,1,21,0,21,21,0,21,21,0,0,2804994.00,0.00,2804994.00,100.00,0.00,133571.14,0.00,0.00,0.00,'2025-12-17 17:22:14','monthly',34,5,7,NULL,NULL,62,58),
(37,1,6,0,0,6,0,6,6,0,0,763197.00,0.00,763197.00,100.00,0.00,127199.50,0.00,0.00,0.00,'2025-12-17 17:22:14','monthly',34,9,7,NULL,NULL,56,52),
(38,1,6,0,6,6,0,6,6,0,0,877497.00,0.00,877497.00,100.00,0.00,146249.50,0.00,0.00,0.00,'2025-12-17 17:22:14','monthly',34,10,7,NULL,NULL,64,60),
(39,1,6,0,0,6,0,6,6,0,0,612897.00,0.00,612897.00,100.00,0.00,102149.50,0.00,0.00,0.00,'2025-12-17 17:22:14','monthly',34,11,7,NULL,NULL,63,59),
(40,1,21,0,21,21,0,21,21,0,0,2488194.00,0.00,2488194.00,100.00,0.00,118485.42,0.00,0.00,0.00,'2025-12-17 17:22:14','monthly',35,5,7,NULL,NULL,66,62),
(41,1,9,0,0,9,0,9,9,0,0,863997.00,0.00,863997.00,100.00,0.00,95999.66,0.00,0.00,0.00,'2025-12-17 17:22:14','monthly',35,9,7,NULL,NULL,67,63),
(42,1,9,0,9,9,0,9,9,0,0,1395897.00,0.00,1395897.00,100.00,0.00,155099.66,0.00,0.00,0.00,'2025-12-17 17:22:14','monthly',35,10,7,NULL,NULL,68,64),
(43,1,6,0,0,6,0,6,6,0,0,612897.00,0.00,612897.00,100.00,0.00,102149.50,0.00,0.00,0.00,'2025-12-17 17:22:14','monthly',35,11,7,NULL,NULL,63,59),
(44,1,21,0,21,21,0,21,21,0,0,2366994.00,0.00,2366994.00,100.00,0.00,112714.00,0.00,0.00,0.00,'2025-12-17 17:22:14','monthly',36,5,7,NULL,NULL,70,66),
(45,1,9,0,9,9,0,9,9,0,0,1395897.00,0.00,1395897.00,100.00,0.00,155099.66,0.00,0.00,0.00,'2025-12-17 17:22:14','monthly',36,10,7,NULL,NULL,68,64),
(46,1,3,0,0,3,0,3,3,0,0,447300.00,0.00,447300.00,100.00,0.00,149100.00,0.00,0.00,0.00,'2025-12-17 17:22:14','monthly',36,11,7,NULL,NULL,63,59),
(47,1,12,0,0,12,0,12,9,0,0,1482300.00,0.00,1482300.00,100.00,0.00,123525.00,0.00,0.00,0.00,'2025-12-17 17:22:14','monthly',36,9,7,NULL,NULL,71,67),
(48,1,32,0,32,32,0,32,32,0,0,3605592.00,0.00,3605592.00,100.00,0.00,112674.75,0.00,0.00,0.00,'2025-12-17 17:22:14','monthly',37,5,7,NULL,NULL,73,69),
(49,1,16,0,16,16,0,16,16,0,0,2038796.00,0.00,2038796.00,100.00,0.00,127424.75,0.00,0.00,0.00,'2025-12-17 17:22:14','monthly',37,10,7,NULL,NULL,74,70),
(50,1,4,0,0,4,0,4,4,0,0,596400.00,0.00,596400.00,100.00,0.00,149100.00,0.00,0.00,0.00,'2025-12-17 17:22:14','monthly',37,11,7,NULL,NULL,63,59),
(51,1,16,0,0,16,0,16,12,0,0,1976400.00,0.00,1976400.00,100.00,0.00,123525.00,0.00,0.00,0.00,'2025-12-17 17:22:14','monthly',37,9,7,NULL,NULL,71,67),
(52,1,2,2,0,2,0,0,0,0,0,0.00,0.00,0.00,0.00,0.00,0.00,0.00,0.00,0.00,'2025-12-17 17:22:14','monthly',37,12,7,9,10,75,71),
(53,1,8,0,8,8,0,8,8,0,0,901398.00,0.00,901398.00,100.00,0.00,112674.75,0.00,0.00,0.00,'2025-12-10 08:08:00','monthly',86,5,7,NULL,NULL,73,69),
(54,1,4,0,4,4,0,4,4,0,0,509699.00,0.00,509699.00,100.00,0.00,127424.75,0.00,0.00,0.00,'2025-12-10 08:08:00','monthly',86,10,7,NULL,NULL,74,70),
(55,1,1,0,0,1,0,1,1,0,0,149100.00,0.00,149100.00,100.00,0.00,149100.00,0.00,0.00,0.00,'2025-12-10 08:08:00','monthly',86,11,7,NULL,NULL,63,59),
(56,1,4,0,0,4,0,4,3,0,0,494100.00,0.00,494100.00,100.00,0.00,123525.00,0.00,0.00,0.00,'2025-12-10 08:08:00','monthly',86,9,7,NULL,NULL,71,67),
(57,1,1,1,0,1,0,0,0,0,0,0.00,0.00,0.00,0.00,0.00,0.00,0.00,0.00,0.00,'2025-12-10 08:08:00','monthly',86,12,7,9,10,75,71);
/*!40000 ALTER TABLE `fact_project_metrics` ENABLE KEYS */;
UNLOCK TABLES;

--
-- Table structure for table `fact_staffing_metrics`
--

DROP TABLE IF EXISTS `fact_staffing_metrics`;
/*!40101 SET @saved_cs_client     = @@character_set_client */;
/*!40101 SET character_set_client = utf8mb4 */;
CREATE TABLE `fact_staffing_metrics` (
  `id` int(11) NOT NULL AUTO_INCREMENT,
  `company_id` int(11) NOT NULL,
  `available_days` decimal(10,2) NOT NULL,
  `worked_days` decimal(10,2) NOT NULL,
  `staffed_days` decimal(10,2) NOT NULL,
  `vacation_days` decimal(10,2) NOT NULL,
  `planned_days` decimal(10,2) NOT NULL,
  `staffing_rate` decimal(5,2) NOT NULL,
  `tace` decimal(5,2) NOT NULL,
  `calculated_at` datetime NOT NULL,
  `granularity` varchar(50) NOT NULL,
  `contributor_count` int(11) NOT NULL,
  `dim_time_id` int(11) NOT NULL,
  `dim_profile_id` int(11) DEFAULT NULL,
  `contributor_id` int(11) DEFAULT NULL,
  PRIMARY KEY (`id`),
  UNIQUE KEY `unique_staffing_metrics` (`dim_time_id`,`dim_profile_id`,`contributor_id`,`granularity`),
  KEY `IDX_F58C0D4844D4FE30` (`dim_time_id`),
  KEY `IDX_F58C0D48BF679789` (`dim_profile_id`),
  KEY `IDX_F58C0D487A19A357` (`contributor_id`),
  KEY `idx_fact_staffing_metrics_company` (`company_id`),
  CONSTRAINT `FK_F58C0D4844D4FE30` FOREIGN KEY (`dim_time_id`) REFERENCES `dim_time` (`id`),
  CONSTRAINT `FK_F58C0D487A19A357` FOREIGN KEY (`contributor_id`) REFERENCES `contributors` (`id`),
  CONSTRAINT `FK_F58C0D48BF679789` FOREIGN KEY (`dim_profile_id`) REFERENCES `dim_profile` (`id`),
  CONSTRAINT `fk_fact_staffing_metrics_company` FOREIGN KEY (`company_id`) REFERENCES `companies` (`id`) ON DELETE CASCADE
) ENGINE=InnoDB AUTO_INCREMENT=5017 DEFAULT CHARSET=utf8mb4 COLLATE=utf8mb4_uca1400_ai_ci;
/*!40101 SET character_set_client = @saved_cs_client */;

--
-- Dumping data for table `fact_staffing_metrics`
--

LOCK TABLES `fact_staffing_metrics` WRITE;
/*!40000 ALTER TABLE `fact_staffing_metrics` DISABLE KEYS */;
INSERT INTO `fact_staffing_metrics` VALUES
(729,1,5.00,5.00,0.00,0.00,9.63,0.00,192.40,'2025-12-08 07:49:01','weekly',1,38,1,44),
(730,1,5.00,5.00,0.00,0.00,4.50,0.00,90.00,'2025-12-08 07:49:01','weekly',1,38,2,21),
(731,1,5.00,5.00,0.00,0.00,4.38,0.00,87.40,'2025-12-08 07:49:01','weekly',1,38,2,20),
(732,1,5.00,5.00,0.00,0.00,4.88,0.00,97.40,'2025-12-08 07:49:01','weekly',1,38,3,48),
(733,1,5.00,5.00,0.00,0.00,10.88,0.00,217.40,'2025-12-08 07:49:01','weekly',1,38,4,2),
(734,1,5.00,5.00,0.00,0.00,0.00,0.00,0.00,'2025-12-08 07:49:01','weekly',1,38,1,43),
(735,1,5.00,5.00,0.00,0.00,0.00,0.00,0.00,'2025-12-08 07:49:01','weekly',1,38,4,31),
(736,1,5.00,5.00,0.00,0.00,0.00,0.00,0.00,'2025-12-08 07:49:01','weekly',1,38,4,30),
(737,1,5.00,5.00,0.00,0.00,0.00,0.00,0.00,'2025-12-08 07:49:01','weekly',1,38,4,29),
(738,1,5.00,5.00,0.00,0.00,6.13,0.00,122.40,'2025-12-08 07:49:01','weekly',1,38,5,51),
(739,1,5.00,5.00,0.00,0.00,13.13,0.00,262.40,'2025-12-08 07:49:01','weekly',1,38,2,47),
(740,1,5.00,5.00,0.00,0.00,0.88,0.00,17.40,'2025-12-08 07:49:01','weekly',1,38,3,23),
(741,1,5.00,5.00,0.00,0.00,3.88,0.00,77.40,'2025-12-08 07:49:01','weekly',1,38,6,10),
(742,1,5.00,5.00,0.00,0.00,8.75,0.00,175.00,'2025-12-08 07:49:01','weekly',1,38,6,38),
(743,1,5.00,5.00,0.00,0.00,8.75,0.00,175.00,'2025-12-08 07:49:01','weekly',1,38,7,40),
(744,1,5.00,5.00,0.00,0.00,5.38,0.00,107.40,'2025-12-08 07:49:01','weekly',1,38,8,24),
(745,1,5.00,5.00,0.00,0.00,2.75,0.00,55.00,'2025-12-08 07:49:01','weekly',1,38,6,9),
(746,1,5.00,5.00,0.00,0.00,1.50,0.00,30.00,'2025-12-08 07:49:01','weekly',1,38,7,13),
(747,1,5.00,5.00,0.00,0.00,3.75,0.00,75.00,'2025-12-08 07:49:01','weekly',1,38,1,17),
(748,1,5.00,5.00,0.00,0.00,0.00,0.00,0.00,'2025-12-08 07:49:01','weekly',1,38,6,36),
(749,1,5.00,5.00,0.00,0.00,1.00,0.00,20.00,'2025-12-08 07:49:01','weekly',1,38,7,15),
(750,1,5.00,5.00,0.00,0.00,1.00,0.00,20.00,'2025-12-08 07:49:01','weekly',1,38,4,4),
(751,1,5.00,5.00,0.00,0.00,0.00,0.00,0.00,'2025-12-08 07:49:01','weekly',1,38,3,50),
(752,1,5.00,5.00,0.00,0.00,0.00,0.00,0.00,'2025-12-08 07:49:01','weekly',1,38,4,33),
(753,1,5.00,5.00,0.00,0.00,5.38,0.00,107.40,'2025-12-08 07:49:01','weekly',1,38,9,26),
(754,1,5.00,5.00,0.00,0.00,1.00,0.00,20.00,'2025-12-08 07:49:01','weekly',1,38,4,6),
(755,1,5.00,5.00,0.00,0.00,1.00,0.00,20.00,'2025-12-08 07:49:01','weekly',1,38,6,7),
(756,1,5.00,5.00,0.00,0.00,0.00,0.00,0.00,'2025-12-08 07:49:01','weekly',1,38,NULL,27),
(757,1,5.00,5.00,0.00,0.00,3.13,0.00,62.40,'2025-12-08 07:49:01','weekly',1,38,1,18),
(758,1,5.00,5.00,0.00,0.00,1.00,0.00,20.00,'2025-12-08 07:49:01','weekly',1,38,5,25),
(759,1,5.00,5.00,0.00,0.00,9.38,0.00,187.40,'2025-12-08 07:49:01','weekly',1,38,1,16),
(760,1,5.00,5.00,0.00,0.00,3.75,0.00,75.00,'2025-12-08 07:49:01','weekly',1,38,6,8),
(761,1,5.00,5.00,0.00,0.00,0.00,0.00,0.00,'2025-12-08 07:49:01','weekly',1,38,4,28),
(762,1,5.00,5.00,0.00,0.00,4.00,0.00,80.00,'2025-12-08 07:49:01','weekly',1,38,6,11),
(763,1,5.00,5.00,0.00,0.00,5.90,0.00,118.00,'2025-12-08 07:49:01','weekly',1,38,4,5),
(764,1,5.00,5.00,0.00,0.00,0.00,0.00,0.00,'2025-12-08 07:49:01','weekly',1,38,1,46),
(765,1,5.00,5.00,0.00,0.00,0.00,0.00,0.00,'2025-12-08 07:49:01','weekly',1,38,4,32),
(766,1,5.00,5.00,0.00,0.00,0.00,0.00,0.00,'2025-12-08 07:49:01','weekly',1,38,7,42),
(767,1,5.00,5.00,0.00,0.00,0.00,0.00,0.00,'2025-12-08 07:49:01','weekly',1,38,6,35),
(768,1,5.00,5.00,0.00,0.00,0.00,0.00,0.00,'2025-12-08 07:49:01','weekly',1,38,7,41),
(769,1,5.00,5.00,0.00,0.00,1.50,0.00,30.00,'2025-12-08 07:49:01','weekly',1,38,1,19),
(770,1,5.00,5.00,0.00,0.00,0.00,0.00,0.00,'2025-12-08 07:49:01','weekly',1,38,10,49),
(771,1,5.00,5.00,0.00,0.00,0.00,0.00,0.00,'2025-12-08 07:49:01','weekly',1,38,7,39),
(772,1,5.00,5.00,0.00,0.00,6.63,0.00,132.40,'2025-12-08 07:49:01','weekly',1,38,4,1),
(773,1,5.00,5.00,0.00,0.00,0.00,0.00,0.00,'2025-12-08 07:49:01','weekly',1,38,6,37),
(774,1,5.00,5.00,0.00,0.00,0.00,0.00,0.00,'2025-12-08 07:49:01','weekly',1,38,6,34),
(775,1,5.00,5.00,0.00,0.00,1.75,0.00,35.00,'2025-12-08 07:49:01','weekly',1,38,4,3),
(776,1,5.00,5.00,0.00,0.00,7.63,0.00,152.40,'2025-12-08 07:49:01','weekly',1,38,10,22),
(777,1,5.00,5.00,0.00,0.00,7.63,0.00,152.40,'2025-12-08 07:49:01','weekly',1,38,7,14),
(778,1,5.00,5.00,0.00,0.00,5.00,0.00,100.00,'2025-12-08 07:49:01','weekly',1,38,7,12),
(779,1,5.00,5.00,0.00,0.00,4.38,0.00,87.40,'2025-12-08 07:49:02','weekly',1,38,9,52),
(780,1,5.00,5.00,0.00,0.00,0.00,0.00,0.00,'2025-12-08 07:49:02','weekly',1,38,1,45),
(781,1,5.00,5.00,0.00,0.00,0.00,0.00,0.00,'2025-12-08 10:13:24','weekly',1,26,1,44),
(782,1,5.00,5.00,0.00,0.00,0.00,0.00,0.00,'2025-12-08 10:13:24','weekly',1,26,2,21),
(783,1,5.00,5.00,0.00,0.00,0.00,0.00,0.00,'2025-12-08 10:13:24','weekly',1,26,2,20),
(784,1,5.00,5.00,0.00,0.00,0.00,0.00,0.00,'2025-12-08 10:13:24','weekly',1,26,3,48),
(785,1,5.00,5.00,0.00,0.00,0.00,0.00,0.00,'2025-12-08 10:13:24','weekly',1,26,4,2),
(786,1,5.00,5.00,0.00,0.00,0.00,0.00,0.00,'2025-12-08 10:13:24','weekly',1,26,1,43),
(787,1,5.00,5.00,0.00,0.00,0.00,0.00,0.00,'2025-12-08 10:13:24','weekly',1,26,4,31),
(788,1,5.00,5.00,0.00,0.00,0.00,0.00,0.00,'2025-12-08 10:13:24','weekly',1,26,4,30),
(789,1,5.00,5.00,0.00,0.00,0.00,0.00,0.00,'2025-12-08 10:13:24','weekly',1,26,4,29),
(790,1,5.00,5.00,0.00,0.00,0.00,0.00,0.00,'2025-12-08 10:13:24','weekly',1,26,5,51),
(791,1,5.00,5.00,0.00,0.00,0.00,0.00,0.00,'2025-12-08 10:13:24','weekly',1,26,2,47),
(792,1,5.00,5.00,0.00,0.00,0.00,0.00,0.00,'2025-12-08 10:13:24','weekly',1,26,3,23),
(793,1,5.00,5.00,0.00,0.00,0.00,0.00,0.00,'2025-12-08 10:13:24','weekly',1,26,6,10),
(794,1,5.00,5.00,0.00,0.00,0.00,0.00,0.00,'2025-12-08 10:13:24','weekly',1,26,6,38),
(795,1,5.00,5.00,0.00,0.00,0.00,0.00,0.00,'2025-12-08 10:13:24','weekly',1,26,7,40),
(796,1,5.00,5.00,0.00,0.00,0.00,0.00,0.00,'2025-12-08 10:13:24','weekly',1,26,8,24),
(797,1,5.00,5.00,0.00,0.00,0.00,0.00,0.00,'2025-12-08 10:13:24','weekly',1,26,6,9),
(798,1,5.00,5.00,0.00,0.00,0.00,0.00,0.00,'2025-12-08 10:13:24','weekly',1,26,7,13),
(799,1,5.00,5.00,0.00,0.00,0.00,0.00,0.00,'2025-12-08 10:13:24','weekly',1,26,1,17),
(800,1,5.00,5.00,0.00,0.00,0.00,0.00,0.00,'2025-12-08 10:13:24','weekly',1,26,6,36),
(801,1,5.00,5.00,0.00,0.00,0.00,0.00,0.00,'2025-12-08 10:13:24','weekly',1,26,7,15),
(802,1,5.00,5.00,0.00,0.00,0.00,0.00,0.00,'2025-12-08 10:13:24','weekly',1,26,4,4),
(803,1,5.00,5.00,0.00,0.00,0.00,0.00,0.00,'2025-12-08 10:13:24','weekly',1,26,3,50),
(804,1,5.00,5.00,0.00,0.00,0.00,0.00,0.00,'2025-12-08 10:13:24','weekly',1,26,4,33),
(805,1,5.00,5.00,0.00,0.00,0.00,0.00,0.00,'2025-12-08 10:13:24','weekly',1,26,9,26),
(806,1,5.00,5.00,0.00,0.00,0.00,0.00,0.00,'2025-12-08 10:13:24','weekly',1,26,4,6),
(807,1,5.00,5.00,0.00,0.00,0.00,0.00,0.00,'2025-12-08 10:13:24','weekly',1,26,6,7),
(808,1,5.00,5.00,0.00,0.00,0.00,0.00,0.00,'2025-12-08 10:13:24','weekly',1,26,NULL,27),
(809,1,5.00,5.00,0.00,0.00,0.00,0.00,0.00,'2025-12-08 10:13:24','weekly',1,26,1,18),
(810,1,5.00,5.00,0.00,0.00,0.00,0.00,0.00,'2025-12-08 10:13:24','weekly',1,26,5,25),
(811,1,5.00,5.00,0.00,0.00,0.00,0.00,0.00,'2025-12-08 10:13:24','weekly',1,26,1,16),
(812,1,5.00,5.00,0.00,0.00,0.00,0.00,0.00,'2025-12-08 10:13:24','weekly',1,26,6,8),
(813,1,5.00,5.00,0.00,0.00,0.00,0.00,0.00,'2025-12-08 10:13:24','weekly',1,26,4,28),
(814,1,5.00,5.00,0.00,0.00,0.00,0.00,0.00,'2025-12-08 10:13:24','weekly',1,26,6,11),
(815,1,5.00,5.00,0.00,0.00,0.00,0.00,0.00,'2025-12-08 10:13:24','weekly',1,26,4,5),
(816,1,5.00,5.00,0.00,0.00,0.00,0.00,0.00,'2025-12-08 10:13:24','weekly',1,26,1,46),
(817,1,5.00,5.00,0.00,0.00,0.00,0.00,0.00,'2025-12-08 10:13:24','weekly',1,26,4,32),
(818,1,5.00,5.00,0.00,0.00,0.00,0.00,0.00,'2025-12-08 10:13:24','weekly',1,26,7,42),
(819,1,5.00,5.00,0.00,0.00,0.00,0.00,0.00,'2025-12-08 10:13:24','weekly',1,26,6,35),
(820,1,5.00,5.00,0.00,0.00,0.00,0.00,0.00,'2025-12-08 10:13:24','weekly',1,26,7,41),
(821,1,5.00,5.00,0.00,0.00,0.00,0.00,0.00,'2025-12-08 10:13:24','weekly',1,26,1,19),
(822,1,5.00,5.00,0.00,0.00,0.00,0.00,0.00,'2025-12-08 10:13:24','weekly',1,26,10,49),
(823,1,5.00,5.00,0.00,0.00,0.00,0.00,0.00,'2025-12-08 10:13:24','weekly',1,26,7,39),
(824,1,5.00,5.00,0.00,0.00,0.00,0.00,0.00,'2025-12-08 10:13:24','weekly',1,26,4,1),
(825,1,5.00,5.00,0.00,0.00,0.00,0.00,0.00,'2025-12-08 10:13:24','weekly',1,26,6,37),
(826,1,5.00,5.00,0.00,0.00,0.00,0.00,0.00,'2025-12-08 10:13:24','weekly',1,26,6,34),
(827,1,5.00,5.00,0.00,0.00,0.00,0.00,0.00,'2025-12-08 10:13:24','weekly',1,26,4,3),
(828,1,5.00,5.00,0.00,0.00,0.00,0.00,0.00,'2025-12-08 10:13:24','weekly',1,26,10,22),
(829,1,5.00,5.00,0.00,0.00,0.00,0.00,0.00,'2025-12-08 10:13:24','weekly',1,26,7,14),
(830,1,5.00,5.00,0.00,0.00,0.00,0.00,0.00,'2025-12-08 10:13:24','weekly',1,26,7,12),
(831,1,5.00,5.00,0.00,0.00,0.00,0.00,0.00,'2025-12-08 10:13:24','weekly',1,26,9,52),
(832,1,5.00,5.00,0.00,0.00,0.00,0.00,0.00,'2025-12-08 10:13:24','weekly',1,26,1,45),
(833,1,5.00,5.00,0.00,0.00,0.00,0.00,0.00,'2025-12-08 10:13:24','weekly',1,39,1,44),
(834,1,5.00,5.00,0.00,0.00,0.00,0.00,0.00,'2025-12-08 10:13:24','weekly',1,39,2,21),
(835,1,5.00,5.00,0.00,0.00,0.00,0.00,0.00,'2025-12-08 10:13:24','weekly',1,39,2,20),
(836,1,5.00,5.00,0.00,0.00,0.00,0.00,0.00,'2025-12-08 10:13:24','weekly',1,39,3,48),
(837,1,5.00,5.00,0.00,0.00,0.00,0.00,0.00,'2025-12-08 10:13:24','weekly',1,39,4,2),
(838,1,5.00,5.00,0.00,0.00,0.00,0.00,0.00,'2025-12-08 10:13:24','weekly',1,39,1,43),
(839,1,5.00,5.00,0.00,0.00,0.00,0.00,0.00,'2025-12-08 10:13:24','weekly',1,39,4,31),
(840,1,5.00,5.00,0.00,0.00,0.00,0.00,0.00,'2025-12-08 10:13:24','weekly',1,39,4,30),
(841,1,5.00,5.00,0.00,0.00,0.00,0.00,0.00,'2025-12-08 10:13:24','weekly',1,39,4,29),
(842,1,5.00,5.00,0.00,0.00,0.00,0.00,0.00,'2025-12-08 10:13:24','weekly',1,39,5,51),
(843,1,5.00,5.00,0.00,0.00,0.00,0.00,0.00,'2025-12-08 10:13:24','weekly',1,39,2,47),
(844,1,5.00,5.00,0.00,0.00,0.00,0.00,0.00,'2025-12-08 10:13:24','weekly',1,39,3,23),
(845,1,5.00,5.00,0.00,0.00,0.00,0.00,0.00,'2025-12-08 10:13:24','weekly',1,39,6,10),
(846,1,5.00,5.00,0.00,0.00,0.00,0.00,0.00,'2025-12-08 10:13:24','weekly',1,39,6,38),
(847,1,5.00,5.00,0.00,0.00,0.00,0.00,0.00,'2025-12-08 10:13:24','weekly',1,39,7,40),
(848,1,5.00,5.00,0.00,0.00,0.00,0.00,0.00,'2025-12-08 10:13:24','weekly',1,39,8,24),
(849,1,5.00,5.00,0.00,0.00,0.00,0.00,0.00,'2025-12-08 10:13:24','weekly',1,39,6,9),
(850,1,5.00,5.00,0.00,0.00,0.00,0.00,0.00,'2025-12-08 10:13:24','weekly',1,39,7,13),
(851,1,5.00,5.00,0.00,0.00,0.00,0.00,0.00,'2025-12-08 10:13:24','weekly',1,39,1,17),
(852,1,5.00,5.00,0.00,0.00,0.00,0.00,0.00,'2025-12-08 10:13:24','weekly',1,39,6,36),
(853,1,5.00,5.00,0.00,0.00,0.00,0.00,0.00,'2025-12-08 10:13:24','weekly',1,39,7,15),
(854,1,5.00,5.00,0.00,0.00,0.00,0.00,0.00,'2025-12-08 10:13:24','weekly',1,39,4,4),
(855,1,5.00,5.00,0.00,0.00,0.00,0.00,0.00,'2025-12-08 10:13:24','weekly',1,39,3,50),
(856,1,5.00,5.00,0.00,0.00,0.00,0.00,0.00,'2025-12-08 10:13:24','weekly',1,39,4,33),
(857,1,5.00,5.00,0.00,0.00,0.00,0.00,0.00,'2025-12-08 10:13:24','weekly',1,39,9,26),
(858,1,5.00,5.00,0.00,0.00,0.00,0.00,0.00,'2025-12-08 10:13:24','weekly',1,39,4,6),
(859,1,5.00,5.00,0.00,0.00,0.00,0.00,0.00,'2025-12-08 10:13:24','weekly',1,39,6,7),
(860,1,5.00,5.00,0.00,0.00,0.00,0.00,0.00,'2025-12-08 10:13:24','weekly',1,39,NULL,27),
(861,1,5.00,5.00,0.00,0.00,0.00,0.00,0.00,'2025-12-08 10:13:24','weekly',1,39,1,18),
(862,1,5.00,5.00,0.00,0.00,0.00,0.00,0.00,'2025-12-08 10:13:24','weekly',1,39,5,25),
(863,1,5.00,5.00,0.00,0.00,0.00,0.00,0.00,'2025-12-08 10:13:24','weekly',1,39,1,16),
(864,1,5.00,5.00,0.00,0.00,0.00,0.00,0.00,'2025-12-08 10:13:24','weekly',1,39,6,8),
(865,1,5.00,5.00,0.00,0.00,0.00,0.00,0.00,'2025-12-08 10:13:24','weekly',1,39,4,28),
(866,1,5.00,5.00,0.00,0.00,0.00,0.00,0.00,'2025-12-08 10:13:24','weekly',1,39,6,11),
(867,1,5.00,5.00,0.00,0.00,0.00,0.00,0.00,'2025-12-08 10:13:24','weekly',1,39,4,5),
(868,1,5.00,5.00,0.00,0.00,0.00,0.00,0.00,'2025-12-08 10:13:24','weekly',1,39,1,46),
(869,1,5.00,5.00,0.00,0.00,0.00,0.00,0.00,'2025-12-08 10:13:24','weekly',1,39,4,32),
(870,1,5.00,5.00,0.00,0.00,0.00,0.00,0.00,'2025-12-08 10:13:24','weekly',1,39,7,42),
(871,1,5.00,5.00,0.00,0.00,0.00,0.00,0.00,'2025-12-08 10:13:24','weekly',1,39,6,35),
(872,1,5.00,5.00,0.00,0.00,0.00,0.00,0.00,'2025-12-08 10:13:24','weekly',1,39,7,41),
(873,1,5.00,5.00,0.00,0.00,0.00,0.00,0.00,'2025-12-08 10:13:24','weekly',1,39,1,19),
(874,1,5.00,5.00,0.00,0.00,0.00,0.00,0.00,'2025-12-08 10:13:24','weekly',1,39,10,49),
(875,1,5.00,5.00,0.00,0.00,0.00,0.00,0.00,'2025-12-08 10:13:24','weekly',1,39,7,39),
(876,1,5.00,5.00,0.00,0.00,0.00,0.00,0.00,'2025-12-08 10:13:24','weekly',1,39,4,1),
(877,1,5.00,5.00,0.00,0.00,0.00,0.00,0.00,'2025-12-08 10:13:24','weekly',1,39,6,37),
(878,1,5.00,5.00,0.00,0.00,0.00,0.00,0.00,'2025-12-08 10:13:24','weekly',1,39,6,34),
(879,1,5.00,5.00,0.00,0.00,0.00,0.00,0.00,'2025-12-08 10:13:24','weekly',1,39,4,3),
(880,1,5.00,5.00,0.00,0.00,0.00,0.00,0.00,'2025-12-08 10:13:24','weekly',1,39,10,22),
(881,1,5.00,5.00,0.00,0.00,0.00,0.00,0.00,'2025-12-08 10:13:24','weekly',1,39,7,14),
(882,1,5.00,5.00,0.00,0.00,0.00,0.00,0.00,'2025-12-08 10:13:24','weekly',1,39,7,12),
(883,1,5.00,5.00,0.00,0.00,0.00,0.00,0.00,'2025-12-08 10:13:24','weekly',1,39,9,52),
(884,1,5.00,5.00,0.00,0.00,0.00,0.00,0.00,'2025-12-08 10:13:24','weekly',1,39,1,45),
(885,1,5.00,5.00,0.00,0.00,0.00,0.00,0.00,'2025-12-08 10:13:24','weekly',1,40,1,44),
(886,1,5.00,5.00,0.00,0.00,0.00,0.00,0.00,'2025-12-08 10:13:24','weekly',1,40,2,21),
(887,1,5.00,5.00,0.00,0.00,0.00,0.00,0.00,'2025-12-08 10:13:24','weekly',1,40,2,20),
(888,1,5.00,5.00,0.00,0.00,0.00,0.00,0.00,'2025-12-08 10:13:24','weekly',1,40,3,48),
(889,1,5.00,5.00,0.00,0.00,0.00,0.00,0.00,'2025-12-08 10:13:24','weekly',1,40,4,2),
(890,1,5.00,5.00,0.00,0.00,0.00,0.00,0.00,'2025-12-08 10:13:24','weekly',1,40,1,43),
(891,1,5.00,5.00,0.00,0.00,0.00,0.00,0.00,'2025-12-08 10:13:24','weekly',1,40,4,31),
(892,1,5.00,5.00,0.00,0.00,0.00,0.00,0.00,'2025-12-08 10:13:24','weekly',1,40,4,30),
(893,1,5.00,5.00,0.00,0.00,0.00,0.00,0.00,'2025-12-08 10:13:24','weekly',1,40,4,29),
(894,1,5.00,5.00,0.00,0.00,0.00,0.00,0.00,'2025-12-08 10:13:24','weekly',1,40,5,51),
(895,1,5.00,5.00,0.00,0.00,0.00,0.00,0.00,'2025-12-08 10:13:24','weekly',1,40,2,47),
(896,1,5.00,5.00,0.00,0.00,0.00,0.00,0.00,'2025-12-08 10:13:24','weekly',1,40,3,23),
(897,1,5.00,5.00,0.00,0.00,0.00,0.00,0.00,'2025-12-08 10:13:24','weekly',1,40,6,10),
(898,1,5.00,5.00,0.00,0.00,0.00,0.00,0.00,'2025-12-08 10:13:24','weekly',1,40,6,38),
(899,1,5.00,5.00,0.00,0.00,0.00,0.00,0.00,'2025-12-08 10:13:24','weekly',1,40,7,40),
(900,1,5.00,5.00,0.00,0.00,0.00,0.00,0.00,'2025-12-08 10:13:24','weekly',1,40,8,24),
(901,1,5.00,5.00,0.00,0.00,0.00,0.00,0.00,'2025-12-08 10:13:24','weekly',1,40,6,9),
(902,1,5.00,5.00,0.00,0.00,0.00,0.00,0.00,'2025-12-08 10:13:24','weekly',1,40,7,13),
(903,1,5.00,5.00,0.00,0.00,0.00,0.00,0.00,'2025-12-08 10:13:24','weekly',1,40,1,17),
(904,1,5.00,5.00,0.00,0.00,0.00,0.00,0.00,'2025-12-08 10:13:24','weekly',1,40,6,36),
(905,1,5.00,5.00,0.00,0.00,0.00,0.00,0.00,'2025-12-08 10:13:24','weekly',1,40,7,15),
(906,1,5.00,5.00,0.00,0.00,0.00,0.00,0.00,'2025-12-08 10:13:24','weekly',1,40,4,4),
(907,1,5.00,5.00,0.00,0.00,0.00,0.00,0.00,'2025-12-08 10:13:24','weekly',1,40,3,50),
(908,1,5.00,5.00,0.00,0.00,0.00,0.00,0.00,'2025-12-08 10:13:24','weekly',1,40,4,33),
(909,1,5.00,5.00,0.00,0.00,0.00,0.00,0.00,'2025-12-08 10:13:24','weekly',1,40,9,26),
(910,1,5.00,5.00,0.00,0.00,0.00,0.00,0.00,'2025-12-08 10:13:24','weekly',1,40,4,6),
(911,1,5.00,5.00,0.00,0.00,0.00,0.00,0.00,'2025-12-08 10:13:24','weekly',1,40,6,7),
(912,1,5.00,5.00,0.00,0.00,0.00,0.00,0.00,'2025-12-08 10:13:24','weekly',1,40,NULL,27),
(913,1,5.00,5.00,0.00,0.00,0.00,0.00,0.00,'2025-12-08 10:13:24','weekly',1,40,1,18),
(914,1,5.00,5.00,0.00,0.00,0.00,0.00,0.00,'2025-12-08 10:13:24','weekly',1,40,5,25),
(915,1,5.00,5.00,0.00,0.00,0.00,0.00,0.00,'2025-12-08 10:13:24','weekly',1,40,1,16),
(916,1,5.00,5.00,0.00,0.00,0.00,0.00,0.00,'2025-12-08 10:13:24','weekly',1,40,6,8),
(917,1,5.00,5.00,0.00,0.00,0.00,0.00,0.00,'2025-12-08 10:13:24','weekly',1,40,4,28),
(918,1,5.00,5.00,0.00,0.00,0.00,0.00,0.00,'2025-12-08 10:13:24','weekly',1,40,6,11),
(919,1,5.00,5.00,0.00,0.00,0.00,0.00,0.00,'2025-12-08 10:13:24','weekly',1,40,4,5),
(920,1,5.00,5.00,0.00,0.00,0.00,0.00,0.00,'2025-12-08 10:13:24','weekly',1,40,1,46),
(921,1,5.00,5.00,0.00,0.00,0.00,0.00,0.00,'2025-12-08 10:13:24','weekly',1,40,4,32),
(922,1,5.00,5.00,0.00,0.00,0.00,0.00,0.00,'2025-12-08 10:13:24','weekly',1,40,7,42),
(923,1,5.00,5.00,0.00,0.00,0.00,0.00,0.00,'2025-12-08 10:13:24','weekly',1,40,6,35),
(924,1,5.00,5.00,0.00,0.00,0.00,0.00,0.00,'2025-12-08 10:13:24','weekly',1,40,7,41),
(925,1,5.00,5.00,0.00,0.00,0.00,0.00,0.00,'2025-12-08 10:13:24','weekly',1,40,1,19),
(926,1,5.00,5.00,0.00,0.00,0.00,0.00,0.00,'2025-12-08 10:13:24','weekly',1,40,10,49),
(927,1,5.00,5.00,0.00,0.00,0.00,0.00,0.00,'2025-12-08 10:13:24','weekly',1,40,7,39),
(928,1,5.00,5.00,0.00,0.00,0.00,0.00,0.00,'2025-12-08 10:13:24','weekly',1,40,4,1),
(929,1,5.00,5.00,0.00,0.00,0.00,0.00,0.00,'2025-12-08 10:13:25','weekly',1,40,6,37),
(930,1,5.00,5.00,0.00,0.00,0.00,0.00,0.00,'2025-12-08 10:13:25','weekly',1,40,6,34),
(931,1,5.00,5.00,0.00,0.00,0.00,0.00,0.00,'2025-12-08 10:13:25','weekly',1,40,4,3),
(932,1,5.00,5.00,0.00,0.00,0.00,0.00,0.00,'2025-12-08 10:13:25','weekly',1,40,10,22),
(933,1,5.00,5.00,0.00,0.00,0.00,0.00,0.00,'2025-12-08 10:13:25','weekly',1,40,7,14),
(934,1,5.00,5.00,0.00,0.00,0.00,0.00,0.00,'2025-12-08 10:13:25','weekly',1,40,7,12),
(935,1,5.00,5.00,0.00,0.00,0.00,0.00,0.00,'2025-12-08 10:13:25','weekly',1,40,9,52),
(936,1,5.00,5.00,0.00,0.00,0.00,0.00,0.00,'2025-12-08 10:13:25','weekly',1,40,1,45),
(937,1,5.00,5.00,0.00,0.00,0.00,0.00,0.00,'2025-12-08 10:13:25','weekly',1,41,1,44),
(938,1,5.00,5.00,0.00,0.00,0.00,0.00,0.00,'2025-12-08 10:13:25','weekly',1,41,2,21),
(939,1,5.00,5.00,0.00,0.00,0.00,0.00,0.00,'2025-12-08 10:13:25','weekly',1,41,2,20),
(940,1,5.00,5.00,0.00,0.00,0.00,0.00,0.00,'2025-12-08 10:13:25','weekly',1,41,3,48),
(941,1,5.00,5.00,0.00,0.00,0.00,0.00,0.00,'2025-12-08 10:13:25','weekly',1,41,4,2),
(942,1,5.00,5.00,0.00,0.00,0.00,0.00,0.00,'2025-12-08 10:13:25','weekly',1,41,1,43),
(943,1,5.00,5.00,0.00,0.00,0.00,0.00,0.00,'2025-12-08 10:13:25','weekly',1,41,4,31),
(944,1,5.00,5.00,0.00,0.00,0.00,0.00,0.00,'2025-12-08 10:13:25','weekly',1,41,4,30),
(945,1,5.00,5.00,0.00,0.00,0.00,0.00,0.00,'2025-12-08 10:13:25','weekly',1,41,4,29),
(946,1,5.00,5.00,0.00,0.00,0.00,0.00,0.00,'2025-12-08 10:13:25','weekly',1,41,5,51),
(947,1,5.00,5.00,0.00,0.00,0.00,0.00,0.00,'2025-12-08 10:13:25','weekly',1,41,2,47),
(948,1,5.00,5.00,0.00,0.00,0.00,0.00,0.00,'2025-12-08 10:13:25','weekly',1,41,3,23),
(949,1,5.00,5.00,0.00,0.00,0.00,0.00,0.00,'2025-12-08 10:13:25','weekly',1,41,6,10),
(950,1,5.00,5.00,0.00,0.00,0.00,0.00,0.00,'2025-12-08 10:13:25','weekly',1,41,6,38),
(951,1,5.00,5.00,0.00,0.00,0.00,0.00,0.00,'2025-12-08 10:13:25','weekly',1,41,7,40),
(952,1,5.00,5.00,0.00,0.00,0.00,0.00,0.00,'2025-12-08 10:13:25','weekly',1,41,8,24),
(953,1,5.00,5.00,0.00,0.00,0.00,0.00,0.00,'2025-12-08 10:13:25','weekly',1,41,6,9),
(954,1,5.00,5.00,0.00,0.00,0.00,0.00,0.00,'2025-12-08 10:13:25','weekly',1,41,7,13),
(955,1,5.00,5.00,0.00,0.00,0.00,0.00,0.00,'2025-12-08 10:13:25','weekly',1,41,1,17),
(956,1,5.00,5.00,0.00,0.00,0.00,0.00,0.00,'2025-12-08 10:13:25','weekly',1,41,6,36),
(957,1,5.00,5.00,0.00,0.00,0.00,0.00,0.00,'2025-12-08 10:13:25','weekly',1,41,7,15),
(958,1,5.00,5.00,0.00,0.00,0.00,0.00,0.00,'2025-12-08 10:13:25','weekly',1,41,4,4),
(959,1,5.00,5.00,0.00,0.00,0.00,0.00,0.00,'2025-12-08 10:13:25','weekly',1,41,3,50),
(960,1,5.00,5.00,0.00,0.00,0.00,0.00,0.00,'2025-12-08 10:13:25','weekly',1,41,4,33),
(961,1,5.00,5.00,0.00,0.00,0.00,0.00,0.00,'2025-12-08 10:13:25','weekly',1,41,9,26),
(962,1,5.00,5.00,0.00,0.00,0.00,0.00,0.00,'2025-12-08 10:13:25','weekly',1,41,4,6),
(963,1,5.00,5.00,0.00,0.00,0.00,0.00,0.00,'2025-12-08 10:13:25','weekly',1,41,6,7),
(964,1,5.00,5.00,0.00,0.00,0.00,0.00,0.00,'2025-12-08 10:13:25','weekly',1,41,NULL,27),
(965,1,5.00,5.00,0.00,0.00,0.00,0.00,0.00,'2025-12-08 10:13:25','weekly',1,41,1,18),
(966,1,5.00,5.00,0.00,0.00,0.00,0.00,0.00,'2025-12-08 10:13:25','weekly',1,41,5,25),
(967,1,5.00,5.00,0.00,0.00,0.00,0.00,0.00,'2025-12-08 10:13:25','weekly',1,41,1,16),
(968,1,5.00,5.00,0.00,0.00,0.00,0.00,0.00,'2025-12-08 10:13:25','weekly',1,41,6,8),
(969,1,5.00,5.00,0.00,0.00,0.00,0.00,0.00,'2025-12-08 10:13:25','weekly',1,41,4,28),
(970,1,5.00,5.00,0.00,0.00,0.00,0.00,0.00,'2025-12-08 10:13:25','weekly',1,41,6,11),
(971,1,5.00,5.00,0.00,0.00,0.00,0.00,0.00,'2025-12-08 10:13:25','weekly',1,41,4,5),
(972,1,5.00,5.00,0.00,0.00,0.00,0.00,0.00,'2025-12-08 10:13:25','weekly',1,41,1,46),
(973,1,5.00,5.00,0.00,0.00,0.00,0.00,0.00,'2025-12-08 10:13:25','weekly',1,41,4,32),
(974,1,5.00,5.00,0.00,0.00,0.00,0.00,0.00,'2025-12-08 10:13:25','weekly',1,41,7,42),
(975,1,5.00,5.00,0.00,0.00,0.00,0.00,0.00,'2025-12-08 10:13:25','weekly',1,41,6,35),
(976,1,5.00,5.00,0.00,0.00,0.00,0.00,0.00,'2025-12-08 10:13:25','weekly',1,41,7,41),
(977,1,5.00,5.00,0.00,0.00,0.00,0.00,0.00,'2025-12-08 10:13:25','weekly',1,41,1,19),
(978,1,5.00,5.00,0.00,0.00,0.00,0.00,0.00,'2025-12-08 10:13:25','weekly',1,41,10,49),
(979,1,5.00,5.00,0.00,0.00,0.00,0.00,0.00,'2025-12-08 10:13:25','weekly',1,41,7,39),
(980,1,5.00,5.00,0.00,0.00,0.00,0.00,0.00,'2025-12-08 10:13:25','weekly',1,41,4,1),
(981,1,5.00,5.00,0.00,0.00,0.00,0.00,0.00,'2025-12-08 10:13:25','weekly',1,41,6,37),
(982,1,5.00,5.00,0.00,0.00,0.00,0.00,0.00,'2025-12-08 10:13:25','weekly',1,41,6,34),
(983,1,5.00,5.00,0.00,0.00,0.00,0.00,0.00,'2025-12-08 10:13:25','weekly',1,41,4,3),
(984,1,5.00,5.00,0.00,0.00,0.00,0.00,0.00,'2025-12-08 10:13:25','weekly',1,41,10,22),
(985,1,5.00,5.00,0.00,0.00,0.00,0.00,0.00,'2025-12-08 10:13:25','weekly',1,41,7,14),
(986,1,5.00,5.00,0.00,0.00,0.00,0.00,0.00,'2025-12-08 10:13:25','weekly',1,41,7,12),
(987,1,5.00,5.00,0.00,0.00,0.00,0.00,0.00,'2025-12-08 10:13:25','weekly',1,41,9,52),
(988,1,5.00,5.00,0.00,0.00,0.00,0.00,0.00,'2025-12-08 10:13:25','weekly',1,41,1,45),
(989,1,5.00,5.00,0.00,0.00,0.00,0.00,0.00,'2025-12-08 10:13:25','weekly',1,42,1,44),
(990,1,5.00,5.00,0.00,0.00,0.00,0.00,0.00,'2025-12-08 10:13:25','weekly',1,42,2,21),
(991,1,5.00,5.00,0.00,0.00,0.00,0.00,0.00,'2025-12-08 10:13:25','weekly',1,42,2,20),
(992,1,5.00,5.00,0.00,0.00,0.00,0.00,0.00,'2025-12-08 10:13:25','weekly',1,42,3,48),
(993,1,5.00,5.00,0.00,0.00,0.00,0.00,0.00,'2025-12-08 10:13:25','weekly',1,42,4,2),
(994,1,5.00,5.00,0.00,0.00,0.00,0.00,0.00,'2025-12-08 10:13:25','weekly',1,42,1,43),
(995,1,5.00,5.00,0.00,0.00,0.00,0.00,0.00,'2025-12-08 10:13:25','weekly',1,42,4,31),
(996,1,5.00,5.00,0.00,0.00,0.00,0.00,0.00,'2025-12-08 10:13:25','weekly',1,42,4,30),
(997,1,5.00,5.00,0.00,0.00,0.00,0.00,0.00,'2025-12-08 10:13:25','weekly',1,42,4,29),
(998,1,5.00,5.00,0.00,0.00,0.00,0.00,0.00,'2025-12-08 10:13:25','weekly',1,42,5,51),
(999,1,5.00,5.00,0.00,0.00,0.00,0.00,0.00,'2025-12-08 10:13:25','weekly',1,42,2,47),
(1000,1,5.00,5.00,0.00,0.00,0.00,0.00,0.00,'2025-12-08 10:13:25','weekly',1,42,3,23),
(1001,1,5.00,5.00,0.00,0.00,0.00,0.00,0.00,'2025-12-08 10:13:25','weekly',1,42,6,10),
(1002,1,5.00,5.00,0.00,0.00,0.00,0.00,0.00,'2025-12-08 10:13:25','weekly',1,42,6,38),
(1003,1,5.00,5.00,0.00,0.00,0.00,0.00,0.00,'2025-12-08 10:13:25','weekly',1,42,7,40),
(1004,1,5.00,5.00,0.00,0.00,0.00,0.00,0.00,'2025-12-08 10:13:25','weekly',1,42,8,24),
(1005,1,5.00,5.00,0.00,0.00,0.00,0.00,0.00,'2025-12-08 10:13:25','weekly',1,42,6,9),
(1006,1,5.00,5.00,0.00,0.00,0.00,0.00,0.00,'2025-12-08 10:13:25','weekly',1,42,7,13),
(1007,1,5.00,5.00,0.00,0.00,0.00,0.00,0.00,'2025-12-08 10:13:25','weekly',1,42,1,17),
(1008,1,5.00,5.00,0.00,0.00,0.00,0.00,0.00,'2025-12-08 10:13:25','weekly',1,42,6,36),
(1009,1,5.00,5.00,0.00,0.00,0.00,0.00,0.00,'2025-12-08 10:13:25','weekly',1,42,7,15),
(1010,1,5.00,5.00,0.00,0.00,0.00,0.00,0.00,'2025-12-08 10:13:25','weekly',1,42,4,4),
(1011,1,5.00,5.00,0.00,0.00,0.00,0.00,0.00,'2025-12-08 10:13:25','weekly',1,42,3,50),
(1012,1,5.00,5.00,0.00,0.00,0.00,0.00,0.00,'2025-12-08 10:13:25','weekly',1,42,4,33),
(1013,1,5.00,5.00,0.00,0.00,0.00,0.00,0.00,'2025-12-08 10:13:25','weekly',1,42,9,26),
(1014,1,5.00,5.00,0.00,0.00,0.00,0.00,0.00,'2025-12-08 10:13:25','weekly',1,42,4,6),
(1015,1,5.00,5.00,0.00,0.00,0.00,0.00,0.00,'2025-12-08 10:13:25','weekly',1,42,6,7),
(1016,1,5.00,5.00,0.00,0.00,0.00,0.00,0.00,'2025-12-08 10:13:25','weekly',1,42,NULL,27),
(1017,1,5.00,5.00,0.00,0.00,0.00,0.00,0.00,'2025-12-08 10:13:25','weekly',1,42,1,18),
(1018,1,5.00,5.00,0.00,0.00,0.00,0.00,0.00,'2025-12-08 10:13:25','weekly',1,42,5,25),
(1019,1,5.00,5.00,0.00,0.00,0.00,0.00,0.00,'2025-12-08 10:13:25','weekly',1,42,1,16),
(1020,1,5.00,5.00,0.00,0.00,0.00,0.00,0.00,'2025-12-08 10:13:25','weekly',1,42,6,8),
(1021,1,5.00,5.00,0.00,0.00,0.00,0.00,0.00,'2025-12-08 10:13:25','weekly',1,42,4,28),
(1022,1,5.00,5.00,0.00,0.00,0.00,0.00,0.00,'2025-12-08 10:13:25','weekly',1,42,6,11),
(1023,1,5.00,5.00,0.00,0.00,0.00,0.00,0.00,'2025-12-08 10:13:25','weekly',1,42,4,5),
(1024,1,5.00,5.00,0.00,0.00,0.00,0.00,0.00,'2025-12-08 10:13:25','weekly',1,42,1,46),
(1025,1,5.00,5.00,0.00,0.00,0.00,0.00,0.00,'2025-12-08 10:13:25','weekly',1,42,4,32),
(1026,1,5.00,5.00,0.00,0.00,0.00,0.00,0.00,'2025-12-08 10:13:25','weekly',1,42,7,42),
(1027,1,5.00,5.00,0.00,0.00,0.00,0.00,0.00,'2025-12-08 10:13:25','weekly',1,42,6,35),
(1028,1,5.00,5.00,0.00,0.00,0.00,0.00,0.00,'2025-12-08 10:13:25','weekly',1,42,7,41),
(1029,1,5.00,5.00,0.00,0.00,0.00,0.00,0.00,'2025-12-08 10:13:25','weekly',1,42,1,19),
(1030,1,5.00,5.00,0.00,0.00,0.00,0.00,0.00,'2025-12-08 10:13:25','weekly',1,42,10,49),
(1031,1,5.00,5.00,0.00,0.00,0.00,0.00,0.00,'2025-12-08 10:13:25','weekly',1,42,7,39),
(1032,1,5.00,5.00,0.00,0.00,0.00,0.00,0.00,'2025-12-08 10:13:25','weekly',1,42,4,1),
(1033,1,5.00,5.00,0.00,0.00,0.00,0.00,0.00,'2025-12-08 10:13:25','weekly',1,42,6,37),
(1034,1,5.00,5.00,0.00,0.00,0.00,0.00,0.00,'2025-12-08 10:13:25','weekly',1,42,6,34),
(1035,1,5.00,5.00,0.00,0.00,0.00,0.00,0.00,'2025-12-08 10:13:25','weekly',1,42,4,3),
(1036,1,5.00,5.00,0.00,0.00,0.00,0.00,0.00,'2025-12-08 10:13:25','weekly',1,42,10,22),
(1037,1,5.00,5.00,0.00,0.00,0.00,0.00,0.00,'2025-12-08 10:13:25','weekly',1,42,7,14),
(1038,1,5.00,5.00,0.00,0.00,0.00,0.00,0.00,'2025-12-08 10:13:25','weekly',1,42,7,12),
(1039,1,5.00,5.00,0.00,0.00,0.00,0.00,0.00,'2025-12-08 10:13:25','weekly',1,42,9,52),
(1040,1,5.00,5.00,0.00,0.00,0.00,0.00,0.00,'2025-12-08 10:13:25','weekly',1,42,1,45),
(1041,1,5.00,5.00,0.00,0.00,0.00,0.00,0.00,'2025-12-08 10:13:25','weekly',1,43,1,44),
(1042,1,5.00,5.00,0.00,0.00,0.00,0.00,0.00,'2025-12-08 10:13:25','weekly',1,43,2,21),
(1043,1,5.00,5.00,0.00,0.00,0.00,0.00,0.00,'2025-12-08 10:13:25','weekly',1,43,2,20),
(1044,1,5.00,5.00,0.00,0.00,0.00,0.00,0.00,'2025-12-08 10:13:25','weekly',1,43,3,48),
(1045,1,5.00,5.00,0.00,0.00,0.00,0.00,0.00,'2025-12-08 10:13:25','weekly',1,43,4,2),
(1046,1,5.00,5.00,0.00,0.00,0.00,0.00,0.00,'2025-12-08 10:13:25','weekly',1,43,1,43),
(1047,1,5.00,5.00,0.00,0.00,0.00,0.00,0.00,'2025-12-08 10:13:25','weekly',1,43,4,31),
(1048,1,5.00,5.00,0.00,0.00,0.00,0.00,0.00,'2025-12-08 10:13:25','weekly',1,43,4,30),
(1049,1,5.00,5.00,0.00,0.00,0.00,0.00,0.00,'2025-12-08 10:13:25','weekly',1,43,4,29),
(1050,1,5.00,5.00,0.00,0.00,0.00,0.00,0.00,'2025-12-08 10:13:25','weekly',1,43,5,51),
(1051,1,5.00,5.00,0.00,0.00,0.00,0.00,0.00,'2025-12-08 10:13:25','weekly',1,43,2,47),
(1052,1,5.00,5.00,0.00,0.00,0.00,0.00,0.00,'2025-12-08 10:13:25','weekly',1,43,3,23),
(1053,1,5.00,5.00,0.00,0.00,0.00,0.00,0.00,'2025-12-08 10:13:25','weekly',1,43,6,10),
(1054,1,5.00,5.00,0.00,0.00,0.00,0.00,0.00,'2025-12-08 10:13:25','weekly',1,43,6,38),
(1055,1,5.00,5.00,0.00,0.00,0.00,0.00,0.00,'2025-12-08 10:13:25','weekly',1,43,7,40),
(1056,1,5.00,5.00,0.00,0.00,0.00,0.00,0.00,'2025-12-08 10:13:25','weekly',1,43,8,24),
(1057,1,5.00,5.00,0.00,0.00,0.00,0.00,0.00,'2025-12-08 10:13:25','weekly',1,43,6,9),
(1058,1,5.00,5.00,0.00,0.00,0.00,0.00,0.00,'2025-12-08 10:13:25','weekly',1,43,7,13),
(1059,1,5.00,5.00,0.00,0.00,0.00,0.00,0.00,'2025-12-08 10:13:25','weekly',1,43,1,17),
(1060,1,5.00,5.00,0.00,0.00,0.00,0.00,0.00,'2025-12-08 10:13:25','weekly',1,43,6,36),
(1061,1,5.00,5.00,0.00,0.00,0.00,0.00,0.00,'2025-12-08 10:13:25','weekly',1,43,7,15),
(1062,1,5.00,5.00,0.00,0.00,0.00,0.00,0.00,'2025-12-08 10:13:25','weekly',1,43,4,4),
(1063,1,5.00,5.00,0.00,0.00,0.00,0.00,0.00,'2025-12-08 10:13:25','weekly',1,43,3,50),
(1064,1,5.00,5.00,0.00,0.00,0.00,0.00,0.00,'2025-12-08 10:13:25','weekly',1,43,4,33),
(1065,1,5.00,5.00,0.00,0.00,0.00,0.00,0.00,'2025-12-08 10:13:25','weekly',1,43,9,26),
(1066,1,5.00,5.00,0.00,0.00,0.00,0.00,0.00,'2025-12-08 10:13:25','weekly',1,43,4,6),
(1067,1,5.00,5.00,0.00,0.00,0.00,0.00,0.00,'2025-12-08 10:13:25','weekly',1,43,6,7),
(1068,1,5.00,5.00,0.00,0.00,0.00,0.00,0.00,'2025-12-08 10:13:25','weekly',1,43,NULL,27),
(1069,1,5.00,5.00,0.00,0.00,0.00,0.00,0.00,'2025-12-08 10:13:25','weekly',1,43,1,18),
(1070,1,5.00,5.00,0.00,0.00,0.00,0.00,0.00,'2025-12-08 10:13:25','weekly',1,43,5,25),
(1071,1,5.00,5.00,0.00,0.00,0.00,0.00,0.00,'2025-12-08 10:13:25','weekly',1,43,1,16),
(1072,1,5.00,5.00,0.00,0.00,0.00,0.00,0.00,'2025-12-08 10:13:25','weekly',1,43,6,8),
(1073,1,5.00,5.00,0.00,0.00,0.00,0.00,0.00,'2025-12-08 10:13:25','weekly',1,43,4,28),
(1074,1,5.00,5.00,0.00,0.00,0.00,0.00,0.00,'2025-12-08 10:13:25','weekly',1,43,6,11),
(1075,1,5.00,5.00,0.00,0.00,0.00,0.00,0.00,'2025-12-08 10:13:25','weekly',1,43,4,5),
(1076,1,5.00,5.00,0.00,0.00,0.00,0.00,0.00,'2025-12-08 10:13:25','weekly',1,43,1,46),
(1077,1,5.00,5.00,0.00,0.00,0.00,0.00,0.00,'2025-12-08 10:13:25','weekly',1,43,4,32),
(1078,1,5.00,5.00,0.00,0.00,0.00,0.00,0.00,'2025-12-08 10:13:25','weekly',1,43,7,42),
(1079,1,5.00,5.00,0.00,0.00,0.00,0.00,0.00,'2025-12-08 10:13:25','weekly',1,43,6,35),
(1080,1,5.00,5.00,0.00,0.00,0.00,0.00,0.00,'2025-12-08 10:13:25','weekly',1,43,7,41),
(1081,1,5.00,5.00,0.00,0.00,0.00,0.00,0.00,'2025-12-08 10:13:25','weekly',1,43,1,19),
(1082,1,5.00,5.00,0.00,0.00,0.00,0.00,0.00,'2025-12-08 10:13:25','weekly',1,43,10,49),
(1083,1,5.00,5.00,0.00,0.00,0.00,0.00,0.00,'2025-12-08 10:13:25','weekly',1,43,7,39),
(1084,1,5.00,5.00,0.00,0.00,0.00,0.00,0.00,'2025-12-08 10:13:25','weekly',1,43,4,1),
(1085,1,5.00,5.00,0.00,0.00,0.00,0.00,0.00,'2025-12-08 10:13:25','weekly',1,43,6,37),
(1086,1,5.00,5.00,0.00,0.00,0.00,0.00,0.00,'2025-12-08 10:13:25','weekly',1,43,6,34),
(1087,1,5.00,5.00,0.00,0.00,0.00,0.00,0.00,'2025-12-08 10:13:25','weekly',1,43,4,3),
(1088,1,5.00,5.00,0.00,0.00,0.00,0.00,0.00,'2025-12-08 10:13:25','weekly',1,43,10,22),
(1089,1,5.00,5.00,0.00,0.00,0.00,0.00,0.00,'2025-12-08 10:13:25','weekly',1,43,7,14),
(1090,1,5.00,5.00,0.00,0.00,0.00,0.00,0.00,'2025-12-08 10:13:25','weekly',1,43,7,12),
(1091,1,5.00,5.00,0.00,0.00,0.00,0.00,0.00,'2025-12-08 10:13:25','weekly',1,43,9,52),
(1092,1,5.00,5.00,0.00,0.00,0.00,0.00,0.00,'2025-12-08 10:13:25','weekly',1,43,1,45),
(1093,1,5.00,5.00,0.00,0.00,0.00,0.00,0.00,'2025-12-08 10:13:25','weekly',1,44,1,44),
(1094,1,5.00,5.00,0.00,0.00,0.00,0.00,0.00,'2025-12-08 10:13:25','weekly',1,44,2,21),
(1095,1,5.00,5.00,0.00,0.00,0.00,0.00,0.00,'2025-12-08 10:13:25','weekly',1,44,2,20),
(1096,1,5.00,5.00,0.00,0.00,0.00,0.00,0.00,'2025-12-08 10:13:25','weekly',1,44,3,48),
(1097,1,5.00,5.00,0.00,0.00,0.00,0.00,0.00,'2025-12-08 10:13:25','weekly',1,44,4,2),
(1098,1,5.00,5.00,0.00,0.00,0.00,0.00,0.00,'2025-12-08 10:13:25','weekly',1,44,1,43),
(1099,1,5.00,5.00,0.00,0.00,0.00,0.00,0.00,'2025-12-08 10:13:25','weekly',1,44,4,31),
(1100,1,5.00,5.00,0.00,0.00,0.00,0.00,0.00,'2025-12-08 10:13:25','weekly',1,44,4,30),
(1101,1,5.00,5.00,0.00,0.00,0.00,0.00,0.00,'2025-12-08 10:13:25','weekly',1,44,4,29),
(1102,1,5.00,5.00,0.00,0.00,0.00,0.00,0.00,'2025-12-08 10:13:25','weekly',1,44,5,51),
(1103,1,5.00,5.00,0.00,0.00,0.00,0.00,0.00,'2025-12-08 10:13:25','weekly',1,44,2,47),
(1104,1,5.00,5.00,0.00,0.00,0.00,0.00,0.00,'2025-12-08 10:13:25','weekly',1,44,3,23),
(1105,1,5.00,5.00,0.00,0.00,0.00,0.00,0.00,'2025-12-08 10:13:25','weekly',1,44,6,10),
(1106,1,5.00,5.00,0.00,0.00,0.00,0.00,0.00,'2025-12-08 10:13:25','weekly',1,44,6,38),
(1107,1,5.00,5.00,0.00,0.00,0.00,0.00,0.00,'2025-12-08 10:13:25','weekly',1,44,7,40),
(1108,1,5.00,5.00,0.00,0.00,0.00,0.00,0.00,'2025-12-08 10:13:25','weekly',1,44,8,24),
(1109,1,5.00,5.00,0.00,0.00,0.00,0.00,0.00,'2025-12-08 10:13:25','weekly',1,44,6,9),
(1110,1,5.00,5.00,0.00,0.00,0.00,0.00,0.00,'2025-12-08 10:13:25','weekly',1,44,7,13),
(1111,1,5.00,5.00,0.00,0.00,0.00,0.00,0.00,'2025-12-08 10:13:25','weekly',1,44,1,17),
(1112,1,5.00,5.00,0.00,0.00,0.00,0.00,0.00,'2025-12-08 10:13:25','weekly',1,44,6,36),
(1113,1,5.00,5.00,0.00,0.00,0.00,0.00,0.00,'2025-12-08 10:13:25','weekly',1,44,7,15),
(1114,1,5.00,5.00,0.00,0.00,0.00,0.00,0.00,'2025-12-08 10:13:25','weekly',1,44,4,4),
(1115,1,5.00,5.00,0.00,0.00,0.00,0.00,0.00,'2025-12-08 10:13:25','weekly',1,44,3,50),
(1116,1,5.00,5.00,0.00,0.00,0.00,0.00,0.00,'2025-12-08 10:13:25','weekly',1,44,4,33),
(1117,1,5.00,5.00,0.00,0.00,0.00,0.00,0.00,'2025-12-08 10:13:25','weekly',1,44,9,26),
(1118,1,5.00,5.00,0.00,0.00,0.00,0.00,0.00,'2025-12-08 10:13:25','weekly',1,44,4,6),
(1119,1,5.00,5.00,0.00,0.00,0.00,0.00,0.00,'2025-12-08 10:13:25','weekly',1,44,6,7),
(1120,1,5.00,5.00,0.00,0.00,0.00,0.00,0.00,'2025-12-08 10:13:25','weekly',1,44,NULL,27),
(1121,1,5.00,5.00,0.00,0.00,0.00,0.00,0.00,'2025-12-08 10:13:25','weekly',1,44,1,18),
(1122,1,5.00,5.00,0.00,0.00,0.00,0.00,0.00,'2025-12-08 10:13:25','weekly',1,44,5,25),
(1123,1,5.00,5.00,0.00,0.00,0.00,0.00,0.00,'2025-12-08 10:13:25','weekly',1,44,1,16),
(1124,1,5.00,5.00,0.00,0.00,0.00,0.00,0.00,'2025-12-08 10:13:25','weekly',1,44,6,8),
(1125,1,5.00,5.00,0.00,0.00,0.00,0.00,0.00,'2025-12-08 10:13:25','weekly',1,44,4,28),
(1126,1,5.00,5.00,0.00,0.00,0.00,0.00,0.00,'2025-12-08 10:13:25','weekly',1,44,6,11),
(1127,1,5.00,5.00,0.00,0.00,0.00,0.00,0.00,'2025-12-08 10:13:25','weekly',1,44,4,5),
(1128,1,5.00,5.00,0.00,0.00,0.00,0.00,0.00,'2025-12-08 10:13:25','weekly',1,44,1,46),
(1129,1,5.00,5.00,0.00,0.00,0.00,0.00,0.00,'2025-12-08 10:13:25','weekly',1,44,4,32),
(1130,1,5.00,5.00,0.00,0.00,0.00,0.00,0.00,'2025-12-08 10:13:25','weekly',1,44,7,42),
(1131,1,5.00,5.00,0.00,0.00,0.00,0.00,0.00,'2025-12-08 10:13:25','weekly',1,44,6,35),
(1132,1,5.00,5.00,0.00,0.00,0.00,0.00,0.00,'2025-12-08 10:13:25','weekly',1,44,7,41),
(1133,1,5.00,5.00,0.00,0.00,0.00,0.00,0.00,'2025-12-08 10:13:25','weekly',1,44,1,19),
(1134,1,5.00,5.00,0.00,0.00,0.00,0.00,0.00,'2025-12-08 10:13:25','weekly',1,44,10,49),
(1135,1,5.00,5.00,0.00,0.00,0.00,0.00,0.00,'2025-12-08 10:13:25','weekly',1,44,7,39),
(1136,1,5.00,5.00,0.00,0.00,0.00,0.00,0.00,'2025-12-08 10:13:25','weekly',1,44,4,1),
(1137,1,5.00,5.00,0.00,0.00,0.00,0.00,0.00,'2025-12-08 10:13:25','weekly',1,44,6,37),
(1138,1,5.00,5.00,0.00,0.00,0.00,0.00,0.00,'2025-12-08 10:13:25','weekly',1,44,6,34),
(1139,1,5.00,5.00,0.00,0.00,0.00,0.00,0.00,'2025-12-08 10:13:25','weekly',1,44,4,3),
(1140,1,5.00,5.00,0.00,0.00,0.00,0.00,0.00,'2025-12-08 10:13:25','weekly',1,44,10,22),
(1141,1,5.00,5.00,0.00,0.00,0.00,0.00,0.00,'2025-12-08 10:13:25','weekly',1,44,7,14),
(1142,1,5.00,5.00,0.00,0.00,0.00,0.00,0.00,'2025-12-08 10:13:25','weekly',1,44,7,12),
(1143,1,5.00,5.00,0.00,0.00,0.00,0.00,0.00,'2025-12-08 10:13:25','weekly',1,44,9,52),
(1144,1,5.00,5.00,0.00,0.00,0.00,0.00,0.00,'2025-12-08 10:13:25','weekly',1,44,1,45),
(1145,1,5.00,5.00,0.00,0.00,0.00,0.00,0.00,'2025-12-08 10:13:25','weekly',1,45,1,44),
(1146,1,5.00,5.00,0.00,0.00,0.00,0.00,0.00,'2025-12-08 10:13:25','weekly',1,45,2,21),
(1147,1,5.00,5.00,0.00,0.00,0.00,0.00,0.00,'2025-12-08 10:13:25','weekly',1,45,2,20),
(1148,1,5.00,5.00,0.00,0.00,0.00,0.00,0.00,'2025-12-08 10:13:25','weekly',1,45,3,48),
(1149,1,5.00,5.00,0.00,0.00,0.00,0.00,0.00,'2025-12-08 10:13:25','weekly',1,45,4,2),
(1150,1,5.00,5.00,0.00,0.00,0.00,0.00,0.00,'2025-12-08 10:13:25','weekly',1,45,1,43),
(1151,1,5.00,5.00,0.00,0.00,0.00,0.00,0.00,'2025-12-08 10:13:25','weekly',1,45,4,31),
(1152,1,5.00,5.00,0.00,0.00,0.00,0.00,0.00,'2025-12-08 10:13:25','weekly',1,45,4,30),
(1153,1,5.00,5.00,0.00,0.00,0.00,0.00,0.00,'2025-12-08 10:13:25','weekly',1,45,4,29),
(1154,1,5.00,5.00,0.00,0.00,0.00,0.00,0.00,'2025-12-08 10:13:25','weekly',1,45,5,51),
(1155,1,5.00,5.00,0.00,0.00,0.00,0.00,0.00,'2025-12-08 10:13:25','weekly',1,45,2,47),
(1156,1,5.00,5.00,0.00,0.00,0.00,0.00,0.00,'2025-12-08 10:13:25','weekly',1,45,3,23),
(1157,1,5.00,5.00,0.00,0.00,0.00,0.00,0.00,'2025-12-08 10:13:25','weekly',1,45,6,10),
(1158,1,5.00,5.00,0.00,0.00,0.00,0.00,0.00,'2025-12-08 10:13:25','weekly',1,45,6,38),
(1159,1,5.00,5.00,0.00,0.00,0.00,0.00,0.00,'2025-12-08 10:13:25','weekly',1,45,7,40),
(1160,1,5.00,5.00,0.00,0.00,0.00,0.00,0.00,'2025-12-08 10:13:25','weekly',1,45,8,24),
(1161,1,5.00,5.00,0.00,0.00,0.00,0.00,0.00,'2025-12-08 10:13:25','weekly',1,45,6,9),
(1162,1,5.00,5.00,0.00,0.00,0.00,0.00,0.00,'2025-12-08 10:13:25','weekly',1,45,7,13),
(1163,1,5.00,5.00,0.00,0.00,0.00,0.00,0.00,'2025-12-08 10:13:25','weekly',1,45,1,17),
(1164,1,5.00,5.00,0.00,0.00,0.00,0.00,0.00,'2025-12-08 10:13:25','weekly',1,45,6,36),
(1165,1,5.00,5.00,0.00,0.00,0.00,0.00,0.00,'2025-12-08 10:13:25','weekly',1,45,7,15),
(1166,1,5.00,5.00,0.00,0.00,0.00,0.00,0.00,'2025-12-08 10:13:25','weekly',1,45,4,4),
(1167,1,5.00,5.00,0.00,0.00,0.00,0.00,0.00,'2025-12-08 10:13:25','weekly',1,45,3,50),
(1168,1,5.00,5.00,0.00,0.00,0.00,0.00,0.00,'2025-12-08 10:13:25','weekly',1,45,4,33),
(1169,1,5.00,5.00,0.00,0.00,0.00,0.00,0.00,'2025-12-08 10:13:25','weekly',1,45,9,26),
(1170,1,5.00,5.00,0.00,0.00,0.00,0.00,0.00,'2025-12-08 10:13:25','weekly',1,45,4,6),
(1171,1,5.00,5.00,0.00,0.00,0.00,0.00,0.00,'2025-12-08 10:13:25','weekly',1,45,6,7),
(1172,1,5.00,5.00,0.00,0.00,0.00,0.00,0.00,'2025-12-08 10:13:25','weekly',1,45,NULL,27),
(1173,1,5.00,5.00,0.00,0.00,0.00,0.00,0.00,'2025-12-08 10:13:25','weekly',1,45,1,18),
(1174,1,5.00,5.00,0.00,0.00,0.00,0.00,0.00,'2025-12-08 10:13:25','weekly',1,45,5,25),
(1175,1,5.00,5.00,0.00,0.00,0.00,0.00,0.00,'2025-12-08 10:13:25','weekly',1,45,1,16),
(1176,1,5.00,5.00,0.00,0.00,0.00,0.00,0.00,'2025-12-08 10:13:25','weekly',1,45,6,8),
(1177,1,5.00,5.00,0.00,0.00,0.00,0.00,0.00,'2025-12-08 10:13:25','weekly',1,45,4,28),
(1178,1,5.00,5.00,0.00,0.00,0.00,0.00,0.00,'2025-12-08 10:13:25','weekly',1,45,6,11),
(1179,1,5.00,5.00,0.00,0.00,0.00,0.00,0.00,'2025-12-08 10:13:25','weekly',1,45,4,5),
(1180,1,5.00,5.00,0.00,0.00,0.00,0.00,0.00,'2025-12-08 10:13:25','weekly',1,45,1,46),
(1181,1,5.00,5.00,0.00,0.00,0.00,0.00,0.00,'2025-12-08 10:13:25','weekly',1,45,4,32),
(1182,1,5.00,5.00,0.00,0.00,0.00,0.00,0.00,'2025-12-08 10:13:25','weekly',1,45,7,42),
(1183,1,5.00,5.00,0.00,0.00,0.00,0.00,0.00,'2025-12-08 10:13:25','weekly',1,45,6,35),
(1184,1,5.00,5.00,0.00,0.00,0.00,0.00,0.00,'2025-12-08 10:13:25','weekly',1,45,7,41),
(1185,1,5.00,5.00,0.00,0.00,0.00,0.00,0.00,'2025-12-08 10:13:25','weekly',1,45,1,19),
(1186,1,5.00,5.00,0.00,0.00,0.00,0.00,0.00,'2025-12-08 10:13:25','weekly',1,45,10,49),
(1187,1,5.00,5.00,0.00,0.00,0.00,0.00,0.00,'2025-12-08 10:13:25','weekly',1,45,7,39),
(1188,1,5.00,5.00,0.00,0.00,0.00,0.00,0.00,'2025-12-08 10:13:25','weekly',1,45,4,1),
(1189,1,5.00,5.00,0.00,0.00,0.00,0.00,0.00,'2025-12-08 10:13:25','weekly',1,45,6,37),
(1190,1,5.00,5.00,0.00,0.00,0.00,0.00,0.00,'2025-12-08 10:13:25','weekly',1,45,6,34),
(1191,1,5.00,5.00,0.00,0.00,0.00,0.00,0.00,'2025-12-08 10:13:25','weekly',1,45,4,3),
(1192,1,5.00,5.00,0.00,0.00,0.00,0.00,0.00,'2025-12-08 10:13:25','weekly',1,45,10,22),
(1193,1,5.00,5.00,0.00,0.00,0.00,0.00,0.00,'2025-12-08 10:13:25','weekly',1,45,7,14),
(1194,1,5.00,5.00,0.00,0.00,0.00,0.00,0.00,'2025-12-08 10:13:25','weekly',1,45,7,12),
(1195,1,5.00,5.00,0.00,0.00,0.00,0.00,0.00,'2025-12-08 10:13:25','weekly',1,45,9,52),
(1196,1,5.00,5.00,0.00,0.00,0.00,0.00,0.00,'2025-12-08 10:13:25','weekly',1,45,1,45),
(1197,1,5.00,5.00,0.00,0.00,0.00,0.00,0.00,'2025-12-08 10:13:25','weekly',1,46,1,44),
(1198,1,5.00,5.00,0.00,0.00,0.00,0.00,0.00,'2025-12-08 10:13:25','weekly',1,46,2,21),
(1199,1,5.00,5.00,0.00,0.00,0.00,0.00,0.00,'2025-12-08 10:13:25','weekly',1,46,2,20),
(1200,1,5.00,5.00,0.00,0.00,0.00,0.00,0.00,'2025-12-08 10:13:25','weekly',1,46,3,48),
(1201,1,5.00,5.00,0.00,0.00,0.00,0.00,0.00,'2025-12-08 10:13:25','weekly',1,46,4,2),
(1202,1,5.00,5.00,0.00,0.00,0.00,0.00,0.00,'2025-12-08 10:13:25','weekly',1,46,1,43),
(1203,1,5.00,5.00,0.00,0.00,0.00,0.00,0.00,'2025-12-08 10:13:25','weekly',1,46,4,31),
(1204,1,5.00,5.00,0.00,0.00,0.00,0.00,0.00,'2025-12-08 10:13:25','weekly',1,46,4,30),
(1205,1,5.00,5.00,0.00,0.00,0.00,0.00,0.00,'2025-12-08 10:13:25','weekly',1,46,4,29),
(1206,1,5.00,5.00,0.00,0.00,0.00,0.00,0.00,'2025-12-08 10:13:25','weekly',1,46,5,51),
(1207,1,5.00,5.00,0.00,0.00,0.00,0.00,0.00,'2025-12-08 10:13:25','weekly',1,46,2,47),
(1208,1,5.00,5.00,0.00,0.00,0.00,0.00,0.00,'2025-12-08 10:13:25','weekly',1,46,3,23),
(1209,1,5.00,5.00,0.00,0.00,0.00,0.00,0.00,'2025-12-08 10:13:25','weekly',1,46,6,10),
(1210,1,5.00,5.00,0.00,0.00,0.00,0.00,0.00,'2025-12-08 10:13:25','weekly',1,46,6,38),
(1211,1,5.00,5.00,0.00,0.00,0.00,0.00,0.00,'2025-12-08 10:13:25','weekly',1,46,7,40),
(1212,1,5.00,5.00,0.00,0.00,0.00,0.00,0.00,'2025-12-08 10:13:25','weekly',1,46,8,24),
(1213,1,5.00,5.00,0.00,0.00,0.00,0.00,0.00,'2025-12-08 10:13:25','weekly',1,46,6,9),
(1214,1,5.00,5.00,0.00,0.00,0.00,0.00,0.00,'2025-12-08 10:13:25','weekly',1,46,7,13),
(1215,1,5.00,5.00,0.00,0.00,0.00,0.00,0.00,'2025-12-08 10:13:25','weekly',1,46,1,17),
(1216,1,5.00,5.00,0.00,0.00,0.00,0.00,0.00,'2025-12-08 10:13:25','weekly',1,46,6,36),
(1217,1,5.00,5.00,0.00,0.00,0.00,0.00,0.00,'2025-12-08 10:13:25','weekly',1,46,7,15),
(1218,1,5.00,5.00,0.00,0.00,0.00,0.00,0.00,'2025-12-08 10:13:25','weekly',1,46,4,4),
(1219,1,5.00,5.00,0.00,0.00,0.00,0.00,0.00,'2025-12-08 10:13:25','weekly',1,46,3,50),
(1220,1,5.00,5.00,0.00,0.00,0.00,0.00,0.00,'2025-12-08 10:13:25','weekly',1,46,4,33),
(1221,1,5.00,5.00,0.00,0.00,0.00,0.00,0.00,'2025-12-08 10:13:25','weekly',1,46,9,26),
(1222,1,5.00,5.00,0.00,0.00,0.00,0.00,0.00,'2025-12-08 10:13:25','weekly',1,46,4,6),
(1223,1,5.00,5.00,0.00,0.00,0.00,0.00,0.00,'2025-12-08 10:13:25','weekly',1,46,6,7),
(1224,1,5.00,5.00,0.00,0.00,0.00,0.00,0.00,'2025-12-08 10:13:25','weekly',1,46,NULL,27),
(1225,1,5.00,5.00,0.00,0.00,0.00,0.00,0.00,'2025-12-08 10:13:25','weekly',1,46,1,18),
(1226,1,5.00,5.00,0.00,0.00,0.00,0.00,0.00,'2025-12-08 10:13:25','weekly',1,46,5,25),
(1227,1,5.00,5.00,0.00,0.00,0.00,0.00,0.00,'2025-12-08 10:13:25','weekly',1,46,1,16),
(1228,1,5.00,5.00,0.00,0.00,0.00,0.00,0.00,'2025-12-08 10:13:25','weekly',1,46,6,8),
(1229,1,5.00,5.00,0.00,0.00,0.00,0.00,0.00,'2025-12-08 10:13:25','weekly',1,46,4,28),
(1230,1,5.00,5.00,0.00,0.00,0.00,0.00,0.00,'2025-12-08 10:13:25','weekly',1,46,6,11),
(1231,1,5.00,5.00,0.00,0.00,0.00,0.00,0.00,'2025-12-08 10:13:25','weekly',1,46,4,5),
(1232,1,5.00,5.00,0.00,0.00,0.00,0.00,0.00,'2025-12-08 10:13:25','weekly',1,46,1,46),
(1233,1,5.00,5.00,0.00,0.00,0.00,0.00,0.00,'2025-12-08 10:13:25','weekly',1,46,4,32),
(1234,1,5.00,5.00,0.00,0.00,0.00,0.00,0.00,'2025-12-08 10:13:25','weekly',1,46,7,42),
(1235,1,5.00,5.00,0.00,0.00,0.00,0.00,0.00,'2025-12-08 10:13:25','weekly',1,46,6,35),
(1236,1,5.00,5.00,0.00,0.00,0.00,0.00,0.00,'2025-12-08 10:13:25','weekly',1,46,7,41),
(1237,1,5.00,5.00,0.00,0.00,0.00,0.00,0.00,'2025-12-08 10:13:25','weekly',1,46,1,19),
(1238,1,5.00,5.00,0.00,0.00,0.00,0.00,0.00,'2025-12-08 10:13:25','weekly',1,46,10,49),
(1239,1,5.00,5.00,0.00,0.00,0.00,0.00,0.00,'2025-12-08 10:13:25','weekly',1,46,7,39),
(1240,1,5.00,5.00,0.00,0.00,0.00,0.00,0.00,'2025-12-08 10:13:25','weekly',1,46,4,1),
(1241,1,5.00,5.00,0.00,0.00,0.00,0.00,0.00,'2025-12-08 10:13:25','weekly',1,46,6,37),
(1242,1,5.00,5.00,0.00,0.00,0.00,0.00,0.00,'2025-12-08 10:13:25','weekly',1,46,6,34),
(1243,1,5.00,5.00,0.00,0.00,0.00,0.00,0.00,'2025-12-08 10:13:25','weekly',1,46,4,3),
(1244,1,5.00,5.00,0.00,0.00,0.00,0.00,0.00,'2025-12-08 10:13:25','weekly',1,46,10,22),
(1245,1,5.00,5.00,0.00,0.00,0.00,0.00,0.00,'2025-12-08 10:13:25','weekly',1,46,7,14),
(1246,1,5.00,5.00,0.00,0.00,0.00,0.00,0.00,'2025-12-08 10:13:25','weekly',1,46,7,12),
(1247,1,5.00,5.00,0.00,0.00,0.00,0.00,0.00,'2025-12-08 10:13:25','weekly',1,46,9,52),
(1248,1,5.00,5.00,0.00,0.00,0.00,0.00,0.00,'2025-12-08 10:13:25','weekly',1,46,1,45),
(1249,1,5.00,5.00,0.00,0.00,0.00,0.00,0.00,'2025-12-08 10:13:25','weekly',1,47,1,44),
(1250,1,5.00,5.00,0.00,0.00,0.00,0.00,0.00,'2025-12-08 10:13:25','weekly',1,47,2,21),
(1251,1,5.00,5.00,0.00,0.00,0.00,0.00,0.00,'2025-12-08 10:13:25','weekly',1,47,2,20),
(1252,1,5.00,5.00,0.00,0.00,0.00,0.00,0.00,'2025-12-08 10:13:25','weekly',1,47,3,48),
(1253,1,5.00,5.00,0.00,0.00,0.00,0.00,0.00,'2025-12-08 10:13:25','weekly',1,47,4,2),
(1254,1,5.00,5.00,0.00,0.00,0.00,0.00,0.00,'2025-12-08 10:13:25','weekly',1,47,1,43),
(1255,1,5.00,5.00,0.00,0.00,0.00,0.00,0.00,'2025-12-08 10:13:25','weekly',1,47,4,31),
(1256,1,5.00,5.00,0.00,0.00,0.00,0.00,0.00,'2025-12-08 10:13:25','weekly',1,47,4,30),
(1257,1,5.00,5.00,0.00,0.00,0.00,0.00,0.00,'2025-12-08 10:13:25','weekly',1,47,4,29),
(1258,1,5.00,5.00,0.00,0.00,0.00,0.00,0.00,'2025-12-08 10:13:25','weekly',1,47,5,51),
(1259,1,5.00,5.00,0.00,0.00,0.00,0.00,0.00,'2025-12-08 10:13:25','weekly',1,47,2,47),
(1260,1,5.00,5.00,0.00,0.00,0.00,0.00,0.00,'2025-12-08 10:13:25','weekly',1,47,3,23),
(1261,1,5.00,5.00,0.00,0.00,0.00,0.00,0.00,'2025-12-08 10:13:25','weekly',1,47,6,10),
(1262,1,5.00,5.00,0.00,0.00,0.00,0.00,0.00,'2025-12-08 10:13:25','weekly',1,47,6,38),
(1263,1,5.00,5.00,0.00,0.00,0.00,0.00,0.00,'2025-12-08 10:13:25','weekly',1,47,7,40),
(1264,1,5.00,5.00,0.00,0.00,0.00,0.00,0.00,'2025-12-08 10:13:25','weekly',1,47,8,24),
(1265,1,5.00,5.00,0.00,0.00,0.00,0.00,0.00,'2025-12-08 10:13:25','weekly',1,47,6,9),
(1266,1,5.00,5.00,0.00,0.00,0.00,0.00,0.00,'2025-12-08 10:13:25','weekly',1,47,7,13),
(1267,1,5.00,5.00,0.00,0.00,0.00,0.00,0.00,'2025-12-08 10:13:25','weekly',1,47,1,17),
(1268,1,5.00,5.00,0.00,0.00,0.00,0.00,0.00,'2025-12-08 10:13:25','weekly',1,47,6,36),
(1269,1,5.00,5.00,0.00,0.00,0.00,0.00,0.00,'2025-12-08 10:13:25','weekly',1,47,7,15),
(1270,1,5.00,5.00,0.00,0.00,0.00,0.00,0.00,'2025-12-08 10:13:25','weekly',1,47,4,4),
(1271,1,5.00,5.00,0.00,0.00,0.00,0.00,0.00,'2025-12-08 10:13:25','weekly',1,47,3,50),
(1272,1,5.00,5.00,0.00,0.00,0.00,0.00,0.00,'2025-12-08 10:13:25','weekly',1,47,4,33),
(1273,1,5.00,5.00,0.00,0.00,0.00,0.00,0.00,'2025-12-08 10:13:25','weekly',1,47,9,26),
(1274,1,5.00,5.00,0.00,0.00,0.00,0.00,0.00,'2025-12-08 10:13:25','weekly',1,47,4,6),
(1275,1,5.00,5.00,0.00,0.00,0.00,0.00,0.00,'2025-12-08 10:13:25','weekly',1,47,6,7),
(1276,1,5.00,5.00,0.00,0.00,0.00,0.00,0.00,'2025-12-08 10:13:25','weekly',1,47,NULL,27),
(1277,1,5.00,5.00,0.00,0.00,0.00,0.00,0.00,'2025-12-08 10:13:25','weekly',1,47,1,18),
(1278,1,5.00,5.00,0.00,0.00,0.00,0.00,0.00,'2025-12-08 10:13:25','weekly',1,47,5,25),
(1279,1,5.00,5.00,0.00,0.00,0.00,0.00,0.00,'2025-12-08 10:13:25','weekly',1,47,1,16),
(1280,1,5.00,5.00,0.00,0.00,0.00,0.00,0.00,'2025-12-08 10:13:25','weekly',1,47,6,8),
(1281,1,5.00,5.00,0.00,0.00,0.00,0.00,0.00,'2025-12-08 10:13:25','weekly',1,47,4,28),
(1282,1,5.00,5.00,0.00,0.00,0.00,0.00,0.00,'2025-12-08 10:13:25','weekly',1,47,6,11),
(1283,1,5.00,5.00,0.00,0.00,0.00,0.00,0.00,'2025-12-08 10:13:25','weekly',1,47,4,5),
(1284,1,5.00,5.00,0.00,0.00,0.00,0.00,0.00,'2025-12-08 10:13:25','weekly',1,47,1,46),
(1285,1,5.00,5.00,0.00,0.00,0.00,0.00,0.00,'2025-12-08 10:13:25','weekly',1,47,4,32),
(1286,1,5.00,5.00,0.00,0.00,0.00,0.00,0.00,'2025-12-08 10:13:25','weekly',1,47,7,42),
(1287,1,5.00,5.00,0.00,0.00,0.00,0.00,0.00,'2025-12-08 10:13:25','weekly',1,47,6,35),
(1288,1,5.00,5.00,0.00,0.00,0.00,0.00,0.00,'2025-12-08 10:13:25','weekly',1,47,7,41),
(1289,1,5.00,5.00,0.00,0.00,0.00,0.00,0.00,'2025-12-08 10:13:25','weekly',1,47,1,19),
(1290,1,5.00,5.00,0.00,0.00,0.00,0.00,0.00,'2025-12-08 10:13:25','weekly',1,47,10,49),
(1291,1,5.00,5.00,0.00,0.00,0.00,0.00,0.00,'2025-12-08 10:13:25','weekly',1,47,7,39),
(1292,1,5.00,5.00,0.00,0.00,0.00,0.00,0.00,'2025-12-08 10:13:25','weekly',1,47,4,1),
(1293,1,5.00,5.00,0.00,0.00,0.00,0.00,0.00,'2025-12-08 10:13:25','weekly',1,47,6,37),
(1294,1,5.00,5.00,0.00,0.00,0.00,0.00,0.00,'2025-12-08 10:13:25','weekly',1,47,6,34),
(1295,1,5.00,5.00,0.00,0.00,0.00,0.00,0.00,'2025-12-08 10:13:25','weekly',1,47,4,3),
(1296,1,5.00,5.00,0.00,0.00,0.00,0.00,0.00,'2025-12-08 10:13:25','weekly',1,47,10,22),
(1297,1,5.00,5.00,0.00,0.00,0.00,0.00,0.00,'2025-12-08 10:13:25','weekly',1,47,7,14),
(1298,1,5.00,5.00,0.00,0.00,0.00,0.00,0.00,'2025-12-08 10:13:25','weekly',1,47,7,12),
(1299,1,5.00,5.00,0.00,0.00,0.00,0.00,0.00,'2025-12-08 10:13:25','weekly',1,47,9,52),
(1300,1,5.00,5.00,0.00,0.00,0.00,0.00,0.00,'2025-12-08 10:13:25','weekly',1,47,1,45),
(1301,1,5.00,5.00,0.00,0.00,0.00,0.00,0.00,'2025-12-08 10:13:25','weekly',1,48,1,44),
(1302,1,5.00,5.00,0.00,0.00,0.00,0.00,0.00,'2025-12-08 10:13:25','weekly',1,48,2,21),
(1303,1,5.00,5.00,0.00,0.00,0.00,0.00,0.00,'2025-12-08 10:13:25','weekly',1,48,2,20),
(1304,1,5.00,5.00,0.00,0.00,0.00,0.00,0.00,'2025-12-08 10:13:25','weekly',1,48,3,48),
(1305,1,5.00,5.00,0.00,0.00,0.00,0.00,0.00,'2025-12-08 10:13:25','weekly',1,48,4,2),
(1306,1,5.00,5.00,0.00,0.00,0.00,0.00,0.00,'2025-12-08 10:13:25','weekly',1,48,1,43),
(1307,1,5.00,5.00,0.00,0.00,0.00,0.00,0.00,'2025-12-08 10:13:25','weekly',1,48,4,31),
(1308,1,5.00,5.00,0.00,0.00,0.00,0.00,0.00,'2025-12-08 10:13:25','weekly',1,48,4,30),
(1309,1,5.00,5.00,0.00,0.00,0.00,0.00,0.00,'2025-12-08 10:13:25','weekly',1,48,4,29),
(1310,1,5.00,5.00,0.00,0.00,0.00,0.00,0.00,'2025-12-08 10:13:25','weekly',1,48,5,51),
(1311,1,5.00,5.00,0.00,0.00,0.00,0.00,0.00,'2025-12-08 10:13:25','weekly',1,48,2,47),
(1312,1,5.00,5.00,0.00,0.00,0.00,0.00,0.00,'2025-12-08 10:13:25','weekly',1,48,3,23),
(1313,1,5.00,5.00,0.00,0.00,0.00,0.00,0.00,'2025-12-08 10:13:25','weekly',1,48,6,10),
(1314,1,5.00,5.00,0.00,0.00,0.00,0.00,0.00,'2025-12-08 10:13:25','weekly',1,48,6,38),
(1315,1,5.00,5.00,0.00,0.00,0.00,0.00,0.00,'2025-12-08 10:13:25','weekly',1,48,7,40),
(1316,1,5.00,5.00,0.00,0.00,0.00,0.00,0.00,'2025-12-08 10:13:25','weekly',1,48,8,24),
(1317,1,5.00,5.00,0.00,0.00,0.00,0.00,0.00,'2025-12-08 10:13:25','weekly',1,48,6,9),
(1318,1,5.00,5.00,0.00,0.00,0.00,0.00,0.00,'2025-12-08 10:13:25','weekly',1,48,7,13),
(1319,1,5.00,5.00,0.00,0.00,0.00,0.00,0.00,'2025-12-08 10:13:25','weekly',1,48,1,17),
(1320,1,5.00,5.00,0.00,0.00,0.00,0.00,0.00,'2025-12-08 10:13:25','weekly',1,48,6,36),
(1321,1,5.00,5.00,0.00,0.00,0.00,0.00,0.00,'2025-12-08 10:13:25','weekly',1,48,7,15),
(1322,1,5.00,5.00,0.00,0.00,0.00,0.00,0.00,'2025-12-08 10:13:25','weekly',1,48,4,4),
(1323,1,5.00,5.00,0.00,0.00,0.00,0.00,0.00,'2025-12-08 10:13:25','weekly',1,48,3,50),
(1324,1,5.00,5.00,0.00,0.00,0.00,0.00,0.00,'2025-12-08 10:13:25','weekly',1,48,4,33),
(1325,1,5.00,5.00,0.00,0.00,0.00,0.00,0.00,'2025-12-08 10:13:25','weekly',1,48,9,26),
(1326,1,5.00,5.00,0.00,0.00,0.00,0.00,0.00,'2025-12-08 10:13:25','weekly',1,48,4,6),
(1327,1,5.00,5.00,0.00,0.00,0.00,0.00,0.00,'2025-12-08 10:13:25','weekly',1,48,6,7),
(1328,1,5.00,5.00,0.00,0.00,0.00,0.00,0.00,'2025-12-08 10:13:25','weekly',1,48,NULL,27),
(1329,1,5.00,5.00,0.00,0.00,0.00,0.00,0.00,'2025-12-08 10:13:25','weekly',1,48,1,18),
(1330,1,5.00,5.00,0.00,0.00,0.00,0.00,0.00,'2025-12-08 10:13:25','weekly',1,48,5,25),
(1331,1,5.00,5.00,0.00,0.00,0.00,0.00,0.00,'2025-12-08 10:13:25','weekly',1,48,1,16),
(1332,1,5.00,5.00,0.00,0.00,0.00,0.00,0.00,'2025-12-08 10:13:25','weekly',1,48,6,8),
(1333,1,5.00,5.00,0.00,0.00,0.00,0.00,0.00,'2025-12-08 10:13:25','weekly',1,48,4,28),
(1334,1,5.00,5.00,0.00,0.00,0.00,0.00,0.00,'2025-12-08 10:13:25','weekly',1,48,6,11),
(1335,1,5.00,5.00,0.00,0.00,0.00,0.00,0.00,'2025-12-08 10:13:25','weekly',1,48,4,5),
(1336,1,5.00,5.00,0.00,0.00,0.00,0.00,0.00,'2025-12-08 10:13:25','weekly',1,48,1,46),
(1337,1,5.00,5.00,0.00,0.00,0.00,0.00,0.00,'2025-12-08 10:13:25','weekly',1,48,4,32),
(1338,1,5.00,5.00,0.00,0.00,0.00,0.00,0.00,'2025-12-08 10:13:25','weekly',1,48,7,42),
(1339,1,5.00,5.00,0.00,0.00,0.00,0.00,0.00,'2025-12-08 10:13:25','weekly',1,48,6,35),
(1340,1,5.00,5.00,0.00,0.00,0.00,0.00,0.00,'2025-12-08 10:13:25','weekly',1,48,7,41),
(1341,1,5.00,5.00,0.00,0.00,0.00,0.00,0.00,'2025-12-08 10:13:25','weekly',1,48,1,19),
(1342,1,5.00,5.00,0.00,0.00,0.00,0.00,0.00,'2025-12-08 10:13:25','weekly',1,48,10,49),
(1343,1,5.00,5.00,0.00,0.00,0.00,0.00,0.00,'2025-12-08 10:13:25','weekly',1,48,7,39),
(1344,1,5.00,5.00,0.00,0.00,0.00,0.00,0.00,'2025-12-08 10:13:25','weekly',1,48,4,1),
(1345,1,5.00,5.00,0.00,0.00,0.00,0.00,0.00,'2025-12-08 10:13:25','weekly',1,48,6,37),
(1346,1,5.00,5.00,0.00,0.00,0.00,0.00,0.00,'2025-12-08 10:13:25','weekly',1,48,6,34),
(1347,1,5.00,5.00,0.00,0.00,0.00,0.00,0.00,'2025-12-08 10:13:25','weekly',1,48,4,3),
(1348,1,5.00,5.00,0.00,0.00,0.00,0.00,0.00,'2025-12-08 10:13:25','weekly',1,48,10,22),
(1349,1,5.00,5.00,0.00,0.00,0.00,0.00,0.00,'2025-12-08 10:13:25','weekly',1,48,7,14),
(1350,1,5.00,5.00,0.00,0.00,0.00,0.00,0.00,'2025-12-08 10:13:25','weekly',1,48,7,12),
(1351,1,5.00,5.00,0.00,0.00,0.00,0.00,0.00,'2025-12-08 10:13:25','weekly',1,48,9,52),
(1352,1,5.00,5.00,0.00,0.00,0.00,0.00,0.00,'2025-12-08 10:13:25','weekly',1,48,1,45),
(1353,1,5.00,5.00,0.00,0.00,0.00,0.00,0.00,'2025-12-08 10:13:25','weekly',1,49,1,44),
(1354,1,5.00,5.00,0.00,0.00,0.00,0.00,0.00,'2025-12-08 10:13:25','weekly',1,49,2,21),
(1355,1,5.00,5.00,0.00,0.00,0.00,0.00,0.00,'2025-12-08 10:13:25','weekly',1,49,2,20),
(1356,1,5.00,5.00,0.00,0.00,0.00,0.00,0.00,'2025-12-08 10:13:25','weekly',1,49,3,48),
(1357,1,5.00,5.00,0.00,0.00,0.00,0.00,0.00,'2025-12-08 10:13:25','weekly',1,49,4,2),
(1358,1,5.00,5.00,0.00,0.00,0.00,0.00,0.00,'2025-12-08 10:13:25','weekly',1,49,1,43),
(1359,1,5.00,5.00,0.00,0.00,0.00,0.00,0.00,'2025-12-08 10:13:25','weekly',1,49,4,31),
(1360,1,5.00,5.00,0.00,0.00,0.00,0.00,0.00,'2025-12-08 10:13:25','weekly',1,49,4,30),
(1361,1,5.00,5.00,0.00,0.00,0.00,0.00,0.00,'2025-12-08 10:13:25','weekly',1,49,4,29),
(1362,1,5.00,5.00,0.00,0.00,0.00,0.00,0.00,'2025-12-08 10:13:25','weekly',1,49,5,51),
(1363,1,5.00,5.00,0.00,0.00,0.00,0.00,0.00,'2025-12-08 10:13:25','weekly',1,49,2,47),
(1364,1,5.00,5.00,0.00,0.00,0.00,0.00,0.00,'2025-12-08 10:13:25','weekly',1,49,3,23),
(1365,1,5.00,5.00,0.00,0.00,0.00,0.00,0.00,'2025-12-08 10:13:25','weekly',1,49,6,10),
(1366,1,5.00,5.00,0.00,0.00,0.00,0.00,0.00,'2025-12-08 10:13:25','weekly',1,49,6,38),
(1367,1,5.00,5.00,0.00,0.00,0.00,0.00,0.00,'2025-12-08 10:13:25','weekly',1,49,7,40),
(1368,1,5.00,5.00,0.00,0.00,0.00,0.00,0.00,'2025-12-08 10:13:25','weekly',1,49,8,24),
(1369,1,5.00,5.00,0.00,0.00,0.00,0.00,0.00,'2025-12-08 10:13:25','weekly',1,49,6,9),
(1370,1,5.00,5.00,0.00,0.00,0.00,0.00,0.00,'2025-12-08 10:13:25','weekly',1,49,7,13),
(1371,1,5.00,5.00,0.00,0.00,0.00,0.00,0.00,'2025-12-08 10:13:25','weekly',1,49,1,17),
(1372,1,5.00,5.00,0.00,0.00,0.00,0.00,0.00,'2025-12-08 10:13:25','weekly',1,49,6,36),
(1373,1,5.00,5.00,0.00,0.00,0.00,0.00,0.00,'2025-12-08 10:13:25','weekly',1,49,7,15),
(1374,1,5.00,5.00,0.00,0.00,0.00,0.00,0.00,'2025-12-08 10:13:25','weekly',1,49,4,4),
(1375,1,5.00,5.00,0.00,0.00,0.00,0.00,0.00,'2025-12-08 10:13:25','weekly',1,49,3,50),
(1376,1,5.00,5.00,0.00,0.00,0.00,0.00,0.00,'2025-12-08 10:13:25','weekly',1,49,4,33),
(1377,1,5.00,5.00,0.00,0.00,0.00,0.00,0.00,'2025-12-08 10:13:25','weekly',1,49,9,26),
(1378,1,5.00,5.00,0.00,0.00,0.00,0.00,0.00,'2025-12-08 10:13:25','weekly',1,49,4,6),
(1379,1,5.00,5.00,0.00,0.00,0.00,0.00,0.00,'2025-12-08 10:13:25','weekly',1,49,6,7),
(1380,1,5.00,5.00,0.00,0.00,0.00,0.00,0.00,'2025-12-08 10:13:25','weekly',1,49,NULL,27),
(1381,1,5.00,5.00,0.00,0.00,0.00,0.00,0.00,'2025-12-08 10:13:25','weekly',1,49,1,18),
(1382,1,5.00,5.00,0.00,0.00,0.00,0.00,0.00,'2025-12-08 10:13:25','weekly',1,49,5,25),
(1383,1,5.00,5.00,0.00,0.00,0.00,0.00,0.00,'2025-12-08 10:13:25','weekly',1,49,1,16),
(1384,1,5.00,5.00,0.00,0.00,0.00,0.00,0.00,'2025-12-08 10:13:25','weekly',1,49,6,8),
(1385,1,5.00,5.00,0.00,0.00,0.00,0.00,0.00,'2025-12-08 10:13:25','weekly',1,49,4,28),
(1386,1,5.00,5.00,0.00,0.00,0.00,0.00,0.00,'2025-12-08 10:13:25','weekly',1,49,6,11),
(1387,1,5.00,5.00,0.00,0.00,0.00,0.00,0.00,'2025-12-08 10:13:25','weekly',1,49,4,5),
(1388,1,5.00,5.00,0.00,0.00,0.00,0.00,0.00,'2025-12-08 10:13:25','weekly',1,49,1,46),
(1389,1,5.00,5.00,0.00,0.00,0.00,0.00,0.00,'2025-12-08 10:13:25','weekly',1,49,4,32),
(1390,1,5.00,5.00,0.00,0.00,0.00,0.00,0.00,'2025-12-08 10:13:25','weekly',1,49,7,42),
(1391,1,5.00,5.00,0.00,0.00,0.00,0.00,0.00,'2025-12-08 10:13:25','weekly',1,49,6,35),
(1392,1,5.00,5.00,0.00,0.00,0.00,0.00,0.00,'2025-12-08 10:13:25','weekly',1,49,7,41),
(1393,1,5.00,5.00,0.00,0.00,0.00,0.00,0.00,'2025-12-08 10:13:25','weekly',1,49,1,19),
(1394,1,5.00,5.00,0.00,0.00,0.00,0.00,0.00,'2025-12-08 10:13:25','weekly',1,49,10,49),
(1395,1,5.00,5.00,0.00,0.00,0.00,0.00,0.00,'2025-12-08 10:13:25','weekly',1,49,7,39),
(1396,1,5.00,5.00,0.00,0.00,0.00,0.00,0.00,'2025-12-08 10:13:25','weekly',1,49,4,1),
(1397,1,5.00,5.00,0.00,0.00,0.00,0.00,0.00,'2025-12-08 10:13:25','weekly',1,49,6,37),
(1398,1,5.00,5.00,0.00,0.00,0.00,0.00,0.00,'2025-12-08 10:13:25','weekly',1,49,6,34),
(1399,1,5.00,5.00,0.00,0.00,0.00,0.00,0.00,'2025-12-08 10:13:25','weekly',1,49,4,3),
(1400,1,5.00,5.00,0.00,0.00,0.00,0.00,0.00,'2025-12-08 10:13:25','weekly',1,49,10,22),
(1401,1,5.00,5.00,0.00,0.00,0.00,0.00,0.00,'2025-12-08 10:13:25','weekly',1,49,7,14),
(1402,1,5.00,5.00,0.00,0.00,0.00,0.00,0.00,'2025-12-08 10:13:25','weekly',1,49,7,12),
(1403,1,5.00,5.00,0.00,0.00,0.00,0.00,0.00,'2025-12-08 10:13:25','weekly',1,49,9,52),
(1404,1,5.00,5.00,0.00,0.00,0.00,0.00,0.00,'2025-12-08 10:13:25','weekly',1,49,1,45),
(1405,1,5.00,5.00,0.00,0.00,0.00,0.00,0.00,'2025-12-08 10:13:25','weekly',1,50,1,44),
(1406,1,5.00,5.00,0.00,0.00,0.00,0.00,0.00,'2025-12-08 10:13:25','weekly',1,50,2,21),
(1407,1,5.00,5.00,0.00,0.00,0.00,0.00,0.00,'2025-12-08 10:13:25','weekly',1,50,2,20),
(1408,1,5.00,5.00,0.00,0.00,0.00,0.00,0.00,'2025-12-08 10:13:25','weekly',1,50,3,48),
(1409,1,5.00,5.00,0.00,0.00,0.00,0.00,0.00,'2025-12-08 10:13:25','weekly',1,50,4,2),
(1410,1,5.00,5.00,0.00,0.00,0.00,0.00,0.00,'2025-12-08 10:13:25','weekly',1,50,1,43),
(1411,1,5.00,5.00,0.00,0.00,0.00,0.00,0.00,'2025-12-08 10:13:25','weekly',1,50,4,31),
(1412,1,5.00,5.00,0.00,0.00,0.00,0.00,0.00,'2025-12-08 10:13:25','weekly',1,50,4,30),
(1413,1,5.00,5.00,0.00,0.00,0.00,0.00,0.00,'2025-12-08 10:13:25','weekly',1,50,4,29),
(1414,1,5.00,5.00,0.00,0.00,0.00,0.00,0.00,'2025-12-08 10:13:25','weekly',1,50,5,51),
(1415,1,5.00,5.00,0.00,0.00,0.00,0.00,0.00,'2025-12-08 10:13:25','weekly',1,50,2,47),
(1416,1,5.00,5.00,0.00,0.00,0.00,0.00,0.00,'2025-12-08 10:13:25','weekly',1,50,3,23),
(1417,1,5.00,5.00,0.00,0.00,0.00,0.00,0.00,'2025-12-08 10:13:25','weekly',1,50,6,10),
(1418,1,5.00,5.00,0.00,0.00,0.00,0.00,0.00,'2025-12-08 10:13:25','weekly',1,50,6,38),
(1419,1,5.00,5.00,0.00,0.00,0.00,0.00,0.00,'2025-12-08 10:13:25','weekly',1,50,7,40),
(1420,1,5.00,5.00,0.00,0.00,0.00,0.00,0.00,'2025-12-08 10:13:25','weekly',1,50,8,24),
(1421,1,5.00,5.00,0.00,0.00,0.00,0.00,0.00,'2025-12-08 10:13:25','weekly',1,50,6,9),
(1422,1,5.00,5.00,0.00,0.00,0.00,0.00,0.00,'2025-12-08 10:13:25','weekly',1,50,7,13),
(1423,1,5.00,5.00,0.00,0.00,0.00,0.00,0.00,'2025-12-08 10:13:25','weekly',1,50,1,17),
(1424,1,5.00,5.00,0.00,0.00,0.00,0.00,0.00,'2025-12-08 10:13:25','weekly',1,50,6,36),
(1425,1,5.00,5.00,0.00,0.00,0.00,0.00,0.00,'2025-12-08 10:13:25','weekly',1,50,7,15),
(1426,1,5.00,5.00,0.00,0.00,0.00,0.00,0.00,'2025-12-08 10:13:25','weekly',1,50,4,4),
(1427,1,5.00,5.00,0.00,0.00,0.00,0.00,0.00,'2025-12-08 10:13:25','weekly',1,50,3,50),
(1428,1,5.00,5.00,0.00,0.00,0.00,0.00,0.00,'2025-12-08 10:13:25','weekly',1,50,4,33),
(1429,1,5.00,5.00,0.00,0.00,0.00,0.00,0.00,'2025-12-08 10:13:25','weekly',1,50,9,26),
(1430,1,5.00,5.00,0.00,0.00,0.00,0.00,0.00,'2025-12-08 10:13:25','weekly',1,50,4,6),
(1431,1,5.00,5.00,0.00,0.00,0.00,0.00,0.00,'2025-12-08 10:13:25','weekly',1,50,6,7),
(1432,1,5.00,5.00,0.00,0.00,0.00,0.00,0.00,'2025-12-08 10:13:25','weekly',1,50,NULL,27),
(1433,1,5.00,5.00,0.00,0.00,0.00,0.00,0.00,'2025-12-08 10:13:25','weekly',1,50,1,18),
(1434,1,5.00,5.00,0.00,0.00,0.00,0.00,0.00,'2025-12-08 10:13:25','weekly',1,50,5,25),
(1435,1,5.00,5.00,0.00,0.00,0.00,0.00,0.00,'2025-12-08 10:13:25','weekly',1,50,1,16),
(1436,1,5.00,5.00,0.00,0.00,0.00,0.00,0.00,'2025-12-08 10:13:25','weekly',1,50,6,8),
(1437,1,5.00,5.00,0.00,0.00,0.00,0.00,0.00,'2025-12-08 10:13:25','weekly',1,50,4,28),
(1438,1,5.00,5.00,0.00,0.00,0.00,0.00,0.00,'2025-12-08 10:13:26','weekly',1,50,6,11),
(1439,1,5.00,5.00,0.00,0.00,0.00,0.00,0.00,'2025-12-08 10:13:26','weekly',1,50,4,5),
(1440,1,5.00,5.00,0.00,0.00,0.00,0.00,0.00,'2025-12-08 10:13:26','weekly',1,50,1,46),
(1441,1,5.00,5.00,0.00,0.00,0.00,0.00,0.00,'2025-12-08 10:13:26','weekly',1,50,4,32),
(1442,1,5.00,5.00,0.00,0.00,0.00,0.00,0.00,'2025-12-08 10:13:26','weekly',1,50,7,42),
(1443,1,5.00,5.00,0.00,0.00,0.00,0.00,0.00,'2025-12-08 10:13:26','weekly',1,50,6,35),
(1444,1,5.00,5.00,0.00,0.00,0.00,0.00,0.00,'2025-12-08 10:13:26','weekly',1,50,7,41),
(1445,1,5.00,5.00,0.00,0.00,0.00,0.00,0.00,'2025-12-08 10:13:26','weekly',1,50,1,19),
(1446,1,5.00,5.00,0.00,0.00,0.00,0.00,0.00,'2025-12-08 10:13:26','weekly',1,50,10,49),
(1447,1,5.00,5.00,0.00,0.00,0.00,0.00,0.00,'2025-12-08 10:13:26','weekly',1,50,7,39),
(1448,1,5.00,5.00,0.00,0.00,0.00,0.00,0.00,'2025-12-08 10:13:26','weekly',1,50,4,1),
(1449,1,5.00,5.00,0.00,0.00,0.00,0.00,0.00,'2025-12-08 10:13:26','weekly',1,50,6,37),
(1450,1,5.00,5.00,0.00,0.00,0.00,0.00,0.00,'2025-12-08 10:13:26','weekly',1,50,6,34),
(1451,1,5.00,5.00,0.00,0.00,0.00,0.00,0.00,'2025-12-08 10:13:26','weekly',1,50,4,3),
(1452,1,5.00,5.00,0.00,0.00,0.00,0.00,0.00,'2025-12-08 10:13:26','weekly',1,50,10,22),
(1453,1,5.00,5.00,0.00,0.00,0.00,0.00,0.00,'2025-12-08 10:13:26','weekly',1,50,7,14),
(1454,1,5.00,5.00,0.00,0.00,0.00,0.00,0.00,'2025-12-08 10:13:26','weekly',1,50,7,12),
(1455,1,5.00,5.00,0.00,0.00,0.00,0.00,0.00,'2025-12-08 10:13:26','weekly',1,50,9,52),
(1456,1,5.00,5.00,0.00,0.00,0.00,0.00,0.00,'2025-12-08 10:13:26','weekly',1,50,1,45),
(1457,1,5.00,5.00,0.00,0.00,0.00,0.00,0.00,'2025-12-08 10:13:26','weekly',1,51,1,44),
(1458,1,5.00,5.00,0.00,0.00,0.00,0.00,0.00,'2025-12-08 10:13:26','weekly',1,51,2,21),
(1459,1,5.00,5.00,0.00,0.00,0.00,0.00,0.00,'2025-12-08 10:13:26','weekly',1,51,2,20),
(1460,1,5.00,5.00,0.00,0.00,0.00,0.00,0.00,'2025-12-08 10:13:26','weekly',1,51,3,48),
(1461,1,5.00,5.00,0.00,0.00,0.00,0.00,0.00,'2025-12-08 10:13:26','weekly',1,51,4,2),
(1462,1,5.00,5.00,0.00,0.00,0.00,0.00,0.00,'2025-12-08 10:13:26','weekly',1,51,1,43),
(1463,1,5.00,5.00,0.00,0.00,0.00,0.00,0.00,'2025-12-08 10:13:26','weekly',1,51,4,31),
(1464,1,5.00,5.00,0.00,0.00,0.00,0.00,0.00,'2025-12-08 10:13:26','weekly',1,51,4,30),
(1465,1,5.00,5.00,0.00,0.00,0.00,0.00,0.00,'2025-12-08 10:13:26','weekly',1,51,4,29),
(1466,1,5.00,5.00,0.00,0.00,0.00,0.00,0.00,'2025-12-08 10:13:26','weekly',1,51,5,51),
(1467,1,5.00,5.00,0.00,0.00,0.00,0.00,0.00,'2025-12-08 10:13:26','weekly',1,51,2,47),
(1468,1,5.00,5.00,0.00,0.00,0.00,0.00,0.00,'2025-12-08 10:13:26','weekly',1,51,3,23),
(1469,1,5.00,5.00,0.00,0.00,0.00,0.00,0.00,'2025-12-08 10:13:26','weekly',1,51,6,10),
(1470,1,5.00,5.00,0.00,0.00,0.00,0.00,0.00,'2025-12-08 10:13:26','weekly',1,51,6,38),
(1471,1,5.00,5.00,0.00,0.00,0.00,0.00,0.00,'2025-12-08 10:13:26','weekly',1,51,7,40),
(1472,1,5.00,5.00,0.00,0.00,0.00,0.00,0.00,'2025-12-08 10:13:26','weekly',1,51,8,24),
(1473,1,5.00,5.00,0.00,0.00,0.00,0.00,0.00,'2025-12-08 10:13:26','weekly',1,51,6,9),
(1474,1,5.00,5.00,0.00,0.00,0.00,0.00,0.00,'2025-12-08 10:13:26','weekly',1,51,7,13),
(1475,1,5.00,5.00,0.00,0.00,0.00,0.00,0.00,'2025-12-08 10:13:26','weekly',1,51,1,17),
(1476,1,5.00,5.00,0.00,0.00,0.00,0.00,0.00,'2025-12-08 10:13:26','weekly',1,51,6,36),
(1477,1,5.00,5.00,0.00,0.00,0.00,0.00,0.00,'2025-12-08 10:13:26','weekly',1,51,7,15),
(1478,1,5.00,5.00,0.00,0.00,0.00,0.00,0.00,'2025-12-08 10:13:26','weekly',1,51,4,4),
(1479,1,5.00,5.00,0.00,0.00,0.00,0.00,0.00,'2025-12-08 10:13:26','weekly',1,51,3,50),
(1480,1,5.00,5.00,0.00,0.00,0.00,0.00,0.00,'2025-12-08 10:13:26','weekly',1,51,4,33),
(1481,1,5.00,5.00,0.00,0.00,0.00,0.00,0.00,'2025-12-08 10:13:26','weekly',1,51,9,26),
(1482,1,5.00,5.00,0.00,0.00,0.00,0.00,0.00,'2025-12-08 10:13:26','weekly',1,51,4,6),
(1483,1,5.00,5.00,0.00,0.00,0.00,0.00,0.00,'2025-12-08 10:13:26','weekly',1,51,6,7),
(1484,1,5.00,5.00,0.00,0.00,0.00,0.00,0.00,'2025-12-08 10:13:26','weekly',1,51,NULL,27),
(1485,1,5.00,5.00,0.00,0.00,0.00,0.00,0.00,'2025-12-08 10:13:26','weekly',1,51,1,18),
(1486,1,5.00,5.00,0.00,0.00,0.00,0.00,0.00,'2025-12-08 10:13:26','weekly',1,51,5,25),
(1487,1,5.00,5.00,0.00,0.00,0.00,0.00,0.00,'2025-12-08 10:13:26','weekly',1,51,1,16),
(1488,1,5.00,5.00,0.00,0.00,0.00,0.00,0.00,'2025-12-08 10:13:26','weekly',1,51,6,8),
(1489,1,5.00,5.00,0.00,0.00,0.00,0.00,0.00,'2025-12-08 10:13:26','weekly',1,51,4,28),
(1490,1,5.00,5.00,0.00,0.00,0.00,0.00,0.00,'2025-12-08 10:13:26','weekly',1,51,6,11),
(1491,1,5.00,5.00,0.00,0.00,0.00,0.00,0.00,'2025-12-08 10:13:26','weekly',1,51,4,5),
(1492,1,5.00,5.00,0.00,0.00,0.00,0.00,0.00,'2025-12-08 10:13:26','weekly',1,51,1,46),
(1493,1,5.00,5.00,0.00,0.00,0.00,0.00,0.00,'2025-12-08 10:13:26','weekly',1,51,4,32),
(1494,1,5.00,5.00,0.00,0.00,0.00,0.00,0.00,'2025-12-08 10:13:26','weekly',1,51,7,42),
(1495,1,5.00,5.00,0.00,0.00,0.00,0.00,0.00,'2025-12-08 10:13:26','weekly',1,51,6,35),
(1496,1,5.00,5.00,0.00,0.00,0.00,0.00,0.00,'2025-12-08 10:13:26','weekly',1,51,7,41),
(1497,1,5.00,5.00,0.00,0.00,0.00,0.00,0.00,'2025-12-08 10:13:26','weekly',1,51,1,19),
(1498,1,5.00,5.00,0.00,0.00,0.00,0.00,0.00,'2025-12-08 10:13:26','weekly',1,51,10,49),
(1499,1,5.00,5.00,0.00,0.00,0.00,0.00,0.00,'2025-12-08 10:13:26','weekly',1,51,7,39),
(1500,1,5.00,5.00,0.00,0.00,0.00,0.00,0.00,'2025-12-08 10:13:26','weekly',1,51,4,1),
(1501,1,5.00,5.00,0.00,0.00,0.00,0.00,0.00,'2025-12-08 10:13:26','weekly',1,51,6,37),
(1502,1,5.00,5.00,0.00,0.00,0.00,0.00,0.00,'2025-12-08 10:13:26','weekly',1,51,6,34),
(1503,1,5.00,5.00,0.00,0.00,0.00,0.00,0.00,'2025-12-08 10:13:26','weekly',1,51,4,3),
(1504,1,5.00,5.00,0.00,0.00,0.00,0.00,0.00,'2025-12-08 10:13:26','weekly',1,51,10,22),
(1505,1,5.00,5.00,0.00,0.00,0.00,0.00,0.00,'2025-12-08 10:13:26','weekly',1,51,7,14),
(1506,1,5.00,5.00,0.00,0.00,0.00,0.00,0.00,'2025-12-08 10:13:26','weekly',1,51,7,12),
(1507,1,5.00,5.00,0.00,0.00,0.00,0.00,0.00,'2025-12-08 10:13:26','weekly',1,51,9,52),
(1508,1,5.00,5.00,0.00,0.00,0.00,0.00,0.00,'2025-12-08 10:13:26','weekly',1,51,1,45),
(1509,1,5.00,5.00,0.00,0.00,0.00,0.00,0.00,'2025-12-08 10:13:26','weekly',1,52,1,44),
(1510,1,5.00,5.00,0.00,0.00,0.00,0.00,0.00,'2025-12-08 10:13:26','weekly',1,52,2,21),
(1511,1,5.00,5.00,0.00,0.00,0.00,0.00,0.00,'2025-12-08 10:13:26','weekly',1,52,2,20),
(1512,1,5.00,5.00,0.00,0.00,0.00,0.00,0.00,'2025-12-08 10:13:26','weekly',1,52,3,48),
(1513,1,5.00,5.00,0.00,0.00,0.00,0.00,0.00,'2025-12-08 10:13:26','weekly',1,52,4,2),
(1514,1,5.00,5.00,0.00,0.00,0.00,0.00,0.00,'2025-12-08 10:13:26','weekly',1,52,1,43),
(1515,1,5.00,5.00,0.00,0.00,0.00,0.00,0.00,'2025-12-08 10:13:26','weekly',1,52,4,31),
(1516,1,5.00,5.00,0.00,0.00,0.00,0.00,0.00,'2025-12-08 10:13:26','weekly',1,52,4,30),
(1517,1,5.00,5.00,0.00,0.00,0.00,0.00,0.00,'2025-12-08 10:13:26','weekly',1,52,4,29),
(1518,1,5.00,5.00,0.00,0.00,0.00,0.00,0.00,'2025-12-08 10:13:26','weekly',1,52,5,51),
(1519,1,5.00,5.00,0.00,0.00,0.00,0.00,0.00,'2025-12-08 10:13:26','weekly',1,52,2,47),
(1520,1,5.00,5.00,0.00,0.00,0.00,0.00,0.00,'2025-12-08 10:13:26','weekly',1,52,3,23),
(1521,1,5.00,5.00,0.00,0.00,0.00,0.00,0.00,'2025-12-08 10:13:26','weekly',1,52,6,10),
(1522,1,5.00,5.00,0.00,0.00,0.00,0.00,0.00,'2025-12-08 10:13:26','weekly',1,52,6,38),
(1523,1,5.00,5.00,0.00,0.00,0.00,0.00,0.00,'2025-12-08 10:13:26','weekly',1,52,7,40),
(1524,1,5.00,5.00,0.00,0.00,0.00,0.00,0.00,'2025-12-08 10:13:26','weekly',1,52,8,24),
(1525,1,5.00,5.00,0.00,0.00,0.00,0.00,0.00,'2025-12-08 10:13:26','weekly',1,52,6,9),
(1526,1,5.00,5.00,0.00,0.00,0.00,0.00,0.00,'2025-12-08 10:13:26','weekly',1,52,7,13),
(1527,1,5.00,5.00,0.00,0.00,0.00,0.00,0.00,'2025-12-08 10:13:26','weekly',1,52,1,17),
(1528,1,5.00,5.00,0.00,0.00,0.00,0.00,0.00,'2025-12-08 10:13:26','weekly',1,52,6,36),
(1529,1,5.00,5.00,0.00,0.00,0.00,0.00,0.00,'2025-12-08 10:13:26','weekly',1,52,7,15),
(1530,1,5.00,5.00,0.00,0.00,0.00,0.00,0.00,'2025-12-08 10:13:26','weekly',1,52,4,4),
(1531,1,5.00,5.00,0.00,0.00,0.00,0.00,0.00,'2025-12-08 10:13:26','weekly',1,52,3,50),
(1532,1,5.00,5.00,0.00,0.00,0.00,0.00,0.00,'2025-12-08 10:13:26','weekly',1,52,4,33),
(1533,1,5.00,5.00,0.00,0.00,0.00,0.00,0.00,'2025-12-08 10:13:26','weekly',1,52,9,26),
(1534,1,5.00,5.00,0.00,0.00,0.00,0.00,0.00,'2025-12-08 10:13:26','weekly',1,52,4,6),
(1535,1,5.00,5.00,0.00,0.00,0.00,0.00,0.00,'2025-12-08 10:13:26','weekly',1,52,6,7),
(1536,1,5.00,5.00,0.00,0.00,0.00,0.00,0.00,'2025-12-08 10:13:26','weekly',1,52,NULL,27),
(1537,1,5.00,5.00,0.00,0.00,0.00,0.00,0.00,'2025-12-08 10:13:26','weekly',1,52,1,18),
(1538,1,5.00,5.00,0.00,0.00,0.00,0.00,0.00,'2025-12-08 10:13:26','weekly',1,52,5,25),
(1539,1,5.00,5.00,0.00,0.00,0.00,0.00,0.00,'2025-12-08 10:13:26','weekly',1,52,1,16),
(1540,1,5.00,5.00,0.00,0.00,0.00,0.00,0.00,'2025-12-08 10:13:26','weekly',1,52,6,8),
(1541,1,5.00,5.00,0.00,0.00,0.00,0.00,0.00,'2025-12-08 10:13:26','weekly',1,52,4,28),
(1542,1,5.00,5.00,0.00,0.00,0.00,0.00,0.00,'2025-12-08 10:13:26','weekly',1,52,6,11),
(1543,1,5.00,5.00,0.00,0.00,0.00,0.00,0.00,'2025-12-08 10:13:26','weekly',1,52,4,5),
(1544,1,5.00,5.00,0.00,0.00,0.00,0.00,0.00,'2025-12-08 10:13:26','weekly',1,52,1,46),
(1545,1,5.00,5.00,0.00,0.00,0.00,0.00,0.00,'2025-12-08 10:13:26','weekly',1,52,4,32),
(1546,1,5.00,5.00,0.00,0.00,0.00,0.00,0.00,'2025-12-08 10:13:26','weekly',1,52,7,42),
(1547,1,5.00,5.00,0.00,0.00,0.00,0.00,0.00,'2025-12-08 10:13:26','weekly',1,52,6,35),
(1548,1,5.00,5.00,0.00,0.00,0.00,0.00,0.00,'2025-12-08 10:13:26','weekly',1,52,7,41),
(1549,1,5.00,5.00,0.00,0.00,0.00,0.00,0.00,'2025-12-08 10:13:26','weekly',1,52,1,19),
(1550,1,5.00,5.00,0.00,0.00,0.00,0.00,0.00,'2025-12-08 10:13:26','weekly',1,52,10,49),
(1551,1,5.00,5.00,0.00,0.00,0.00,0.00,0.00,'2025-12-08 10:13:26','weekly',1,52,7,39),
(1552,1,5.00,5.00,0.00,0.00,0.00,0.00,0.00,'2025-12-08 10:13:26','weekly',1,52,4,1),
(1553,1,5.00,5.00,0.00,0.00,0.00,0.00,0.00,'2025-12-08 10:13:26','weekly',1,52,6,37),
(1554,1,5.00,5.00,0.00,0.00,0.00,0.00,0.00,'2025-12-08 10:13:26','weekly',1,52,6,34),
(1555,1,5.00,5.00,0.00,0.00,0.00,0.00,0.00,'2025-12-08 10:13:26','weekly',1,52,4,3),
(1556,1,5.00,5.00,0.00,0.00,0.00,0.00,0.00,'2025-12-08 10:13:26','weekly',1,52,10,22),
(1557,1,5.00,5.00,0.00,0.00,0.00,0.00,0.00,'2025-12-08 10:13:26','weekly',1,52,7,14),
(1558,1,5.00,5.00,0.00,0.00,0.00,0.00,0.00,'2025-12-08 10:13:26','weekly',1,52,7,12),
(1559,1,5.00,5.00,0.00,0.00,0.00,0.00,0.00,'2025-12-08 10:13:26','weekly',1,52,9,52),
(1560,1,5.00,5.00,0.00,0.00,0.00,0.00,0.00,'2025-12-08 10:13:26','weekly',1,52,1,45),
(1561,1,5.00,5.00,0.00,0.00,0.00,0.00,0.00,'2025-12-08 10:13:26','weekly',1,53,1,44),
(1562,1,5.00,5.00,0.00,0.00,0.00,0.00,0.00,'2025-12-08 10:13:26','weekly',1,53,2,21),
(1563,1,5.00,5.00,0.00,0.00,0.00,0.00,0.00,'2025-12-08 10:13:26','weekly',1,53,2,20),
(1564,1,5.00,5.00,0.00,0.00,0.00,0.00,0.00,'2025-12-08 10:13:26','weekly',1,53,3,48),
(1565,1,5.00,5.00,0.00,0.00,0.00,0.00,0.00,'2025-12-08 10:13:26','weekly',1,53,4,2),
(1566,1,5.00,5.00,0.00,0.00,0.00,0.00,0.00,'2025-12-08 10:13:26','weekly',1,53,1,43),
(1567,1,5.00,5.00,0.00,0.00,0.00,0.00,0.00,'2025-12-08 10:13:26','weekly',1,53,4,31),
(1568,1,5.00,5.00,0.00,0.00,0.00,0.00,0.00,'2025-12-08 10:13:26','weekly',1,53,4,30),
(1569,1,5.00,5.00,0.00,0.00,0.00,0.00,0.00,'2025-12-08 10:13:26','weekly',1,53,4,29),
(1570,1,5.00,5.00,0.00,0.00,0.00,0.00,0.00,'2025-12-08 10:13:26','weekly',1,53,5,51),
(1571,1,5.00,5.00,0.00,0.00,0.00,0.00,0.00,'2025-12-08 10:13:26','weekly',1,53,2,47),
(1572,1,5.00,5.00,0.00,0.00,0.00,0.00,0.00,'2025-12-08 10:13:26','weekly',1,53,3,23),
(1573,1,5.00,5.00,0.00,0.00,0.00,0.00,0.00,'2025-12-08 10:13:26','weekly',1,53,6,10),
(1574,1,5.00,5.00,0.00,0.00,0.00,0.00,0.00,'2025-12-08 10:13:26','weekly',1,53,6,38),
(1575,1,5.00,5.00,0.00,0.00,0.00,0.00,0.00,'2025-12-08 10:13:26','weekly',1,53,7,40),
(1576,1,5.00,5.00,0.00,0.00,0.00,0.00,0.00,'2025-12-08 10:13:26','weekly',1,53,8,24),
(1577,1,5.00,5.00,0.00,0.00,0.00,0.00,0.00,'2025-12-08 10:13:26','weekly',1,53,6,9),
(1578,1,5.00,5.00,0.00,0.00,0.00,0.00,0.00,'2025-12-08 10:13:26','weekly',1,53,7,13),
(1579,1,5.00,5.00,0.00,0.00,0.00,0.00,0.00,'2025-12-08 10:13:26','weekly',1,53,1,17),
(1580,1,5.00,5.00,0.00,0.00,0.00,0.00,0.00,'2025-12-08 10:13:26','weekly',1,53,6,36),
(1581,1,5.00,5.00,0.00,0.00,0.00,0.00,0.00,'2025-12-08 10:13:26','weekly',1,53,7,15),
(1582,1,5.00,5.00,0.00,0.00,0.00,0.00,0.00,'2025-12-08 10:13:26','weekly',1,53,4,4),
(1583,1,5.00,5.00,0.00,0.00,0.00,0.00,0.00,'2025-12-08 10:13:26','weekly',1,53,3,50),
(1584,1,5.00,5.00,0.00,0.00,0.00,0.00,0.00,'2025-12-08 10:13:26','weekly',1,53,4,33),
(1585,1,5.00,5.00,0.00,0.00,0.00,0.00,0.00,'2025-12-08 10:13:26','weekly',1,53,9,26),
(1586,1,5.00,5.00,0.00,0.00,0.00,0.00,0.00,'2025-12-08 10:13:26','weekly',1,53,4,6),
(1587,1,5.00,5.00,0.00,0.00,0.00,0.00,0.00,'2025-12-08 10:13:26','weekly',1,53,6,7),
(1588,1,5.00,5.00,0.00,0.00,0.00,0.00,0.00,'2025-12-08 10:13:26','weekly',1,53,NULL,27),
(1589,1,5.00,5.00,0.00,0.00,0.00,0.00,0.00,'2025-12-08 10:13:26','weekly',1,53,1,18),
(1590,1,5.00,5.00,0.00,0.00,0.00,0.00,0.00,'2025-12-08 10:13:26','weekly',1,53,5,25),
(1591,1,5.00,5.00,0.00,0.00,0.00,0.00,0.00,'2025-12-08 10:13:26','weekly',1,53,1,16),
(1592,1,5.00,5.00,0.00,0.00,0.00,0.00,0.00,'2025-12-08 10:13:26','weekly',1,53,6,8),
(1593,1,5.00,5.00,0.00,0.00,0.00,0.00,0.00,'2025-12-08 10:13:26','weekly',1,53,4,28),
(1594,1,5.00,5.00,0.00,0.00,0.00,0.00,0.00,'2025-12-08 10:13:26','weekly',1,53,6,11),
(1595,1,5.00,5.00,0.00,0.00,0.00,0.00,0.00,'2025-12-08 10:13:26','weekly',1,53,4,5),
(1596,1,5.00,5.00,0.00,0.00,0.00,0.00,0.00,'2025-12-08 10:13:26','weekly',1,53,1,46),
(1597,1,5.00,5.00,0.00,0.00,0.00,0.00,0.00,'2025-12-08 10:13:26','weekly',1,53,4,32),
(1598,1,5.00,5.00,0.00,0.00,0.00,0.00,0.00,'2025-12-08 10:13:26','weekly',1,53,7,42),
(1599,1,5.00,5.00,0.00,0.00,0.00,0.00,0.00,'2025-12-08 10:13:26','weekly',1,53,6,35),
(1600,1,5.00,5.00,0.00,0.00,0.00,0.00,0.00,'2025-12-08 10:13:26','weekly',1,53,7,41),
(1601,1,5.00,5.00,0.00,0.00,0.00,0.00,0.00,'2025-12-08 10:13:26','weekly',1,53,1,19),
(1602,1,5.00,5.00,0.00,0.00,0.00,0.00,0.00,'2025-12-08 10:13:26','weekly',1,53,10,49),
(1603,1,5.00,5.00,0.00,0.00,0.00,0.00,0.00,'2025-12-08 10:13:26','weekly',1,53,7,39),
(1604,1,5.00,5.00,0.00,0.00,0.00,0.00,0.00,'2025-12-08 10:13:26','weekly',1,53,4,1),
(1605,1,5.00,5.00,0.00,0.00,0.00,0.00,0.00,'2025-12-08 10:13:26','weekly',1,53,6,37),
(1606,1,5.00,5.00,0.00,0.00,0.00,0.00,0.00,'2025-12-08 10:13:26','weekly',1,53,6,34),
(1607,1,5.00,5.00,0.00,0.00,0.00,0.00,0.00,'2025-12-08 10:13:26','weekly',1,53,4,3),
(1608,1,5.00,5.00,0.00,0.00,0.00,0.00,0.00,'2025-12-08 10:13:26','weekly',1,53,10,22),
(1609,1,5.00,5.00,0.00,0.00,0.00,0.00,0.00,'2025-12-08 10:13:26','weekly',1,53,7,14),
(1610,1,5.00,5.00,0.00,0.00,0.00,0.00,0.00,'2025-12-08 10:13:26','weekly',1,53,7,12),
(1611,1,5.00,5.00,0.00,0.00,0.00,0.00,0.00,'2025-12-08 10:13:26','weekly',1,53,9,52),
(1612,1,5.00,5.00,0.00,0.00,0.00,0.00,0.00,'2025-12-08 10:13:26','weekly',1,53,1,45),
(1613,1,5.00,5.00,0.00,0.00,0.00,0.00,0.00,'2025-12-08 10:13:26','weekly',1,54,1,44),
(1614,1,5.00,5.00,0.00,0.00,0.00,0.00,0.00,'2025-12-08 10:13:26','weekly',1,54,2,21),
(1615,1,5.00,5.00,0.00,0.00,0.00,0.00,0.00,'2025-12-08 10:13:26','weekly',1,54,2,20),
(1616,1,5.00,5.00,0.00,0.00,0.00,0.00,0.00,'2025-12-08 10:13:26','weekly',1,54,3,48),
(1617,1,5.00,5.00,0.00,0.00,0.00,0.00,0.00,'2025-12-08 10:13:26','weekly',1,54,4,2),
(1618,1,5.00,5.00,0.00,0.00,0.00,0.00,0.00,'2025-12-08 10:13:26','weekly',1,54,1,43),
(1619,1,5.00,5.00,0.00,0.00,0.00,0.00,0.00,'2025-12-08 10:13:26','weekly',1,54,4,31),
(1620,1,5.00,5.00,0.00,0.00,0.00,0.00,0.00,'2025-12-08 10:13:26','weekly',1,54,4,30),
(1621,1,5.00,5.00,0.00,0.00,0.00,0.00,0.00,'2025-12-08 10:13:26','weekly',1,54,4,29),
(1622,1,5.00,5.00,0.00,0.00,0.00,0.00,0.00,'2025-12-08 10:13:26','weekly',1,54,5,51),
(1623,1,5.00,5.00,0.00,0.00,0.00,0.00,0.00,'2025-12-08 10:13:26','weekly',1,54,2,47),
(1624,1,5.00,5.00,0.00,0.00,0.00,0.00,0.00,'2025-12-08 10:13:26','weekly',1,54,3,23),
(1625,1,5.00,5.00,0.00,0.00,0.00,0.00,0.00,'2025-12-08 10:13:26','weekly',1,54,6,10),
(1626,1,5.00,5.00,0.00,0.00,0.00,0.00,0.00,'2025-12-08 10:13:26','weekly',1,54,6,38),
(1627,1,5.00,5.00,0.00,0.00,0.00,0.00,0.00,'2025-12-08 10:13:26','weekly',1,54,7,40),
(1628,1,5.00,5.00,0.00,0.00,0.00,0.00,0.00,'2025-12-08 10:13:26','weekly',1,54,8,24),
(1629,1,5.00,5.00,0.00,0.00,0.00,0.00,0.00,'2025-12-08 10:13:26','weekly',1,54,6,9),
(1630,1,5.00,5.00,0.00,0.00,0.00,0.00,0.00,'2025-12-08 10:13:26','weekly',1,54,7,13),
(1631,1,5.00,5.00,0.00,0.00,0.00,0.00,0.00,'2025-12-08 10:13:26','weekly',1,54,1,17),
(1632,1,5.00,5.00,0.00,0.00,0.00,0.00,0.00,'2025-12-08 10:13:26','weekly',1,54,6,36),
(1633,1,5.00,5.00,0.00,0.00,0.00,0.00,0.00,'2025-12-08 10:13:26','weekly',1,54,7,15),
(1634,1,5.00,5.00,0.00,0.00,0.00,0.00,0.00,'2025-12-08 10:13:26','weekly',1,54,4,4),
(1635,1,5.00,5.00,0.00,0.00,0.00,0.00,0.00,'2025-12-08 10:13:26','weekly',1,54,3,50),
(1636,1,5.00,5.00,0.00,0.00,0.00,0.00,0.00,'2025-12-08 10:13:26','weekly',1,54,4,33),
(1637,1,5.00,5.00,0.00,0.00,0.00,0.00,0.00,'2025-12-08 10:13:26','weekly',1,54,9,26),
(1638,1,5.00,5.00,0.00,0.00,0.00,0.00,0.00,'2025-12-08 10:13:26','weekly',1,54,4,6),
(1639,1,5.00,5.00,0.00,0.00,0.00,0.00,0.00,'2025-12-08 10:13:26','weekly',1,54,6,7),
(1640,1,5.00,5.00,0.00,0.00,0.00,0.00,0.00,'2025-12-08 10:13:26','weekly',1,54,NULL,27),
(1641,1,5.00,5.00,0.00,0.00,0.00,0.00,0.00,'2025-12-08 10:13:26','weekly',1,54,1,18),
(1642,1,5.00,5.00,0.00,0.00,0.00,0.00,0.00,'2025-12-08 10:13:26','weekly',1,54,5,25),
(1643,1,5.00,5.00,0.00,0.00,0.00,0.00,0.00,'2025-12-08 10:13:26','weekly',1,54,1,16),
(1644,1,5.00,5.00,0.00,0.00,0.00,0.00,0.00,'2025-12-08 10:13:26','weekly',1,54,6,8),
(1645,1,5.00,5.00,0.00,0.00,0.00,0.00,0.00,'2025-12-08 10:13:26','weekly',1,54,4,28),
(1646,1,5.00,5.00,0.00,0.00,0.00,0.00,0.00,'2025-12-08 10:13:26','weekly',1,54,6,11),
(1647,1,5.00,5.00,0.00,0.00,0.00,0.00,0.00,'2025-12-08 10:13:26','weekly',1,54,4,5),
(1648,1,5.00,5.00,0.00,0.00,0.00,0.00,0.00,'2025-12-08 10:13:26','weekly',1,54,1,46),
(1649,1,5.00,5.00,0.00,0.00,0.00,0.00,0.00,'2025-12-08 10:13:26','weekly',1,54,4,32),
(1650,1,5.00,5.00,0.00,0.00,0.00,0.00,0.00,'2025-12-08 10:13:26','weekly',1,54,7,42),
(1651,1,5.00,5.00,0.00,0.00,0.00,0.00,0.00,'2025-12-08 10:13:26','weekly',1,54,6,35),
(1652,1,5.00,5.00,0.00,0.00,0.00,0.00,0.00,'2025-12-08 10:13:26','weekly',1,54,7,41),
(1653,1,5.00,5.00,0.00,0.00,0.00,0.00,0.00,'2025-12-08 10:13:26','weekly',1,54,1,19),
(1654,1,5.00,5.00,0.00,0.00,0.00,0.00,0.00,'2025-12-08 10:13:26','weekly',1,54,10,49),
(1655,1,5.00,5.00,0.00,0.00,0.00,0.00,0.00,'2025-12-08 10:13:26','weekly',1,54,7,39),
(1656,1,5.00,5.00,0.00,0.00,0.00,0.00,0.00,'2025-12-08 10:13:26','weekly',1,54,4,1),
(1657,1,5.00,5.00,0.00,0.00,0.00,0.00,0.00,'2025-12-08 10:13:26','weekly',1,54,6,37),
(1658,1,5.00,5.00,0.00,0.00,0.00,0.00,0.00,'2025-12-08 10:13:26','weekly',1,54,6,34),
(1659,1,5.00,5.00,0.00,0.00,0.00,0.00,0.00,'2025-12-08 10:13:26','weekly',1,54,4,3),
(1660,1,5.00,5.00,0.00,0.00,0.00,0.00,0.00,'2025-12-08 10:13:26','weekly',1,54,10,22),
(1661,1,5.00,5.00,0.00,0.00,0.00,0.00,0.00,'2025-12-08 10:13:26','weekly',1,54,7,14),
(1662,1,5.00,5.00,0.00,0.00,0.00,0.00,0.00,'2025-12-08 10:13:26','weekly',1,54,7,12),
(1663,1,5.00,5.00,0.00,0.00,0.00,0.00,0.00,'2025-12-08 10:13:26','weekly',1,54,9,52),
(1664,1,5.00,5.00,0.00,0.00,0.00,0.00,0.00,'2025-12-08 10:13:26','weekly',1,54,1,45),
(1665,1,5.00,5.00,0.00,0.00,0.00,0.00,0.00,'2025-12-08 10:13:26','weekly',1,55,1,44),
(1666,1,5.00,5.00,0.00,0.00,0.00,0.00,0.00,'2025-12-08 10:13:26','weekly',1,55,2,21),
(1667,1,5.00,5.00,0.00,0.00,0.00,0.00,0.00,'2025-12-08 10:13:26','weekly',1,55,2,20),
(1668,1,5.00,5.00,0.00,0.00,0.00,0.00,0.00,'2025-12-08 10:13:26','weekly',1,55,3,48),
(1669,1,5.00,5.00,0.00,0.00,0.00,0.00,0.00,'2025-12-08 10:13:26','weekly',1,55,4,2),
(1670,1,5.00,5.00,0.00,0.00,0.00,0.00,0.00,'2025-12-08 10:13:26','weekly',1,55,1,43),
(1671,1,5.00,5.00,0.00,0.00,0.00,0.00,0.00,'2025-12-08 10:13:26','weekly',1,55,4,31),
(1672,1,5.00,5.00,0.00,0.00,0.00,0.00,0.00,'2025-12-08 10:13:26','weekly',1,55,4,30),
(1673,1,5.00,5.00,0.00,0.00,0.00,0.00,0.00,'2025-12-08 10:13:26','weekly',1,55,4,29),
(1674,1,5.00,5.00,0.00,0.00,0.00,0.00,0.00,'2025-12-08 10:13:26','weekly',1,55,5,51),
(1675,1,5.00,5.00,0.00,0.00,0.00,0.00,0.00,'2025-12-08 10:13:26','weekly',1,55,2,47),
(1676,1,5.00,5.00,0.00,0.00,0.00,0.00,0.00,'2025-12-08 10:13:26','weekly',1,55,3,23),
(1677,1,5.00,5.00,0.00,0.00,0.00,0.00,0.00,'2025-12-08 10:13:26','weekly',1,55,6,10),
(1678,1,5.00,5.00,0.00,0.00,0.00,0.00,0.00,'2025-12-08 10:13:26','weekly',1,55,6,38),
(1679,1,5.00,5.00,0.00,0.00,0.00,0.00,0.00,'2025-12-08 10:13:26','weekly',1,55,7,40),
(1680,1,5.00,5.00,0.00,0.00,0.00,0.00,0.00,'2025-12-08 10:13:26','weekly',1,55,8,24),
(1681,1,5.00,5.00,0.00,0.00,0.00,0.00,0.00,'2025-12-08 10:13:26','weekly',1,55,6,9),
(1682,1,5.00,5.00,0.00,0.00,0.00,0.00,0.00,'2025-12-08 10:13:26','weekly',1,55,7,13),
(1683,1,5.00,5.00,0.00,0.00,0.00,0.00,0.00,'2025-12-08 10:13:26','weekly',1,55,1,17),
(1684,1,5.00,5.00,0.00,0.00,0.00,0.00,0.00,'2025-12-08 10:13:26','weekly',1,55,6,36),
(1685,1,5.00,5.00,0.00,0.00,0.00,0.00,0.00,'2025-12-08 10:13:26','weekly',1,55,7,15),
(1686,1,5.00,5.00,0.00,0.00,0.00,0.00,0.00,'2025-12-08 10:13:26','weekly',1,55,4,4),
(1687,1,5.00,5.00,0.00,0.00,0.00,0.00,0.00,'2025-12-08 10:13:26','weekly',1,55,3,50),
(1688,1,5.00,5.00,0.00,0.00,0.00,0.00,0.00,'2025-12-08 10:13:26','weekly',1,55,4,33),
(1689,1,5.00,5.00,0.00,0.00,0.00,0.00,0.00,'2025-12-08 10:13:26','weekly',1,55,9,26),
(1690,1,5.00,5.00,0.00,0.00,0.00,0.00,0.00,'2025-12-08 10:13:26','weekly',1,55,4,6),
(1691,1,5.00,5.00,0.00,0.00,0.00,0.00,0.00,'2025-12-08 10:13:26','weekly',1,55,6,7),
(1692,1,5.00,5.00,0.00,0.00,0.00,0.00,0.00,'2025-12-08 10:13:26','weekly',1,55,NULL,27),
(1693,1,5.00,5.00,0.00,0.00,0.00,0.00,0.00,'2025-12-08 10:13:26','weekly',1,55,1,18),
(1694,1,5.00,5.00,0.00,0.00,0.00,0.00,0.00,'2025-12-08 10:13:26','weekly',1,55,5,25),
(1695,1,5.00,5.00,0.00,0.00,0.00,0.00,0.00,'2025-12-08 10:13:26','weekly',1,55,1,16),
(1696,1,5.00,5.00,0.00,0.00,0.00,0.00,0.00,'2025-12-08 10:13:26','weekly',1,55,6,8),
(1697,1,5.00,5.00,0.00,0.00,0.00,0.00,0.00,'2025-12-08 10:13:26','weekly',1,55,4,28),
(1698,1,5.00,5.00,0.00,0.00,0.00,0.00,0.00,'2025-12-08 10:13:26','weekly',1,55,6,11),
(1699,1,5.00,5.00,0.00,0.00,0.00,0.00,0.00,'2025-12-08 10:13:26','weekly',1,55,4,5),
(1700,1,5.00,5.00,0.00,0.00,0.00,0.00,0.00,'2025-12-08 10:13:26','weekly',1,55,1,46),
(1701,1,5.00,5.00,0.00,0.00,0.00,0.00,0.00,'2025-12-08 10:13:26','weekly',1,55,4,32),
(1702,1,5.00,5.00,0.00,0.00,0.00,0.00,0.00,'2025-12-08 10:13:26','weekly',1,55,7,42),
(1703,1,5.00,5.00,0.00,0.00,0.00,0.00,0.00,'2025-12-08 10:13:26','weekly',1,55,6,35),
(1704,1,5.00,5.00,0.00,0.00,0.00,0.00,0.00,'2025-12-08 10:13:26','weekly',1,55,7,41),
(1705,1,5.00,5.00,0.00,0.00,0.00,0.00,0.00,'2025-12-08 10:13:26','weekly',1,55,1,19),
(1706,1,5.00,5.00,0.00,0.00,0.00,0.00,0.00,'2025-12-08 10:13:26','weekly',1,55,10,49),
(1707,1,5.00,5.00,0.00,0.00,0.00,0.00,0.00,'2025-12-08 10:13:26','weekly',1,55,7,39),
(1708,1,5.00,5.00,0.00,0.00,0.00,0.00,0.00,'2025-12-08 10:13:26','weekly',1,55,4,1),
(1709,1,5.00,5.00,0.00,0.00,0.00,0.00,0.00,'2025-12-08 10:13:26','weekly',1,55,6,37),
(1710,1,5.00,5.00,0.00,0.00,0.00,0.00,0.00,'2025-12-08 10:13:26','weekly',1,55,6,34),
(1711,1,5.00,5.00,0.00,0.00,0.00,0.00,0.00,'2025-12-08 10:13:26','weekly',1,55,4,3),
(1712,1,5.00,5.00,0.00,0.00,0.00,0.00,0.00,'2025-12-08 10:13:26','weekly',1,55,10,22),
(1713,1,5.00,5.00,0.00,0.00,0.00,0.00,0.00,'2025-12-08 10:13:26','weekly',1,55,7,14),
(1714,1,5.00,5.00,0.00,0.00,0.00,0.00,0.00,'2025-12-08 10:13:26','weekly',1,55,7,12),
(1715,1,5.00,5.00,0.00,0.00,0.00,0.00,0.00,'2025-12-08 10:13:26','weekly',1,55,9,52),
(1716,1,5.00,5.00,0.00,0.00,0.00,0.00,0.00,'2025-12-08 10:13:26','weekly',1,55,1,45),
(1717,1,5.00,5.00,0.00,0.00,0.00,0.00,0.00,'2025-12-08 10:13:26','weekly',1,56,1,44),
(1718,1,5.00,5.00,0.00,0.00,0.00,0.00,0.00,'2025-12-08 10:13:26','weekly',1,56,2,21),
(1719,1,5.00,5.00,0.00,0.00,0.00,0.00,0.00,'2025-12-08 10:13:26','weekly',1,56,2,20),
(1720,1,5.00,5.00,0.00,0.00,0.00,0.00,0.00,'2025-12-08 10:13:26','weekly',1,56,3,48),
(1721,1,5.00,5.00,0.00,0.00,0.00,0.00,0.00,'2025-12-08 10:13:26','weekly',1,56,4,2),
(1722,1,5.00,5.00,0.00,0.00,0.00,0.00,0.00,'2025-12-08 10:13:26','weekly',1,56,1,43),
(1723,1,5.00,5.00,0.00,0.00,0.00,0.00,0.00,'2025-12-08 10:13:26','weekly',1,56,4,31),
(1724,1,5.00,5.00,0.00,0.00,0.00,0.00,0.00,'2025-12-08 10:13:26','weekly',1,56,4,30),
(1725,1,5.00,5.00,0.00,0.00,0.00,0.00,0.00,'2025-12-08 10:13:26','weekly',1,56,4,29),
(1726,1,5.00,5.00,0.00,0.00,0.00,0.00,0.00,'2025-12-08 10:13:26','weekly',1,56,5,51),
(1727,1,5.00,5.00,0.00,0.00,0.00,0.00,0.00,'2025-12-08 10:13:26','weekly',1,56,2,47),
(1728,1,5.00,5.00,0.00,0.00,0.00,0.00,0.00,'2025-12-08 10:13:26','weekly',1,56,3,23),
(1729,1,5.00,5.00,0.00,0.00,0.00,0.00,0.00,'2025-12-08 10:13:26','weekly',1,56,6,10),
(1730,1,5.00,5.00,0.00,0.00,0.00,0.00,0.00,'2025-12-08 10:13:26','weekly',1,56,6,38),
(1731,1,5.00,5.00,0.00,0.00,0.00,0.00,0.00,'2025-12-08 10:13:26','weekly',1,56,7,40),
(1732,1,5.00,5.00,0.00,0.00,0.00,0.00,0.00,'2025-12-08 10:13:26','weekly',1,56,8,24),
(1733,1,5.00,5.00,0.00,0.00,0.00,0.00,0.00,'2025-12-08 10:13:26','weekly',1,56,6,9),
(1734,1,5.00,5.00,0.00,0.00,0.00,0.00,0.00,'2025-12-08 10:13:26','weekly',1,56,7,13),
(1735,1,5.00,5.00,0.00,0.00,0.00,0.00,0.00,'2025-12-08 10:13:26','weekly',1,56,1,17),
(1736,1,5.00,5.00,0.00,0.00,0.00,0.00,0.00,'2025-12-08 10:13:26','weekly',1,56,6,36),
(1737,1,5.00,5.00,0.00,0.00,0.00,0.00,0.00,'2025-12-08 10:13:26','weekly',1,56,7,15),
(1738,1,5.00,5.00,0.00,0.00,0.00,0.00,0.00,'2025-12-08 10:13:26','weekly',1,56,4,4),
(1739,1,5.00,5.00,0.00,0.00,0.00,0.00,0.00,'2025-12-08 10:13:26','weekly',1,56,3,50),
(1740,1,5.00,5.00,0.00,0.00,0.00,0.00,0.00,'2025-12-08 10:13:26','weekly',1,56,4,33),
(1741,1,5.00,5.00,0.00,0.00,0.00,0.00,0.00,'2025-12-08 10:13:26','weekly',1,56,9,26),
(1742,1,5.00,5.00,0.00,0.00,0.00,0.00,0.00,'2025-12-08 10:13:26','weekly',1,56,4,6),
(1743,1,5.00,5.00,0.00,0.00,0.00,0.00,0.00,'2025-12-08 10:13:26','weekly',1,56,6,7),
(1744,1,5.00,5.00,0.00,0.00,0.00,0.00,0.00,'2025-12-08 10:13:26','weekly',1,56,NULL,27),
(1745,1,5.00,5.00,0.00,0.00,0.00,0.00,0.00,'2025-12-08 10:13:26','weekly',1,56,1,18),
(1746,1,5.00,5.00,0.00,0.00,0.00,0.00,0.00,'2025-12-08 10:13:26','weekly',1,56,5,25),
(1747,1,5.00,5.00,0.00,0.00,0.00,0.00,0.00,'2025-12-08 10:13:26','weekly',1,56,1,16),
(1748,1,5.00,5.00,0.00,0.00,0.00,0.00,0.00,'2025-12-08 10:13:26','weekly',1,56,6,8),
(1749,1,5.00,5.00,0.00,0.00,0.00,0.00,0.00,'2025-12-08 10:13:26','weekly',1,56,4,28),
(1750,1,5.00,5.00,0.00,0.00,0.00,0.00,0.00,'2025-12-08 10:13:26','weekly',1,56,6,11),
(1751,1,5.00,5.00,0.00,0.00,0.00,0.00,0.00,'2025-12-08 10:13:26','weekly',1,56,4,5),
(1752,1,5.00,5.00,0.00,0.00,0.00,0.00,0.00,'2025-12-08 10:13:26','weekly',1,56,1,46),
(1753,1,5.00,5.00,0.00,0.00,0.00,0.00,0.00,'2025-12-08 10:13:26','weekly',1,56,4,32),
(1754,1,5.00,5.00,0.00,0.00,0.00,0.00,0.00,'2025-12-08 10:13:26','weekly',1,56,7,42),
(1755,1,5.00,5.00,0.00,0.00,0.00,0.00,0.00,'2025-12-08 10:13:26','weekly',1,56,6,35),
(1756,1,5.00,5.00,0.00,0.00,0.00,0.00,0.00,'2025-12-08 10:13:26','weekly',1,56,7,41),
(1757,1,5.00,5.00,0.00,0.00,0.00,0.00,0.00,'2025-12-08 10:13:26','weekly',1,56,1,19),
(1758,1,5.00,5.00,0.00,0.00,0.00,0.00,0.00,'2025-12-08 10:13:26','weekly',1,56,10,49),
(1759,1,5.00,5.00,0.00,0.00,0.00,0.00,0.00,'2025-12-08 10:13:26','weekly',1,56,7,39),
(1760,1,5.00,5.00,0.00,0.00,0.00,0.00,0.00,'2025-12-08 10:13:26','weekly',1,56,4,1),
(1761,1,5.00,5.00,0.00,0.00,0.00,0.00,0.00,'2025-12-08 10:13:26','weekly',1,56,6,37),
(1762,1,5.00,5.00,0.00,0.00,0.00,0.00,0.00,'2025-12-08 10:13:26','weekly',1,56,6,34),
(1763,1,5.00,5.00,0.00,0.00,0.00,0.00,0.00,'2025-12-08 10:13:26','weekly',1,56,4,3),
(1764,1,5.00,5.00,0.00,0.00,0.00,0.00,0.00,'2025-12-08 10:13:26','weekly',1,56,10,22),
(1765,1,5.00,5.00,0.00,0.00,0.00,0.00,0.00,'2025-12-08 10:13:26','weekly',1,56,7,14),
(1766,1,5.00,5.00,0.00,0.00,0.00,0.00,0.00,'2025-12-08 10:13:26','weekly',1,56,7,12),
(1767,1,5.00,5.00,0.00,0.00,0.00,0.00,0.00,'2025-12-08 10:13:26','weekly',1,56,9,52),
(1768,1,5.00,5.00,0.00,0.00,0.00,0.00,0.00,'2025-12-08 10:13:26','weekly',1,56,1,45),
(1769,1,5.00,5.00,0.00,0.00,0.00,0.00,0.00,'2025-12-08 10:13:26','weekly',1,57,1,44),
(1770,1,5.00,5.00,0.00,0.00,0.00,0.00,0.00,'2025-12-08 10:13:26','weekly',1,57,2,21),
(1771,1,5.00,5.00,0.00,0.00,0.00,0.00,0.00,'2025-12-08 10:13:26','weekly',1,57,2,20),
(1772,1,5.00,5.00,0.00,0.00,0.00,0.00,0.00,'2025-12-08 10:13:26','weekly',1,57,3,48),
(1773,1,5.00,5.00,0.00,0.00,0.00,0.00,0.00,'2025-12-08 10:13:26','weekly',1,57,4,2),
(1774,1,5.00,5.00,0.00,0.00,0.00,0.00,0.00,'2025-12-08 10:13:26','weekly',1,57,1,43),
(1775,1,5.00,5.00,0.00,0.00,0.00,0.00,0.00,'2025-12-08 10:13:26','weekly',1,57,4,31),
(1776,1,5.00,5.00,0.00,0.00,0.00,0.00,0.00,'2025-12-08 10:13:26','weekly',1,57,4,30),
(1777,1,5.00,5.00,0.00,0.00,0.00,0.00,0.00,'2025-12-08 10:13:26','weekly',1,57,4,29),
(1778,1,5.00,5.00,0.00,0.00,0.00,0.00,0.00,'2025-12-08 10:13:26','weekly',1,57,5,51),
(1779,1,5.00,5.00,0.00,0.00,0.00,0.00,0.00,'2025-12-08 10:13:26','weekly',1,57,2,47),
(1780,1,5.00,5.00,0.00,0.00,0.00,0.00,0.00,'2025-12-08 10:13:26','weekly',1,57,3,23),
(1781,1,5.00,5.00,0.00,0.00,0.00,0.00,0.00,'2025-12-08 10:13:26','weekly',1,57,6,10),
(1782,1,5.00,5.00,0.00,0.00,0.00,0.00,0.00,'2025-12-08 10:13:26','weekly',1,57,6,38),
(1783,1,5.00,5.00,0.00,0.00,0.00,0.00,0.00,'2025-12-08 10:13:26','weekly',1,57,7,40),
(1784,1,5.00,5.00,0.00,0.00,0.00,0.00,0.00,'2025-12-08 10:13:26','weekly',1,57,8,24),
(1785,1,5.00,5.00,0.00,0.00,0.00,0.00,0.00,'2025-12-08 10:13:26','weekly',1,57,6,9),
(1786,1,5.00,5.00,0.00,0.00,0.00,0.00,0.00,'2025-12-08 10:13:26','weekly',1,57,7,13),
(1787,1,5.00,5.00,0.00,0.00,0.00,0.00,0.00,'2025-12-08 10:13:26','weekly',1,57,1,17),
(1788,1,5.00,5.00,0.00,0.00,0.00,0.00,0.00,'2025-12-08 10:13:26','weekly',1,57,6,36),
(1789,1,5.00,5.00,0.00,0.00,0.00,0.00,0.00,'2025-12-08 10:13:26','weekly',1,57,7,15),
(1790,1,5.00,5.00,0.00,0.00,0.00,0.00,0.00,'2025-12-08 10:13:26','weekly',1,57,4,4),
(1791,1,5.00,5.00,0.00,0.00,0.00,0.00,0.00,'2025-12-08 10:13:26','weekly',1,57,3,50),
(1792,1,5.00,5.00,0.00,0.00,0.00,0.00,0.00,'2025-12-08 10:13:26','weekly',1,57,4,33),
(1793,1,5.00,5.00,0.00,0.00,0.00,0.00,0.00,'2025-12-08 10:13:26','weekly',1,57,9,26),
(1794,1,5.00,5.00,0.00,0.00,0.00,0.00,0.00,'2025-12-08 10:13:26','weekly',1,57,4,6),
(1795,1,5.00,5.00,0.00,0.00,0.00,0.00,0.00,'2025-12-08 10:13:26','weekly',1,57,6,7),
(1796,1,5.00,5.00,0.00,0.00,0.00,0.00,0.00,'2025-12-08 10:13:26','weekly',1,57,NULL,27),
(1797,1,5.00,5.00,0.00,0.00,0.00,0.00,0.00,'2025-12-08 10:13:26','weekly',1,57,1,18),
(1798,1,5.00,5.00,0.00,0.00,0.00,0.00,0.00,'2025-12-08 10:13:26','weekly',1,57,5,25),
(1799,1,5.00,5.00,0.00,0.00,0.00,0.00,0.00,'2025-12-08 10:13:26','weekly',1,57,1,16),
(1800,1,5.00,5.00,0.00,0.00,0.00,0.00,0.00,'2025-12-08 10:13:26','weekly',1,57,6,8),
(1801,1,5.00,5.00,0.00,0.00,0.00,0.00,0.00,'2025-12-08 10:13:26','weekly',1,57,4,28),
(1802,1,5.00,5.00,0.00,0.00,0.00,0.00,0.00,'2025-12-08 10:13:26','weekly',1,57,6,11),
(1803,1,5.00,5.00,0.00,0.00,0.00,0.00,0.00,'2025-12-08 10:13:26','weekly',1,57,4,5),
(1804,1,5.00,5.00,0.00,0.00,0.00,0.00,0.00,'2025-12-08 10:13:26','weekly',1,57,1,46),
(1805,1,5.00,5.00,0.00,0.00,0.00,0.00,0.00,'2025-12-08 10:13:26','weekly',1,57,4,32),
(1806,1,5.00,5.00,0.00,0.00,0.00,0.00,0.00,'2025-12-08 10:13:26','weekly',1,57,7,42),
(1807,1,5.00,5.00,0.00,0.00,0.00,0.00,0.00,'2025-12-08 10:13:26','weekly',1,57,6,35),
(1808,1,5.00,5.00,0.00,0.00,0.00,0.00,0.00,'2025-12-08 10:13:26','weekly',1,57,7,41),
(1809,1,5.00,5.00,0.00,0.00,0.00,0.00,0.00,'2025-12-08 10:13:26','weekly',1,57,1,19),
(1810,1,5.00,5.00,0.00,0.00,0.00,0.00,0.00,'2025-12-08 10:13:26','weekly',1,57,10,49),
(1811,1,5.00,5.00,0.00,0.00,0.00,0.00,0.00,'2025-12-08 10:13:26','weekly',1,57,7,39),
(1812,1,5.00,5.00,0.00,0.00,0.00,0.00,0.00,'2025-12-08 10:13:26','weekly',1,57,4,1),
(1813,1,5.00,5.00,0.00,0.00,0.00,0.00,0.00,'2025-12-08 10:13:26','weekly',1,57,6,37),
(1814,1,5.00,5.00,0.00,0.00,0.00,0.00,0.00,'2025-12-08 10:13:26','weekly',1,57,6,34),
(1815,1,5.00,5.00,0.00,0.00,0.00,0.00,0.00,'2025-12-08 10:13:26','weekly',1,57,4,3),
(1816,1,5.00,5.00,0.00,0.00,0.00,0.00,0.00,'2025-12-08 10:13:26','weekly',1,57,10,22),
(1817,1,5.00,5.00,0.00,0.00,0.00,0.00,0.00,'2025-12-08 10:13:26','weekly',1,57,7,14),
(1818,1,5.00,5.00,0.00,0.00,0.00,0.00,0.00,'2025-12-08 10:13:26','weekly',1,57,7,12),
(1819,1,5.00,5.00,0.00,0.00,0.00,0.00,0.00,'2025-12-08 10:13:26','weekly',1,57,9,52),
(1820,1,5.00,5.00,0.00,0.00,0.00,0.00,0.00,'2025-12-08 10:13:26','weekly',1,57,1,45),
(1821,1,5.00,5.00,0.00,0.00,0.00,0.00,0.00,'2025-12-08 10:13:26','weekly',1,58,1,44),
(1822,1,5.00,5.00,0.00,0.00,0.00,0.00,0.00,'2025-12-08 10:13:26','weekly',1,58,2,21),
(1823,1,5.00,5.00,0.00,0.00,0.00,0.00,0.00,'2025-12-08 10:13:26','weekly',1,58,2,20),
(1824,1,5.00,5.00,0.00,0.00,0.00,0.00,0.00,'2025-12-08 10:13:26','weekly',1,58,3,48),
(1825,1,5.00,5.00,0.00,0.00,0.00,0.00,0.00,'2025-12-08 10:13:26','weekly',1,58,4,2),
(1826,1,5.00,5.00,0.00,0.00,0.00,0.00,0.00,'2025-12-08 10:13:26','weekly',1,58,1,43),
(1827,1,5.00,5.00,0.00,0.00,0.00,0.00,0.00,'2025-12-08 10:13:26','weekly',1,58,4,31),
(1828,1,5.00,5.00,0.00,0.00,0.00,0.00,0.00,'2025-12-08 10:13:26','weekly',1,58,4,30),
(1829,1,5.00,5.00,0.00,0.00,0.00,0.00,0.00,'2025-12-08 10:13:26','weekly',1,58,4,29),
(1830,1,5.00,5.00,0.00,0.00,0.00,0.00,0.00,'2025-12-08 10:13:26','weekly',1,58,5,51),
(1831,1,5.00,5.00,0.00,0.00,0.00,0.00,0.00,'2025-12-08 10:13:26','weekly',1,58,2,47),
(1832,1,5.00,5.00,0.00,0.00,0.00,0.00,0.00,'2025-12-08 10:13:26','weekly',1,58,3,23),
(1833,1,5.00,5.00,0.00,0.00,0.00,0.00,0.00,'2025-12-08 10:13:26','weekly',1,58,6,10),
(1834,1,5.00,5.00,0.00,0.00,0.00,0.00,0.00,'2025-12-08 10:13:26','weekly',1,58,6,38),
(1835,1,5.00,5.00,0.00,0.00,0.00,0.00,0.00,'2025-12-08 10:13:26','weekly',1,58,7,40),
(1836,1,5.00,5.00,0.00,0.00,0.00,0.00,0.00,'2025-12-08 10:13:26','weekly',1,58,8,24),
(1837,1,5.00,5.00,0.00,0.00,0.00,0.00,0.00,'2025-12-08 10:13:26','weekly',1,58,6,9),
(1838,1,5.00,5.00,0.00,0.00,0.00,0.00,0.00,'2025-12-08 10:13:26','weekly',1,58,7,13),
(1839,1,5.00,5.00,0.00,0.00,0.00,0.00,0.00,'2025-12-08 10:13:26','weekly',1,58,1,17),
(1840,1,5.00,5.00,0.00,0.00,0.00,0.00,0.00,'2025-12-08 10:13:26','weekly',1,58,6,36),
(1841,1,5.00,5.00,0.00,0.00,0.00,0.00,0.00,'2025-12-08 10:13:26','weekly',1,58,7,15),
(1842,1,5.00,5.00,0.00,0.00,0.00,0.00,0.00,'2025-12-08 10:13:26','weekly',1,58,4,4),
(1843,1,5.00,5.00,0.00,0.00,0.00,0.00,0.00,'2025-12-08 10:13:26','weekly',1,58,3,50),
(1844,1,5.00,5.00,0.00,0.00,0.00,0.00,0.00,'2025-12-08 10:13:26','weekly',1,58,4,33),
(1845,1,5.00,5.00,0.00,0.00,0.00,0.00,0.00,'2025-12-08 10:13:26','weekly',1,58,9,26),
(1846,1,5.00,5.00,0.00,0.00,0.00,0.00,0.00,'2025-12-08 10:13:26','weekly',1,58,4,6),
(1847,1,5.00,5.00,0.00,0.00,0.00,0.00,0.00,'2025-12-08 10:13:26','weekly',1,58,6,7),
(1848,1,5.00,5.00,0.00,0.00,0.00,0.00,0.00,'2025-12-08 10:13:26','weekly',1,58,NULL,27),
(1849,1,5.00,5.00,0.00,0.00,0.00,0.00,0.00,'2025-12-08 10:13:26','weekly',1,58,1,18),
(1850,1,5.00,5.00,0.00,0.00,0.00,0.00,0.00,'2025-12-08 10:13:26','weekly',1,58,5,25),
(1851,1,5.00,5.00,0.00,0.00,0.00,0.00,0.00,'2025-12-08 10:13:26','weekly',1,58,1,16),
(1852,1,5.00,5.00,0.00,0.00,0.00,0.00,0.00,'2025-12-08 10:13:26','weekly',1,58,6,8),
(1853,1,5.00,5.00,0.00,0.00,0.00,0.00,0.00,'2025-12-08 10:13:26','weekly',1,58,4,28),
(1854,1,5.00,5.00,0.00,0.00,0.00,0.00,0.00,'2025-12-08 10:13:26','weekly',1,58,6,11),
(1855,1,5.00,5.00,0.00,0.00,0.00,0.00,0.00,'2025-12-08 10:13:26','weekly',1,58,4,5),
(1856,1,5.00,5.00,0.00,0.00,0.00,0.00,0.00,'2025-12-08 10:13:26','weekly',1,58,1,46),
(1857,1,5.00,5.00,0.00,0.00,0.00,0.00,0.00,'2025-12-08 10:13:26','weekly',1,58,4,32),
(1858,1,5.00,5.00,0.00,0.00,0.00,0.00,0.00,'2025-12-08 10:13:26','weekly',1,58,7,42),
(1859,1,5.00,5.00,0.00,0.00,0.00,0.00,0.00,'2025-12-08 10:13:26','weekly',1,58,6,35),
(1860,1,5.00,5.00,0.00,0.00,0.00,0.00,0.00,'2025-12-08 10:13:26','weekly',1,58,7,41),
(1861,1,5.00,5.00,0.00,0.00,0.00,0.00,0.00,'2025-12-08 10:13:26','weekly',1,58,1,19),
(1862,1,5.00,5.00,0.00,0.00,0.00,0.00,0.00,'2025-12-08 10:13:26','weekly',1,58,10,49),
(1863,1,5.00,5.00,0.00,0.00,0.00,0.00,0.00,'2025-12-08 10:13:26','weekly',1,58,7,39),
(1864,1,5.00,5.00,0.00,0.00,0.00,0.00,0.00,'2025-12-08 10:13:26','weekly',1,58,4,1),
(1865,1,5.00,5.00,0.00,0.00,0.00,0.00,0.00,'2025-12-08 10:13:26','weekly',1,58,6,37),
(1866,1,5.00,5.00,0.00,0.00,0.00,0.00,0.00,'2025-12-08 10:13:26','weekly',1,58,6,34),
(1867,1,5.00,5.00,0.00,0.00,0.00,0.00,0.00,'2025-12-08 10:13:26','weekly',1,58,4,3),
(1868,1,5.00,5.00,0.00,0.00,0.00,0.00,0.00,'2025-12-08 10:13:26','weekly',1,58,10,22),
(1869,1,5.00,5.00,0.00,0.00,0.00,0.00,0.00,'2025-12-08 10:13:26','weekly',1,58,7,14),
(1870,1,5.00,5.00,0.00,0.00,0.00,0.00,0.00,'2025-12-08 10:13:26','weekly',1,58,7,12),
(1871,1,5.00,5.00,0.00,0.00,0.00,0.00,0.00,'2025-12-08 10:13:26','weekly',1,58,9,52),
(1872,1,5.00,5.00,0.00,0.00,0.00,0.00,0.00,'2025-12-08 10:13:26','weekly',1,58,1,45),
(1873,1,5.00,5.00,0.00,0.00,0.00,0.00,0.00,'2025-12-08 10:13:26','weekly',1,59,1,44),
(1874,1,5.00,5.00,0.00,0.00,0.00,0.00,0.00,'2025-12-08 10:13:26','weekly',1,59,2,21),
(1875,1,5.00,5.00,0.00,0.00,0.00,0.00,0.00,'2025-12-08 10:13:26','weekly',1,59,2,20),
(1876,1,5.00,5.00,0.00,0.00,0.00,0.00,0.00,'2025-12-08 10:13:26','weekly',1,59,3,48),
(1877,1,5.00,5.00,0.00,0.00,0.00,0.00,0.00,'2025-12-08 10:13:26','weekly',1,59,4,2),
(1878,1,5.00,5.00,0.00,0.00,0.00,0.00,0.00,'2025-12-08 10:13:26','weekly',1,59,1,43),
(1879,1,5.00,5.00,0.00,0.00,0.00,0.00,0.00,'2025-12-08 10:13:26','weekly',1,59,4,31),
(1880,1,5.00,5.00,0.00,0.00,0.00,0.00,0.00,'2025-12-08 10:13:26','weekly',1,59,4,30),
(1881,1,5.00,5.00,0.00,0.00,0.00,0.00,0.00,'2025-12-08 10:13:26','weekly',1,59,4,29),
(1882,1,5.00,5.00,0.00,0.00,0.00,0.00,0.00,'2025-12-08 10:13:26','weekly',1,59,5,51),
(1883,1,5.00,5.00,0.00,0.00,0.00,0.00,0.00,'2025-12-08 10:13:26','weekly',1,59,2,47),
(1884,1,5.00,5.00,0.00,0.00,0.00,0.00,0.00,'2025-12-08 10:13:26','weekly',1,59,3,23),
(1885,1,5.00,5.00,0.00,0.00,0.00,0.00,0.00,'2025-12-08 10:13:26','weekly',1,59,6,10),
(1886,1,5.00,5.00,0.00,0.00,0.00,0.00,0.00,'2025-12-08 10:13:26','weekly',1,59,6,38),
(1887,1,5.00,5.00,0.00,0.00,0.00,0.00,0.00,'2025-12-08 10:13:26','weekly',1,59,7,40),
(1888,1,5.00,5.00,0.00,0.00,0.00,0.00,0.00,'2025-12-08 10:13:26','weekly',1,59,8,24),
(1889,1,5.00,5.00,0.00,0.00,0.00,0.00,0.00,'2025-12-08 10:13:26','weekly',1,59,6,9),
(1890,1,5.00,5.00,0.00,0.00,0.00,0.00,0.00,'2025-12-08 10:13:26','weekly',1,59,7,13),
(1891,1,5.00,5.00,0.00,0.00,0.00,0.00,0.00,'2025-12-08 10:13:26','weekly',1,59,1,17),
(1892,1,5.00,5.00,0.00,0.00,0.00,0.00,0.00,'2025-12-08 10:13:26','weekly',1,59,6,36),
(1893,1,5.00,5.00,0.00,0.00,0.00,0.00,0.00,'2025-12-08 10:13:26','weekly',1,59,7,15),
(1894,1,5.00,5.00,0.00,0.00,0.00,0.00,0.00,'2025-12-08 10:13:26','weekly',1,59,4,4),
(1895,1,5.00,5.00,0.00,0.00,0.00,0.00,0.00,'2025-12-08 10:13:26','weekly',1,59,3,50),
(1896,1,5.00,5.00,0.00,0.00,0.00,0.00,0.00,'2025-12-08 10:13:26','weekly',1,59,4,33),
(1897,1,5.00,5.00,0.00,0.00,0.00,0.00,0.00,'2025-12-08 10:13:26','weekly',1,59,9,26),
(1898,1,5.00,5.00,0.00,0.00,0.00,0.00,0.00,'2025-12-08 10:13:26','weekly',1,59,4,6),
(1899,1,5.00,5.00,0.00,0.00,0.00,0.00,0.00,'2025-12-08 10:13:26','weekly',1,59,6,7),
(1900,1,5.00,5.00,0.00,0.00,0.00,0.00,0.00,'2025-12-08 10:13:26','weekly',1,59,NULL,27),
(1901,1,5.00,5.00,0.00,0.00,0.00,0.00,0.00,'2025-12-08 10:13:26','weekly',1,59,1,18),
(1902,1,5.00,5.00,0.00,0.00,0.00,0.00,0.00,'2025-12-08 10:13:26','weekly',1,59,5,25),
(1903,1,5.00,5.00,0.00,0.00,0.00,0.00,0.00,'2025-12-08 10:13:26','weekly',1,59,1,16),
(1904,1,5.00,5.00,0.00,0.00,0.00,0.00,0.00,'2025-12-08 10:13:26','weekly',1,59,6,8),
(1905,1,5.00,5.00,0.00,0.00,0.00,0.00,0.00,'2025-12-08 10:13:26','weekly',1,59,4,28),
(1906,1,5.00,5.00,0.00,0.00,0.00,0.00,0.00,'2025-12-08 10:13:26','weekly',1,59,6,11),
(1907,1,5.00,5.00,0.00,0.00,0.00,0.00,0.00,'2025-12-08 10:13:26','weekly',1,59,4,5),
(1908,1,5.00,5.00,0.00,0.00,0.00,0.00,0.00,'2025-12-08 10:13:26','weekly',1,59,1,46),
(1909,1,5.00,5.00,0.00,0.00,0.00,0.00,0.00,'2025-12-08 10:13:26','weekly',1,59,4,32),
(1910,1,5.00,5.00,0.00,0.00,0.00,0.00,0.00,'2025-12-08 10:13:26','weekly',1,59,7,42),
(1911,1,5.00,5.00,0.00,0.00,0.00,0.00,0.00,'2025-12-08 10:13:26','weekly',1,59,6,35),
(1912,1,5.00,5.00,0.00,0.00,0.00,0.00,0.00,'2025-12-08 10:13:26','weekly',1,59,7,41),
(1913,1,5.00,5.00,0.00,0.00,0.00,0.00,0.00,'2025-12-08 10:13:26','weekly',1,59,1,19),
(1914,1,5.00,5.00,0.00,0.00,0.00,0.00,0.00,'2025-12-08 10:13:26','weekly',1,59,10,49),
(1915,1,5.00,5.00,0.00,0.00,0.00,0.00,0.00,'2025-12-08 10:13:26','weekly',1,59,7,39),
(1916,1,5.00,5.00,0.00,0.00,0.00,0.00,0.00,'2025-12-08 10:13:26','weekly',1,59,4,1),
(1917,1,5.00,5.00,0.00,0.00,0.00,0.00,0.00,'2025-12-08 10:13:26','weekly',1,59,6,37),
(1918,1,5.00,5.00,0.00,0.00,0.00,0.00,0.00,'2025-12-08 10:13:26','weekly',1,59,6,34),
(1919,1,5.00,5.00,0.00,0.00,0.00,0.00,0.00,'2025-12-08 10:13:26','weekly',1,59,4,3),
(1920,1,5.00,5.00,0.00,0.00,0.00,0.00,0.00,'2025-12-08 10:13:26','weekly',1,59,10,22),
(1921,1,5.00,5.00,0.00,0.00,0.00,0.00,0.00,'2025-12-08 10:13:26','weekly',1,59,7,14),
(1922,1,5.00,5.00,0.00,0.00,0.00,0.00,0.00,'2025-12-08 10:13:26','weekly',1,59,7,12),
(1923,1,5.00,5.00,0.00,0.00,0.00,0.00,0.00,'2025-12-08 10:13:26','weekly',1,59,9,52),
(1924,1,5.00,5.00,0.00,0.00,0.00,0.00,0.00,'2025-12-08 10:13:26','weekly',1,59,1,45),
(1925,1,5.00,5.00,0.00,0.00,0.00,0.00,0.00,'2025-12-08 10:13:26','weekly',1,60,1,44),
(1926,1,5.00,5.00,0.00,0.00,0.00,0.00,0.00,'2025-12-08 10:13:26','weekly',1,60,2,21),
(1927,1,5.00,5.00,0.00,0.00,0.00,0.00,0.00,'2025-12-08 10:13:26','weekly',1,60,2,20),
(1928,1,5.00,5.00,0.00,0.00,0.00,0.00,0.00,'2025-12-08 10:13:26','weekly',1,60,3,48),
(1929,1,5.00,5.00,0.00,0.00,0.00,0.00,0.00,'2025-12-08 10:13:26','weekly',1,60,4,2),
(1930,1,5.00,5.00,0.00,0.00,0.00,0.00,0.00,'2025-12-08 10:13:26','weekly',1,60,1,43),
(1931,1,5.00,5.00,0.00,0.00,0.00,0.00,0.00,'2025-12-08 10:13:26','weekly',1,60,4,31),
(1932,1,5.00,5.00,0.00,0.00,0.00,0.00,0.00,'2025-12-08 10:13:26','weekly',1,60,4,30),
(1933,1,5.00,5.00,0.00,0.00,0.00,0.00,0.00,'2025-12-08 10:13:26','weekly',1,60,4,29),
(1934,1,5.00,5.00,0.00,0.00,0.00,0.00,0.00,'2025-12-08 10:13:26','weekly',1,60,5,51),
(1935,1,5.00,5.00,0.00,0.00,0.00,0.00,0.00,'2025-12-08 10:13:26','weekly',1,60,2,47),
(1936,1,5.00,5.00,0.00,0.00,0.00,0.00,0.00,'2025-12-08 10:13:26','weekly',1,60,3,23),
(1937,1,5.00,5.00,0.00,0.00,0.00,0.00,0.00,'2025-12-08 10:13:26','weekly',1,60,6,10),
(1938,1,5.00,5.00,0.00,0.00,0.00,0.00,0.00,'2025-12-08 10:13:26','weekly',1,60,6,38),
(1939,1,5.00,5.00,0.00,0.00,0.00,0.00,0.00,'2025-12-08 10:13:26','weekly',1,60,7,40),
(1940,1,5.00,5.00,0.00,0.00,0.00,0.00,0.00,'2025-12-08 10:13:26','weekly',1,60,8,24),
(1941,1,5.00,5.00,0.00,0.00,0.00,0.00,0.00,'2025-12-08 10:13:26','weekly',1,60,6,9),
(1942,1,5.00,5.00,0.00,0.00,0.00,0.00,0.00,'2025-12-08 10:13:26','weekly',1,60,7,13),
(1943,1,5.00,5.00,0.00,0.00,0.00,0.00,0.00,'2025-12-08 10:13:26','weekly',1,60,1,17),
(1944,1,5.00,5.00,0.00,0.00,0.00,0.00,0.00,'2025-12-08 10:13:26','weekly',1,60,6,36),
(1945,1,5.00,5.00,0.00,0.00,0.00,0.00,0.00,'2025-12-08 10:13:26','weekly',1,60,7,15),
(1946,1,5.00,5.00,0.00,0.00,0.00,0.00,0.00,'2025-12-08 10:13:26','weekly',1,60,4,4),
(1947,1,5.00,5.00,0.00,0.00,0.00,0.00,0.00,'2025-12-08 10:13:26','weekly',1,60,3,50),
(1948,1,5.00,5.00,0.00,0.00,0.00,0.00,0.00,'2025-12-08 10:13:26','weekly',1,60,4,33),
(1949,1,5.00,5.00,0.00,0.00,0.00,0.00,0.00,'2025-12-08 10:13:26','weekly',1,60,9,26),
(1950,1,5.00,5.00,0.00,0.00,0.00,0.00,0.00,'2025-12-08 10:13:26','weekly',1,60,4,6),
(1951,1,5.00,5.00,0.00,0.00,0.00,0.00,0.00,'2025-12-08 10:13:26','weekly',1,60,6,7),
(1952,1,5.00,5.00,0.00,0.00,0.00,0.00,0.00,'2025-12-08 10:13:26','weekly',1,60,NULL,27),
(1953,1,5.00,5.00,0.00,0.00,0.00,0.00,0.00,'2025-12-08 10:13:26','weekly',1,60,1,18),
(1954,1,5.00,5.00,0.00,0.00,0.00,0.00,0.00,'2025-12-08 10:13:26','weekly',1,60,5,25),
(1955,1,5.00,5.00,0.00,0.00,0.00,0.00,0.00,'2025-12-08 10:13:26','weekly',1,60,1,16),
(1956,1,5.00,5.00,0.00,0.00,0.00,0.00,0.00,'2025-12-08 10:13:26','weekly',1,60,6,8),
(1957,1,5.00,5.00,0.00,0.00,0.00,0.00,0.00,'2025-12-08 10:13:26','weekly',1,60,4,28),
(1958,1,5.00,5.00,0.00,0.00,0.00,0.00,0.00,'2025-12-08 10:13:26','weekly',1,60,6,11),
(1959,1,5.00,5.00,0.00,0.00,0.00,0.00,0.00,'2025-12-08 10:13:26','weekly',1,60,4,5),
(1960,1,5.00,5.00,0.00,0.00,0.00,0.00,0.00,'2025-12-08 10:13:26','weekly',1,60,1,46),
(1961,1,5.00,5.00,0.00,0.00,0.00,0.00,0.00,'2025-12-08 10:13:26','weekly',1,60,4,32),
(1962,1,5.00,5.00,0.00,0.00,0.00,0.00,0.00,'2025-12-08 10:13:26','weekly',1,60,7,42),
(1963,1,5.00,5.00,0.00,0.00,0.00,0.00,0.00,'2025-12-08 10:13:26','weekly',1,60,6,35),
(1964,1,5.00,5.00,0.00,0.00,0.00,0.00,0.00,'2025-12-08 10:13:26','weekly',1,60,7,41),
(1965,1,5.00,5.00,0.00,0.00,0.00,0.00,0.00,'2025-12-08 10:13:26','weekly',1,60,1,19),
(1966,1,5.00,5.00,0.00,0.00,0.00,0.00,0.00,'2025-12-08 10:13:26','weekly',1,60,10,49),
(1967,1,5.00,5.00,0.00,0.00,0.00,0.00,0.00,'2025-12-08 10:13:26','weekly',1,60,7,39),
(1968,1,5.00,5.00,0.00,0.00,0.00,0.00,0.00,'2025-12-08 10:13:26','weekly',1,60,4,1),
(1969,1,5.00,5.00,0.00,0.00,0.00,0.00,0.00,'2025-12-08 10:13:26','weekly',1,60,6,37),
(1970,1,5.00,5.00,0.00,0.00,0.00,0.00,0.00,'2025-12-08 10:13:26','weekly',1,60,6,34),
(1971,1,5.00,5.00,0.00,0.00,0.00,0.00,0.00,'2025-12-08 10:13:26','weekly',1,60,4,3),
(1972,1,5.00,5.00,0.00,0.00,0.00,0.00,0.00,'2025-12-08 10:13:27','weekly',1,60,10,22),
(1973,1,5.00,5.00,0.00,0.00,0.00,0.00,0.00,'2025-12-08 10:13:27','weekly',1,60,7,14),
(1974,1,5.00,5.00,0.00,0.00,0.00,0.00,0.00,'2025-12-08 10:13:27','weekly',1,60,7,12),
(1975,1,5.00,5.00,0.00,0.00,0.00,0.00,0.00,'2025-12-08 10:13:27','weekly',1,60,9,52),
(1976,1,5.00,5.00,0.00,0.00,0.00,0.00,0.00,'2025-12-08 10:13:27','weekly',1,60,1,45),
(1977,1,5.00,5.00,0.00,0.00,0.00,0.00,0.00,'2025-12-08 10:13:27','weekly',1,61,1,44),
(1978,1,5.00,5.00,0.00,0.00,0.00,0.00,0.00,'2025-12-08 10:13:27','weekly',1,61,2,21),
(1979,1,5.00,5.00,0.00,0.00,0.00,0.00,0.00,'2025-12-08 10:13:27','weekly',1,61,2,20),
(1980,1,5.00,5.00,0.00,0.00,0.00,0.00,0.00,'2025-12-08 10:13:27','weekly',1,61,3,48),
(1981,1,5.00,5.00,0.00,0.00,0.00,0.00,0.00,'2025-12-08 10:13:27','weekly',1,61,4,2),
(1982,1,5.00,5.00,0.00,0.00,0.00,0.00,0.00,'2025-12-08 10:13:27','weekly',1,61,1,43),
(1983,1,5.00,5.00,0.00,0.00,0.00,0.00,0.00,'2025-12-08 10:13:27','weekly',1,61,4,31),
(1984,1,5.00,5.00,0.00,0.00,0.00,0.00,0.00,'2025-12-08 10:13:27','weekly',1,61,4,30),
(1985,1,5.00,5.00,0.00,0.00,0.00,0.00,0.00,'2025-12-08 10:13:27','weekly',1,61,4,29),
(1986,1,5.00,5.00,0.00,0.00,0.00,0.00,0.00,'2025-12-08 10:13:27','weekly',1,61,5,51),
(1987,1,5.00,5.00,0.00,0.00,0.00,0.00,0.00,'2025-12-08 10:13:27','weekly',1,61,2,47),
(1988,1,5.00,5.00,0.00,0.00,0.00,0.00,0.00,'2025-12-08 10:13:27','weekly',1,61,3,23),
(1989,1,5.00,5.00,0.00,0.00,0.00,0.00,0.00,'2025-12-08 10:13:27','weekly',1,61,6,10),
(1990,1,5.00,5.00,0.00,0.00,0.00,0.00,0.00,'2025-12-08 10:13:27','weekly',1,61,6,38),
(1991,1,5.00,5.00,0.00,0.00,0.00,0.00,0.00,'2025-12-08 10:13:27','weekly',1,61,7,40),
(1992,1,5.00,5.00,0.00,0.00,0.00,0.00,0.00,'2025-12-08 10:13:27','weekly',1,61,8,24),
(1993,1,5.00,5.00,0.00,0.00,0.00,0.00,0.00,'2025-12-08 10:13:27','weekly',1,61,6,9),
(1994,1,5.00,5.00,0.00,0.00,0.00,0.00,0.00,'2025-12-08 10:13:27','weekly',1,61,7,13),
(1995,1,5.00,5.00,0.00,0.00,0.00,0.00,0.00,'2025-12-08 10:13:27','weekly',1,61,1,17),
(1996,1,5.00,5.00,0.00,0.00,0.00,0.00,0.00,'2025-12-08 10:13:27','weekly',1,61,6,36),
(1997,1,5.00,5.00,0.00,0.00,0.00,0.00,0.00,'2025-12-08 10:13:27','weekly',1,61,7,15),
(1998,1,5.00,5.00,0.00,0.00,0.00,0.00,0.00,'2025-12-08 10:13:27','weekly',1,61,4,4),
(1999,1,5.00,5.00,0.00,0.00,0.00,0.00,0.00,'2025-12-08 10:13:27','weekly',1,61,3,50),
(2000,1,5.00,5.00,0.00,0.00,0.00,0.00,0.00,'2025-12-08 10:13:27','weekly',1,61,4,33),
(2001,1,5.00,5.00,0.00,0.00,0.00,0.00,0.00,'2025-12-08 10:13:27','weekly',1,61,9,26),
(2002,1,5.00,5.00,0.00,0.00,0.00,0.00,0.00,'2025-12-08 10:13:27','weekly',1,61,4,6),
(2003,1,5.00,5.00,0.00,0.00,0.00,0.00,0.00,'2025-12-08 10:13:27','weekly',1,61,6,7),
(2004,1,5.00,5.00,0.00,0.00,0.00,0.00,0.00,'2025-12-08 10:13:27','weekly',1,61,NULL,27),
(2005,1,5.00,5.00,0.00,0.00,0.00,0.00,0.00,'2025-12-08 10:13:27','weekly',1,61,1,18),
(2006,1,5.00,5.00,0.00,0.00,0.00,0.00,0.00,'2025-12-08 10:13:27','weekly',1,61,5,25),
(2007,1,5.00,5.00,0.00,0.00,0.00,0.00,0.00,'2025-12-08 10:13:27','weekly',1,61,1,16),
(2008,1,5.00,5.00,0.00,0.00,0.00,0.00,0.00,'2025-12-08 10:13:27','weekly',1,61,6,8),
(2009,1,5.00,5.00,0.00,0.00,0.00,0.00,0.00,'2025-12-08 10:13:27','weekly',1,61,4,28),
(2010,1,5.00,5.00,0.00,0.00,0.00,0.00,0.00,'2025-12-08 10:13:27','weekly',1,61,6,11),
(2011,1,5.00,5.00,0.00,0.00,0.00,0.00,0.00,'2025-12-08 10:13:27','weekly',1,61,4,5),
(2012,1,5.00,5.00,0.00,0.00,0.00,0.00,0.00,'2025-12-08 10:13:27','weekly',1,61,1,46),
(2013,1,5.00,5.00,0.00,0.00,0.00,0.00,0.00,'2025-12-08 10:13:27','weekly',1,61,4,32),
(2014,1,5.00,5.00,0.00,0.00,0.00,0.00,0.00,'2025-12-08 10:13:27','weekly',1,61,7,42),
(2015,1,5.00,5.00,0.00,0.00,0.00,0.00,0.00,'2025-12-08 10:13:27','weekly',1,61,6,35),
(2016,1,5.00,5.00,0.00,0.00,0.00,0.00,0.00,'2025-12-08 10:13:27','weekly',1,61,7,41),
(2017,1,5.00,5.00,0.00,0.00,0.00,0.00,0.00,'2025-12-08 10:13:27','weekly',1,61,1,19),
(2018,1,5.00,5.00,0.00,0.00,0.00,0.00,0.00,'2025-12-08 10:13:27','weekly',1,61,10,49),
(2019,1,5.00,5.00,0.00,0.00,0.00,0.00,0.00,'2025-12-08 10:13:27','weekly',1,61,7,39),
(2020,1,5.00,5.00,0.00,0.00,0.00,0.00,0.00,'2025-12-08 10:13:27','weekly',1,61,4,1),
(2021,1,5.00,5.00,0.00,0.00,0.00,0.00,0.00,'2025-12-08 10:13:27','weekly',1,61,6,37),
(2022,1,5.00,5.00,0.00,0.00,0.00,0.00,0.00,'2025-12-08 10:13:27','weekly',1,61,6,34),
(2023,1,5.00,5.00,0.00,0.00,0.00,0.00,0.00,'2025-12-08 10:13:27','weekly',1,61,4,3),
(2024,1,5.00,5.00,0.00,0.00,0.00,0.00,0.00,'2025-12-08 10:13:27','weekly',1,61,10,22),
(2025,1,5.00,5.00,0.00,0.00,0.00,0.00,0.00,'2025-12-08 10:13:27','weekly',1,61,7,14),
(2026,1,5.00,5.00,0.00,0.00,0.00,0.00,0.00,'2025-12-08 10:13:27','weekly',1,61,7,12),
(2027,1,5.00,5.00,0.00,0.00,0.00,0.00,0.00,'2025-12-08 10:13:27','weekly',1,61,9,52),
(2028,1,5.00,5.00,0.00,0.00,0.00,0.00,0.00,'2025-12-08 10:13:27','weekly',1,61,1,45),
(2029,1,5.00,5.00,0.00,0.00,0.00,0.00,0.00,'2025-12-08 10:13:27','weekly',1,62,1,44),
(2030,1,5.00,5.00,0.00,0.00,0.00,0.00,0.00,'2025-12-08 10:13:27','weekly',1,62,2,21),
(2031,1,5.00,5.00,0.00,0.00,0.00,0.00,0.00,'2025-12-08 10:13:27','weekly',1,62,2,20),
(2032,1,5.00,5.00,0.00,0.00,0.00,0.00,0.00,'2025-12-08 10:13:27','weekly',1,62,3,48),
(2033,1,5.00,5.00,0.00,0.00,0.00,0.00,0.00,'2025-12-08 10:13:27','weekly',1,62,4,2),
(2034,1,5.00,5.00,0.00,0.00,0.00,0.00,0.00,'2025-12-08 10:13:27','weekly',1,62,1,43),
(2035,1,5.00,5.00,0.00,0.00,0.00,0.00,0.00,'2025-12-08 10:13:27','weekly',1,62,4,31),
(2036,1,5.00,5.00,0.00,0.00,0.00,0.00,0.00,'2025-12-08 10:13:27','weekly',1,62,4,30),
(2037,1,5.00,5.00,0.00,0.00,0.00,0.00,0.00,'2025-12-08 10:13:27','weekly',1,62,4,29),
(2038,1,5.00,5.00,0.00,0.00,0.00,0.00,0.00,'2025-12-08 10:13:27','weekly',1,62,5,51),
(2039,1,5.00,5.00,0.00,0.00,0.00,0.00,0.00,'2025-12-08 10:13:27','weekly',1,62,2,47),
(2040,1,5.00,5.00,0.00,0.00,0.00,0.00,0.00,'2025-12-08 10:13:27','weekly',1,62,3,23),
(2041,1,5.00,5.00,0.00,0.00,0.00,0.00,0.00,'2025-12-08 10:13:27','weekly',1,62,6,10),
(2042,1,5.00,5.00,0.00,0.00,0.00,0.00,0.00,'2025-12-08 10:13:27','weekly',1,62,6,38),
(2043,1,5.00,5.00,0.00,0.00,0.00,0.00,0.00,'2025-12-08 10:13:27','weekly',1,62,7,40),
(2044,1,5.00,5.00,0.00,0.00,0.00,0.00,0.00,'2025-12-08 10:13:27','weekly',1,62,8,24),
(2045,1,5.00,5.00,0.00,0.00,0.00,0.00,0.00,'2025-12-08 10:13:27','weekly',1,62,6,9),
(2046,1,5.00,5.00,0.00,0.00,0.00,0.00,0.00,'2025-12-08 10:13:27','weekly',1,62,7,13),
(2047,1,5.00,5.00,0.00,0.00,0.00,0.00,0.00,'2025-12-08 10:13:27','weekly',1,62,1,17),
(2048,1,5.00,5.00,0.00,0.00,0.00,0.00,0.00,'2025-12-08 10:13:27','weekly',1,62,6,36),
(2049,1,5.00,5.00,0.00,0.00,0.00,0.00,0.00,'2025-12-08 10:13:27','weekly',1,62,7,15),
(2050,1,5.00,5.00,0.00,0.00,0.00,0.00,0.00,'2025-12-08 10:13:27','weekly',1,62,4,4),
(2051,1,5.00,5.00,0.00,0.00,0.00,0.00,0.00,'2025-12-08 10:13:27','weekly',1,62,3,50),
(2052,1,5.00,5.00,0.00,0.00,0.00,0.00,0.00,'2025-12-08 10:13:27','weekly',1,62,4,33),
(2053,1,5.00,5.00,0.00,0.00,0.00,0.00,0.00,'2025-12-08 10:13:27','weekly',1,62,9,26),
(2054,1,5.00,5.00,0.00,0.00,0.00,0.00,0.00,'2025-12-08 10:13:27','weekly',1,62,4,6),
(2055,1,5.00,5.00,0.00,0.00,0.00,0.00,0.00,'2025-12-08 10:13:27','weekly',1,62,6,7),
(2056,1,5.00,5.00,0.00,0.00,0.00,0.00,0.00,'2025-12-08 10:13:27','weekly',1,62,NULL,27),
(2057,1,5.00,5.00,0.00,0.00,0.00,0.00,0.00,'2025-12-08 10:13:27','weekly',1,62,1,18),
(2058,1,5.00,5.00,0.00,0.00,0.00,0.00,0.00,'2025-12-08 10:13:27','weekly',1,62,5,25),
(2059,1,5.00,5.00,0.00,0.00,0.00,0.00,0.00,'2025-12-08 10:13:27','weekly',1,62,1,16),
(2060,1,5.00,5.00,0.00,0.00,0.00,0.00,0.00,'2025-12-08 10:13:27','weekly',1,62,6,8),
(2061,1,5.00,5.00,0.00,0.00,0.00,0.00,0.00,'2025-12-08 10:13:27','weekly',1,62,4,28),
(2062,1,5.00,5.00,0.00,0.00,0.00,0.00,0.00,'2025-12-08 10:13:27','weekly',1,62,6,11),
(2063,1,5.00,5.00,0.00,0.00,0.00,0.00,0.00,'2025-12-08 10:13:27','weekly',1,62,4,5),
(2064,1,5.00,5.00,0.00,0.00,0.00,0.00,0.00,'2025-12-08 10:13:27','weekly',1,62,1,46),
(2065,1,5.00,5.00,0.00,0.00,0.00,0.00,0.00,'2025-12-08 10:13:27','weekly',1,62,4,32),
(2066,1,5.00,5.00,0.00,0.00,0.00,0.00,0.00,'2025-12-08 10:13:27','weekly',1,62,7,42),
(2067,1,5.00,5.00,0.00,0.00,0.00,0.00,0.00,'2025-12-08 10:13:27','weekly',1,62,6,35),
(2068,1,5.00,5.00,0.00,0.00,0.00,0.00,0.00,'2025-12-08 10:13:27','weekly',1,62,7,41),
(2069,1,5.00,5.00,0.00,0.00,0.00,0.00,0.00,'2025-12-08 10:13:27','weekly',1,62,1,19),
(2070,1,5.00,5.00,0.00,0.00,0.00,0.00,0.00,'2025-12-08 10:13:27','weekly',1,62,10,49),
(2071,1,5.00,5.00,0.00,0.00,0.00,0.00,0.00,'2025-12-08 10:13:27','weekly',1,62,7,39),
(2072,1,5.00,5.00,0.00,0.00,0.00,0.00,0.00,'2025-12-08 10:13:27','weekly',1,62,4,1),
(2073,1,5.00,5.00,0.00,0.00,0.00,0.00,0.00,'2025-12-08 10:13:27','weekly',1,62,6,37),
(2074,1,5.00,5.00,0.00,0.00,0.00,0.00,0.00,'2025-12-08 10:13:27','weekly',1,62,6,34),
(2075,1,5.00,5.00,0.00,0.00,0.00,0.00,0.00,'2025-12-08 10:13:27','weekly',1,62,4,3),
(2076,1,5.00,5.00,0.00,0.00,0.00,0.00,0.00,'2025-12-08 10:13:27','weekly',1,62,10,22),
(2077,1,5.00,5.00,0.00,0.00,0.00,0.00,0.00,'2025-12-08 10:13:27','weekly',1,62,7,14),
(2078,1,5.00,5.00,0.00,0.00,0.00,0.00,0.00,'2025-12-08 10:13:27','weekly',1,62,7,12),
(2079,1,5.00,5.00,0.00,0.00,0.00,0.00,0.00,'2025-12-08 10:13:27','weekly',1,62,9,52),
(2080,1,5.00,5.00,0.00,0.00,0.00,0.00,0.00,'2025-12-08 10:13:27','weekly',1,62,1,45),
(2081,1,5.00,5.00,0.00,0.00,0.00,0.00,0.00,'2025-12-08 10:13:27','weekly',1,63,1,44),
(2082,1,5.00,5.00,0.00,0.00,0.00,0.00,0.00,'2025-12-08 10:13:27','weekly',1,63,2,21),
(2083,1,5.00,5.00,0.00,0.00,0.00,0.00,0.00,'2025-12-08 10:13:27','weekly',1,63,2,20),
(2084,1,5.00,5.00,0.00,0.00,0.00,0.00,0.00,'2025-12-08 10:13:27','weekly',1,63,3,48),
(2085,1,5.00,5.00,0.00,0.00,0.00,0.00,0.00,'2025-12-08 10:13:27','weekly',1,63,4,2),
(2086,1,5.00,5.00,0.00,0.00,0.00,0.00,0.00,'2025-12-08 10:13:27','weekly',1,63,1,43),
(2087,1,5.00,5.00,0.00,0.00,0.00,0.00,0.00,'2025-12-08 10:13:27','weekly',1,63,4,31),
(2088,1,5.00,5.00,0.00,0.00,0.00,0.00,0.00,'2025-12-08 10:13:27','weekly',1,63,4,30),
(2089,1,5.00,5.00,0.00,0.00,0.00,0.00,0.00,'2025-12-08 10:13:27','weekly',1,63,4,29),
(2090,1,5.00,5.00,0.00,0.00,0.00,0.00,0.00,'2025-12-08 10:13:27','weekly',1,63,5,51),
(2091,1,5.00,5.00,0.00,0.00,0.00,0.00,0.00,'2025-12-08 10:13:27','weekly',1,63,2,47),
(2092,1,5.00,5.00,0.00,0.00,0.00,0.00,0.00,'2025-12-08 10:13:27','weekly',1,63,3,23),
(2093,1,5.00,5.00,0.00,0.00,0.00,0.00,0.00,'2025-12-08 10:13:27','weekly',1,63,6,10),
(2094,1,5.00,5.00,0.00,0.00,0.00,0.00,0.00,'2025-12-08 10:13:27','weekly',1,63,6,38),
(2095,1,5.00,5.00,0.00,0.00,0.00,0.00,0.00,'2025-12-08 10:13:27','weekly',1,63,7,40),
(2096,1,5.00,5.00,0.00,0.00,0.00,0.00,0.00,'2025-12-08 10:13:27','weekly',1,63,8,24),
(2097,1,5.00,5.00,0.00,0.00,0.00,0.00,0.00,'2025-12-08 10:13:27','weekly',1,63,6,9),
(2098,1,5.00,5.00,0.00,0.00,0.00,0.00,0.00,'2025-12-08 10:13:27','weekly',1,63,7,13),
(2099,1,5.00,5.00,0.00,0.00,0.00,0.00,0.00,'2025-12-08 10:13:27','weekly',1,63,1,17),
(2100,1,5.00,5.00,0.00,0.00,0.00,0.00,0.00,'2025-12-08 10:13:27','weekly',1,63,6,36),
(2101,1,5.00,5.00,0.00,0.00,0.00,0.00,0.00,'2025-12-08 10:13:27','weekly',1,63,7,15),
(2102,1,5.00,5.00,0.00,0.00,0.00,0.00,0.00,'2025-12-08 10:13:27','weekly',1,63,4,4),
(2103,1,5.00,5.00,0.00,0.00,0.00,0.00,0.00,'2025-12-08 10:13:27','weekly',1,63,3,50),
(2104,1,5.00,5.00,0.00,0.00,0.00,0.00,0.00,'2025-12-08 10:13:27','weekly',1,63,4,33),
(2105,1,5.00,5.00,0.00,0.00,0.00,0.00,0.00,'2025-12-08 10:13:27','weekly',1,63,9,26),
(2106,1,5.00,5.00,0.00,0.00,0.00,0.00,0.00,'2025-12-08 10:13:27','weekly',1,63,4,6),
(2107,1,5.00,5.00,0.00,0.00,0.00,0.00,0.00,'2025-12-08 10:13:27','weekly',1,63,6,7),
(2108,1,5.00,5.00,0.00,0.00,0.00,0.00,0.00,'2025-12-08 10:13:27','weekly',1,63,NULL,27),
(2109,1,5.00,5.00,0.00,0.00,0.00,0.00,0.00,'2025-12-08 10:13:27','weekly',1,63,1,18),
(2110,1,5.00,5.00,0.00,0.00,0.00,0.00,0.00,'2025-12-08 10:13:27','weekly',1,63,5,25),
(2111,1,5.00,5.00,0.00,0.00,0.00,0.00,0.00,'2025-12-08 10:13:27','weekly',1,63,1,16),
(2112,1,5.00,5.00,0.00,0.00,0.00,0.00,0.00,'2025-12-08 10:13:27','weekly',1,63,6,8),
(2113,1,5.00,5.00,0.00,0.00,0.00,0.00,0.00,'2025-12-08 10:13:27','weekly',1,63,4,28),
(2114,1,5.00,5.00,0.00,0.00,0.00,0.00,0.00,'2025-12-08 10:13:27','weekly',1,63,6,11),
(2115,1,5.00,5.00,0.00,0.00,0.00,0.00,0.00,'2025-12-08 10:13:27','weekly',1,63,4,5),
(2116,1,5.00,5.00,0.00,0.00,0.00,0.00,0.00,'2025-12-08 10:13:27','weekly',1,63,1,46),
(2117,1,5.00,5.00,0.00,0.00,0.00,0.00,0.00,'2025-12-08 10:13:27','weekly',1,63,4,32),
(2118,1,5.00,5.00,0.00,0.00,0.00,0.00,0.00,'2025-12-08 10:13:27','weekly',1,63,7,42),
(2119,1,5.00,5.00,0.00,0.00,0.00,0.00,0.00,'2025-12-08 10:13:27','weekly',1,63,6,35),
(2120,1,5.00,5.00,0.00,0.00,0.00,0.00,0.00,'2025-12-08 10:13:27','weekly',1,63,7,41),
(2121,1,5.00,5.00,0.00,0.00,0.00,0.00,0.00,'2025-12-08 10:13:27','weekly',1,63,1,19),
(2122,1,5.00,5.00,0.00,0.00,0.00,0.00,0.00,'2025-12-08 10:13:27','weekly',1,63,10,49),
(2123,1,5.00,5.00,0.00,0.00,0.00,0.00,0.00,'2025-12-08 10:13:27','weekly',1,63,7,39),
(2124,1,5.00,5.00,0.00,0.00,0.00,0.00,0.00,'2025-12-08 10:13:27','weekly',1,63,4,1),
(2125,1,5.00,5.00,0.00,0.00,0.00,0.00,0.00,'2025-12-08 10:13:27','weekly',1,63,6,37),
(2126,1,5.00,5.00,0.00,0.00,0.00,0.00,0.00,'2025-12-08 10:13:27','weekly',1,63,6,34),
(2127,1,5.00,5.00,0.00,0.00,0.00,0.00,0.00,'2025-12-08 10:13:27','weekly',1,63,4,3),
(2128,1,5.00,5.00,0.00,0.00,0.00,0.00,0.00,'2025-12-08 10:13:27','weekly',1,63,10,22),
(2129,1,5.00,5.00,0.00,0.00,0.00,0.00,0.00,'2025-12-08 10:13:27','weekly',1,63,7,14),
(2130,1,5.00,5.00,0.00,0.00,0.00,0.00,0.00,'2025-12-08 10:13:27','weekly',1,63,7,12),
(2131,1,5.00,5.00,0.00,0.00,0.00,0.00,0.00,'2025-12-08 10:13:27','weekly',1,63,9,52),
(2132,1,5.00,5.00,0.00,0.00,0.00,0.00,0.00,'2025-12-08 10:13:27','weekly',1,63,1,45),
(2133,1,5.00,5.00,0.00,0.00,0.00,0.00,0.00,'2025-12-08 10:13:27','weekly',1,64,1,44),
(2134,1,5.00,5.00,0.00,0.00,0.00,0.00,0.00,'2025-12-08 10:13:27','weekly',1,64,2,21),
(2135,1,5.00,5.00,0.00,0.00,0.00,0.00,0.00,'2025-12-08 10:13:27','weekly',1,64,2,20),
(2136,1,5.00,5.00,0.00,0.00,0.00,0.00,0.00,'2025-12-08 10:13:27','weekly',1,64,3,48),
(2137,1,5.00,5.00,0.00,0.00,0.00,0.00,0.00,'2025-12-08 10:13:27','weekly',1,64,4,2),
(2138,1,5.00,5.00,0.00,0.00,0.00,0.00,0.00,'2025-12-08 10:13:27','weekly',1,64,1,43),
(2139,1,5.00,5.00,0.00,0.00,0.00,0.00,0.00,'2025-12-08 10:13:27','weekly',1,64,4,31),
(2140,1,5.00,5.00,0.00,0.00,0.00,0.00,0.00,'2025-12-08 10:13:27','weekly',1,64,4,30),
(2141,1,5.00,5.00,0.00,0.00,0.00,0.00,0.00,'2025-12-08 10:13:27','weekly',1,64,4,29),
(2142,1,5.00,5.00,0.00,0.00,0.00,0.00,0.00,'2025-12-08 10:13:27','weekly',1,64,5,51),
(2143,1,5.00,5.00,0.00,0.00,0.00,0.00,0.00,'2025-12-08 10:13:27','weekly',1,64,2,47),
(2144,1,5.00,5.00,0.00,0.00,0.00,0.00,0.00,'2025-12-08 10:13:27','weekly',1,64,3,23),
(2145,1,5.00,5.00,0.00,0.00,0.00,0.00,0.00,'2025-12-08 10:13:27','weekly',1,64,6,10),
(2146,1,5.00,5.00,0.00,0.00,0.00,0.00,0.00,'2025-12-08 10:13:27','weekly',1,64,6,38),
(2147,1,5.00,5.00,0.00,0.00,0.00,0.00,0.00,'2025-12-08 10:13:27','weekly',1,64,7,40),
(2148,1,5.00,5.00,0.00,0.00,0.00,0.00,0.00,'2025-12-08 10:13:27','weekly',1,64,8,24),
(2149,1,5.00,5.00,0.00,0.00,0.00,0.00,0.00,'2025-12-08 10:13:27','weekly',1,64,6,9),
(2150,1,5.00,5.00,0.00,0.00,0.00,0.00,0.00,'2025-12-08 10:13:27','weekly',1,64,7,13),
(2151,1,5.00,5.00,0.00,0.00,0.00,0.00,0.00,'2025-12-08 10:13:27','weekly',1,64,1,17),
(2152,1,5.00,5.00,0.00,0.00,0.00,0.00,0.00,'2025-12-08 10:13:27','weekly',1,64,6,36),
(2153,1,5.00,5.00,0.00,0.00,0.00,0.00,0.00,'2025-12-08 10:13:27','weekly',1,64,7,15),
(2154,1,5.00,5.00,0.00,0.00,0.00,0.00,0.00,'2025-12-08 10:13:27','weekly',1,64,4,4),
(2155,1,5.00,5.00,0.00,0.00,0.00,0.00,0.00,'2025-12-08 10:13:27','weekly',1,64,3,50),
(2156,1,5.00,5.00,0.00,0.00,0.00,0.00,0.00,'2025-12-08 10:13:27','weekly',1,64,4,33),
(2157,1,5.00,5.00,0.00,0.00,0.00,0.00,0.00,'2025-12-08 10:13:27','weekly',1,64,9,26),
(2158,1,5.00,5.00,0.00,0.00,0.00,0.00,0.00,'2025-12-08 10:13:27','weekly',1,64,4,6),
(2159,1,5.00,5.00,0.00,0.00,0.00,0.00,0.00,'2025-12-08 10:13:27','weekly',1,64,6,7),
(2160,1,5.00,5.00,0.00,0.00,0.00,0.00,0.00,'2025-12-08 10:13:27','weekly',1,64,NULL,27),
(2161,1,5.00,5.00,0.00,0.00,0.00,0.00,0.00,'2025-12-08 10:13:27','weekly',1,64,1,18),
(2162,1,5.00,5.00,0.00,0.00,0.00,0.00,0.00,'2025-12-08 10:13:27','weekly',1,64,5,25),
(2163,1,5.00,5.00,0.00,0.00,0.00,0.00,0.00,'2025-12-08 10:13:27','weekly',1,64,1,16),
(2164,1,5.00,5.00,0.00,0.00,0.00,0.00,0.00,'2025-12-08 10:13:27','weekly',1,64,6,8),
(2165,1,5.00,5.00,0.00,0.00,0.00,0.00,0.00,'2025-12-08 10:13:27','weekly',1,64,4,28),
(2166,1,5.00,5.00,0.00,0.00,0.00,0.00,0.00,'2025-12-08 10:13:27','weekly',1,64,6,11),
(2167,1,5.00,5.00,0.00,0.00,0.00,0.00,0.00,'2025-12-08 10:13:27','weekly',1,64,4,5),
(2168,1,5.00,5.00,0.00,0.00,0.00,0.00,0.00,'2025-12-08 10:13:27','weekly',1,64,1,46),
(2169,1,5.00,5.00,0.00,0.00,0.00,0.00,0.00,'2025-12-08 10:13:27','weekly',1,64,4,32),
(2170,1,5.00,5.00,0.00,0.00,0.00,0.00,0.00,'2025-12-08 10:13:27','weekly',1,64,7,42),
(2171,1,5.00,5.00,0.00,0.00,0.00,0.00,0.00,'2025-12-08 10:13:27','weekly',1,64,6,35),
(2172,1,5.00,5.00,0.00,0.00,0.00,0.00,0.00,'2025-12-08 10:13:27','weekly',1,64,7,41),
(2173,1,5.00,5.00,0.00,0.00,0.00,0.00,0.00,'2025-12-08 10:13:27','weekly',1,64,1,19),
(2174,1,5.00,5.00,0.00,0.00,0.00,0.00,0.00,'2025-12-08 10:13:27','weekly',1,64,10,49),
(2175,1,5.00,5.00,0.00,0.00,0.00,0.00,0.00,'2025-12-08 10:13:27','weekly',1,64,7,39),
(2176,1,5.00,5.00,0.00,0.00,0.00,0.00,0.00,'2025-12-08 10:13:27','weekly',1,64,4,1),
(2177,1,5.00,5.00,0.00,0.00,0.00,0.00,0.00,'2025-12-08 10:13:27','weekly',1,64,6,37),
(2178,1,5.00,5.00,0.00,0.00,0.00,0.00,0.00,'2025-12-08 10:13:27','weekly',1,64,6,34),
(2179,1,5.00,5.00,0.00,0.00,0.00,0.00,0.00,'2025-12-08 10:13:27','weekly',1,64,4,3),
(2180,1,5.00,5.00,0.00,0.00,0.00,0.00,0.00,'2025-12-08 10:13:27','weekly',1,64,10,22),
(2181,1,5.00,5.00,0.00,0.00,0.00,0.00,0.00,'2025-12-08 10:13:27','weekly',1,64,7,14),
(2182,1,5.00,5.00,0.00,0.00,0.00,0.00,0.00,'2025-12-08 10:13:27','weekly',1,64,7,12),
(2183,1,5.00,5.00,0.00,0.00,0.00,0.00,0.00,'2025-12-08 10:13:27','weekly',1,64,9,52),
(2184,1,5.00,5.00,0.00,0.00,0.00,0.00,0.00,'2025-12-08 10:13:27','weekly',1,64,1,45),
(2185,1,5.00,5.00,0.00,0.00,0.00,0.00,0.00,'2025-12-08 10:13:27','weekly',1,65,1,44),
(2186,1,5.00,5.00,0.00,0.00,0.00,0.00,0.00,'2025-12-08 10:13:27','weekly',1,65,2,21),
(2187,1,5.00,5.00,0.00,0.00,0.00,0.00,0.00,'2025-12-08 10:13:27','weekly',1,65,2,20),
(2188,1,5.00,5.00,0.00,0.00,0.00,0.00,0.00,'2025-12-08 10:13:27','weekly',1,65,3,48),
(2189,1,5.00,5.00,0.00,0.00,0.00,0.00,0.00,'2025-12-08 10:13:27','weekly',1,65,4,2),
(2190,1,5.00,5.00,0.00,0.00,0.00,0.00,0.00,'2025-12-08 10:13:27','weekly',1,65,1,43),
(2191,1,5.00,5.00,0.00,0.00,0.00,0.00,0.00,'2025-12-08 10:13:27','weekly',1,65,4,31),
(2192,1,5.00,5.00,0.00,0.00,0.00,0.00,0.00,'2025-12-08 10:13:27','weekly',1,65,4,30),
(2193,1,5.00,5.00,0.00,0.00,0.00,0.00,0.00,'2025-12-08 10:13:27','weekly',1,65,4,29),
(2194,1,5.00,5.00,0.00,0.00,0.00,0.00,0.00,'2025-12-08 10:13:27','weekly',1,65,5,51),
(2195,1,5.00,5.00,0.00,0.00,0.00,0.00,0.00,'2025-12-08 10:13:27','weekly',1,65,2,47),
(2196,1,5.00,5.00,0.00,0.00,0.00,0.00,0.00,'2025-12-08 10:13:27','weekly',1,65,3,23),
(2197,1,5.00,5.00,0.00,0.00,0.00,0.00,0.00,'2025-12-08 10:13:27','weekly',1,65,6,10),
(2198,1,5.00,5.00,0.00,0.00,0.00,0.00,0.00,'2025-12-08 10:13:27','weekly',1,65,6,38),
(2199,1,5.00,5.00,0.00,0.00,0.00,0.00,0.00,'2025-12-08 10:13:27','weekly',1,65,7,40),
(2200,1,5.00,5.00,0.00,0.00,0.00,0.00,0.00,'2025-12-08 10:13:27','weekly',1,65,8,24),
(2201,1,5.00,5.00,0.00,0.00,0.00,0.00,0.00,'2025-12-08 10:13:27','weekly',1,65,6,9),
(2202,1,5.00,5.00,0.00,0.00,0.00,0.00,0.00,'2025-12-08 10:13:27','weekly',1,65,7,13),
(2203,1,5.00,5.00,0.00,0.00,0.00,0.00,0.00,'2025-12-08 10:13:27','weekly',1,65,1,17),
(2204,1,5.00,5.00,0.00,0.00,0.00,0.00,0.00,'2025-12-08 10:13:27','weekly',1,65,6,36),
(2205,1,5.00,5.00,0.00,0.00,0.00,0.00,0.00,'2025-12-08 10:13:27','weekly',1,65,7,15),
(2206,1,5.00,5.00,0.00,0.00,0.00,0.00,0.00,'2025-12-08 10:13:27','weekly',1,65,4,4),
(2207,1,5.00,5.00,0.00,0.00,0.00,0.00,0.00,'2025-12-08 10:13:27','weekly',1,65,3,50),
(2208,1,5.00,5.00,0.00,0.00,0.00,0.00,0.00,'2025-12-08 10:13:27','weekly',1,65,4,33),
(2209,1,5.00,5.00,0.00,0.00,0.00,0.00,0.00,'2025-12-08 10:13:27','weekly',1,65,9,26),
(2210,1,5.00,5.00,0.00,0.00,0.00,0.00,0.00,'2025-12-08 10:13:27','weekly',1,65,4,6),
(2211,1,5.00,5.00,0.00,0.00,0.00,0.00,0.00,'2025-12-08 10:13:27','weekly',1,65,6,7),
(2212,1,5.00,5.00,0.00,0.00,0.00,0.00,0.00,'2025-12-08 10:13:27','weekly',1,65,NULL,27),
(2213,1,5.00,5.00,0.00,0.00,0.00,0.00,0.00,'2025-12-08 10:13:27','weekly',1,65,1,18),
(2214,1,5.00,5.00,0.00,0.00,0.00,0.00,0.00,'2025-12-08 10:13:27','weekly',1,65,5,25),
(2215,1,5.00,5.00,0.00,0.00,0.00,0.00,0.00,'2025-12-08 10:13:27','weekly',1,65,1,16),
(2216,1,5.00,5.00,0.00,0.00,0.00,0.00,0.00,'2025-12-08 10:13:27','weekly',1,65,6,8),
(2217,1,5.00,5.00,0.00,0.00,0.00,0.00,0.00,'2025-12-08 10:13:27','weekly',1,65,4,28),
(2218,1,5.00,5.00,0.00,0.00,0.00,0.00,0.00,'2025-12-08 10:13:27','weekly',1,65,6,11),
(2219,1,5.00,5.00,0.00,0.00,0.00,0.00,0.00,'2025-12-08 10:13:27','weekly',1,65,4,5),
(2220,1,5.00,5.00,0.00,0.00,0.00,0.00,0.00,'2025-12-08 10:13:27','weekly',1,65,1,46),
(2221,1,5.00,5.00,0.00,0.00,0.00,0.00,0.00,'2025-12-08 10:13:27','weekly',1,65,4,32),
(2222,1,5.00,5.00,0.00,0.00,0.00,0.00,0.00,'2025-12-08 10:13:27','weekly',1,65,7,42),
(2223,1,5.00,5.00,0.00,0.00,0.00,0.00,0.00,'2025-12-08 10:13:27','weekly',1,65,6,35),
(2224,1,5.00,5.00,0.00,0.00,0.00,0.00,0.00,'2025-12-08 10:13:27','weekly',1,65,7,41),
(2225,1,5.00,5.00,0.00,0.00,0.00,0.00,0.00,'2025-12-08 10:13:27','weekly',1,65,1,19),
(2226,1,5.00,5.00,0.00,0.00,0.00,0.00,0.00,'2025-12-08 10:13:27','weekly',1,65,10,49),
(2227,1,5.00,5.00,0.00,0.00,0.00,0.00,0.00,'2025-12-08 10:13:27','weekly',1,65,7,39),
(2228,1,5.00,5.00,0.00,0.00,0.00,0.00,0.00,'2025-12-08 10:13:27','weekly',1,65,4,1),
(2229,1,5.00,5.00,0.00,0.00,0.00,0.00,0.00,'2025-12-08 10:13:27','weekly',1,65,6,37),
(2230,1,5.00,5.00,0.00,0.00,0.00,0.00,0.00,'2025-12-08 10:13:27','weekly',1,65,6,34),
(2231,1,5.00,5.00,0.00,0.00,0.00,0.00,0.00,'2025-12-08 10:13:27','weekly',1,65,4,3),
(2232,1,5.00,5.00,0.00,0.00,0.00,0.00,0.00,'2025-12-08 10:13:27','weekly',1,65,10,22),
(2233,1,5.00,5.00,0.00,0.00,0.00,0.00,0.00,'2025-12-08 10:13:27','weekly',1,65,7,14),
(2234,1,5.00,5.00,0.00,0.00,0.00,0.00,0.00,'2025-12-08 10:13:27','weekly',1,65,7,12),
(2235,1,5.00,5.00,0.00,0.00,0.00,0.00,0.00,'2025-12-08 10:13:27','weekly',1,65,9,52),
(2236,1,5.00,5.00,0.00,0.00,0.00,0.00,0.00,'2025-12-08 10:13:27','weekly',1,65,1,45),
(2237,1,5.00,5.00,0.00,0.00,0.00,0.00,0.00,'2025-12-08 10:13:27','weekly',1,66,1,44),
(2238,1,5.00,5.00,0.00,0.00,0.00,0.00,0.00,'2025-12-08 10:13:27','weekly',1,66,2,21),
(2239,1,5.00,5.00,0.00,0.00,0.00,0.00,0.00,'2025-12-08 10:13:27','weekly',1,66,2,20),
(2240,1,5.00,5.00,0.00,0.00,0.00,0.00,0.00,'2025-12-08 10:13:27','weekly',1,66,3,48),
(2241,1,5.00,5.00,0.00,0.00,0.00,0.00,0.00,'2025-12-08 10:13:27','weekly',1,66,4,2),
(2242,1,5.00,5.00,0.00,0.00,0.00,0.00,0.00,'2025-12-08 10:13:27','weekly',1,66,1,43),
(2243,1,5.00,5.00,0.00,0.00,0.00,0.00,0.00,'2025-12-08 10:13:27','weekly',1,66,4,31),
(2244,1,5.00,5.00,0.00,0.00,0.00,0.00,0.00,'2025-12-08 10:13:27','weekly',1,66,4,30),
(2245,1,5.00,5.00,0.00,0.00,0.00,0.00,0.00,'2025-12-08 10:13:27','weekly',1,66,4,29),
(2246,1,5.00,5.00,0.00,0.00,0.00,0.00,0.00,'2025-12-08 10:13:27','weekly',1,66,5,51),
(2247,1,5.00,5.00,0.00,0.00,0.00,0.00,0.00,'2025-12-08 10:13:27','weekly',1,66,2,47),
(2248,1,5.00,5.00,0.00,0.00,0.00,0.00,0.00,'2025-12-08 10:13:27','weekly',1,66,3,23),
(2249,1,5.00,5.00,0.00,0.00,0.00,0.00,0.00,'2025-12-08 10:13:27','weekly',1,66,6,10),
(2250,1,5.00,5.00,0.00,0.00,0.00,0.00,0.00,'2025-12-08 10:13:27','weekly',1,66,6,38),
(2251,1,5.00,5.00,0.00,0.00,0.00,0.00,0.00,'2025-12-08 10:13:27','weekly',1,66,7,40),
(2252,1,5.00,5.00,0.00,0.00,0.00,0.00,0.00,'2025-12-08 10:13:27','weekly',1,66,8,24),
(2253,1,5.00,5.00,0.00,0.00,0.00,0.00,0.00,'2025-12-08 10:13:27','weekly',1,66,6,9),
(2254,1,5.00,5.00,0.00,0.00,0.00,0.00,0.00,'2025-12-08 10:13:27','weekly',1,66,7,13),
(2255,1,5.00,5.00,0.00,0.00,0.00,0.00,0.00,'2025-12-08 10:13:27','weekly',1,66,1,17),
(2256,1,5.00,5.00,0.00,0.00,0.00,0.00,0.00,'2025-12-08 10:13:27','weekly',1,66,6,36),
(2257,1,5.00,5.00,0.00,0.00,0.00,0.00,0.00,'2025-12-08 10:13:27','weekly',1,66,7,15),
(2258,1,5.00,5.00,0.00,0.00,0.00,0.00,0.00,'2025-12-08 10:13:27','weekly',1,66,4,4),
(2259,1,5.00,5.00,0.00,0.00,0.00,0.00,0.00,'2025-12-08 10:13:27','weekly',1,66,3,50),
(2260,1,5.00,5.00,0.00,0.00,0.00,0.00,0.00,'2025-12-08 10:13:27','weekly',1,66,4,33),
(2261,1,5.00,5.00,0.00,0.00,0.00,0.00,0.00,'2025-12-08 10:13:27','weekly',1,66,9,26),
(2262,1,5.00,5.00,0.00,0.00,0.00,0.00,0.00,'2025-12-08 10:13:27','weekly',1,66,4,6),
(2263,1,5.00,5.00,0.00,0.00,0.00,0.00,0.00,'2025-12-08 10:13:27','weekly',1,66,6,7),
(2264,1,5.00,5.00,0.00,0.00,0.00,0.00,0.00,'2025-12-08 10:13:27','weekly',1,66,NULL,27),
(2265,1,5.00,5.00,0.00,0.00,0.00,0.00,0.00,'2025-12-08 10:13:27','weekly',1,66,1,18),
(2266,1,5.00,5.00,0.00,0.00,0.00,0.00,0.00,'2025-12-08 10:13:27','weekly',1,66,5,25),
(2267,1,5.00,5.00,0.00,0.00,0.00,0.00,0.00,'2025-12-08 10:13:27','weekly',1,66,1,16),
(2268,1,5.00,5.00,0.00,0.00,0.00,0.00,0.00,'2025-12-08 10:13:27','weekly',1,66,6,8),
(2269,1,5.00,5.00,0.00,0.00,0.00,0.00,0.00,'2025-12-08 10:13:27','weekly',1,66,4,28),
(2270,1,5.00,5.00,0.00,0.00,0.00,0.00,0.00,'2025-12-08 10:13:27','weekly',1,66,6,11),
(2271,1,5.00,5.00,0.00,0.00,0.00,0.00,0.00,'2025-12-08 10:13:27','weekly',1,66,4,5),
(2272,1,5.00,5.00,0.00,0.00,0.00,0.00,0.00,'2025-12-08 10:13:27','weekly',1,66,1,46),
(2273,1,5.00,5.00,0.00,0.00,0.00,0.00,0.00,'2025-12-08 10:13:27','weekly',1,66,4,32),
(2274,1,5.00,5.00,0.00,0.00,0.00,0.00,0.00,'2025-12-08 10:13:27','weekly',1,66,7,42),
(2275,1,5.00,5.00,0.00,0.00,0.00,0.00,0.00,'2025-12-08 10:13:27','weekly',1,66,6,35),
(2276,1,5.00,5.00,0.00,0.00,0.00,0.00,0.00,'2025-12-08 10:13:27','weekly',1,66,7,41),
(2277,1,5.00,5.00,0.00,0.00,0.00,0.00,0.00,'2025-12-08 10:13:27','weekly',1,66,1,19),
(2278,1,5.00,5.00,0.00,0.00,0.00,0.00,0.00,'2025-12-08 10:13:27','weekly',1,66,10,49),
(2279,1,5.00,5.00,0.00,0.00,0.00,0.00,0.00,'2025-12-08 10:13:27','weekly',1,66,7,39),
(2280,1,5.00,5.00,0.00,0.00,0.00,0.00,0.00,'2025-12-08 10:13:27','weekly',1,66,4,1),
(2281,1,5.00,5.00,0.00,0.00,0.00,0.00,0.00,'2025-12-08 10:13:27','weekly',1,66,6,37),
(2282,1,5.00,5.00,0.00,0.00,0.00,0.00,0.00,'2025-12-08 10:13:27','weekly',1,66,6,34),
(2283,1,5.00,5.00,0.00,0.00,0.00,0.00,0.00,'2025-12-08 10:13:27','weekly',1,66,4,3),
(2284,1,5.00,5.00,0.00,0.00,0.00,0.00,0.00,'2025-12-08 10:13:27','weekly',1,66,10,22),
(2285,1,5.00,5.00,0.00,0.00,0.00,0.00,0.00,'2025-12-08 10:13:27','weekly',1,66,7,14),
(2286,1,5.00,5.00,0.00,0.00,0.00,0.00,0.00,'2025-12-08 10:13:27','weekly',1,66,7,12),
(2287,1,5.00,5.00,0.00,0.00,0.00,0.00,0.00,'2025-12-08 10:13:27','weekly',1,66,9,52),
(2288,1,5.00,5.00,0.00,0.00,0.00,0.00,0.00,'2025-12-08 10:13:27','weekly',1,66,1,45),
(2289,1,5.00,5.00,0.00,0.00,0.00,0.00,0.00,'2025-12-08 10:13:27','weekly',1,67,1,44),
(2290,1,5.00,5.00,0.00,0.00,0.00,0.00,0.00,'2025-12-08 10:13:27','weekly',1,67,2,21),
(2291,1,5.00,5.00,0.00,0.00,0.00,0.00,0.00,'2025-12-08 10:13:27','weekly',1,67,2,20),
(2292,1,5.00,5.00,0.00,0.00,0.00,0.00,0.00,'2025-12-08 10:13:27','weekly',1,67,3,48),
(2293,1,5.00,5.00,0.00,0.00,0.00,0.00,0.00,'2025-12-08 10:13:27','weekly',1,67,4,2),
(2294,1,5.00,5.00,0.00,0.00,0.00,0.00,0.00,'2025-12-08 10:13:27','weekly',1,67,1,43),
(2295,1,5.00,5.00,0.00,0.00,0.00,0.00,0.00,'2025-12-08 10:13:27','weekly',1,67,4,31),
(2296,1,5.00,5.00,0.00,0.00,0.00,0.00,0.00,'2025-12-08 10:13:27','weekly',1,67,4,30),
(2297,1,5.00,5.00,0.00,0.00,0.00,0.00,0.00,'2025-12-08 10:13:27','weekly',1,67,4,29),
(2298,1,5.00,5.00,0.00,0.00,0.00,0.00,0.00,'2025-12-08 10:13:27','weekly',1,67,5,51),
(2299,1,5.00,5.00,0.00,0.00,0.00,0.00,0.00,'2025-12-08 10:13:27','weekly',1,67,2,47),
(2300,1,5.00,5.00,0.00,0.00,0.00,0.00,0.00,'2025-12-08 10:13:27','weekly',1,67,3,23),
(2301,1,5.00,5.00,0.00,0.00,0.00,0.00,0.00,'2025-12-08 10:13:27','weekly',1,67,6,10),
(2302,1,5.00,5.00,0.00,0.00,0.00,0.00,0.00,'2025-12-08 10:13:27','weekly',1,67,6,38),
(2303,1,5.00,5.00,0.00,0.00,0.00,0.00,0.00,'2025-12-08 10:13:27','weekly',1,67,7,40),
(2304,1,5.00,5.00,0.00,0.00,0.00,0.00,0.00,'2025-12-08 10:13:27','weekly',1,67,8,24),
(2305,1,5.00,5.00,0.00,0.00,0.00,0.00,0.00,'2025-12-08 10:13:27','weekly',1,67,6,9),
(2306,1,5.00,5.00,0.00,0.00,0.00,0.00,0.00,'2025-12-08 10:13:27','weekly',1,67,7,13),
(2307,1,5.00,5.00,0.00,0.00,0.00,0.00,0.00,'2025-12-08 10:13:27','weekly',1,67,1,17),
(2308,1,5.00,5.00,0.00,0.00,0.00,0.00,0.00,'2025-12-08 10:13:27','weekly',1,67,6,36),
(2309,1,5.00,5.00,0.00,0.00,0.00,0.00,0.00,'2025-12-08 10:13:27','weekly',1,67,7,15),
(2310,1,5.00,5.00,0.00,0.00,0.00,0.00,0.00,'2025-12-08 10:13:27','weekly',1,67,4,4),
(2311,1,5.00,5.00,0.00,0.00,0.00,0.00,0.00,'2025-12-08 10:13:27','weekly',1,67,3,50),
(2312,1,5.00,5.00,0.00,0.00,0.00,0.00,0.00,'2025-12-08 10:13:27','weekly',1,67,4,33),
(2313,1,5.00,5.00,0.00,0.00,0.00,0.00,0.00,'2025-12-08 10:13:27','weekly',1,67,9,26),
(2314,1,5.00,5.00,0.00,0.00,0.00,0.00,0.00,'2025-12-08 10:13:27','weekly',1,67,4,6),
(2315,1,5.00,5.00,0.00,0.00,0.00,0.00,0.00,'2025-12-08 10:13:27','weekly',1,67,6,7),
(2316,1,5.00,5.00,0.00,0.00,0.00,0.00,0.00,'2025-12-08 10:13:27','weekly',1,67,NULL,27),
(2317,1,5.00,5.00,0.00,0.00,0.00,0.00,0.00,'2025-12-08 10:13:27','weekly',1,67,1,18),
(2318,1,5.00,5.00,0.00,0.00,0.00,0.00,0.00,'2025-12-08 10:13:27','weekly',1,67,5,25),
(2319,1,5.00,5.00,0.00,0.00,0.00,0.00,0.00,'2025-12-08 10:13:27','weekly',1,67,1,16),
(2320,1,5.00,5.00,0.00,0.00,0.00,0.00,0.00,'2025-12-08 10:13:27','weekly',1,67,6,8),
(2321,1,5.00,5.00,0.00,0.00,0.00,0.00,0.00,'2025-12-08 10:13:27','weekly',1,67,4,28),
(2322,1,5.00,5.00,0.00,0.00,0.00,0.00,0.00,'2025-12-08 10:13:27','weekly',1,67,6,11),
(2323,1,5.00,5.00,0.00,0.00,0.00,0.00,0.00,'2025-12-08 10:13:27','weekly',1,67,4,5),
(2324,1,5.00,5.00,0.00,0.00,0.00,0.00,0.00,'2025-12-08 10:13:27','weekly',1,67,1,46),
(2325,1,5.00,5.00,0.00,0.00,0.00,0.00,0.00,'2025-12-08 10:13:27','weekly',1,67,4,32),
(2326,1,5.00,5.00,0.00,0.00,0.00,0.00,0.00,'2025-12-08 10:13:27','weekly',1,67,7,42),
(2327,1,5.00,5.00,0.00,0.00,0.00,0.00,0.00,'2025-12-08 10:13:27','weekly',1,67,6,35),
(2328,1,5.00,5.00,0.00,0.00,0.00,0.00,0.00,'2025-12-08 10:13:27','weekly',1,67,7,41),
(2329,1,5.00,5.00,0.00,0.00,0.00,0.00,0.00,'2025-12-08 10:13:27','weekly',1,67,1,19),
(2330,1,5.00,5.00,0.00,0.00,0.00,0.00,0.00,'2025-12-08 10:13:27','weekly',1,67,10,49),
(2331,1,5.00,5.00,0.00,0.00,0.00,0.00,0.00,'2025-12-08 10:13:27','weekly',1,67,7,39),
(2332,1,5.00,5.00,0.00,0.00,0.00,0.00,0.00,'2025-12-08 10:13:27','weekly',1,67,4,1),
(2333,1,5.00,5.00,0.00,0.00,0.00,0.00,0.00,'2025-12-08 10:13:27','weekly',1,67,6,37),
(2334,1,5.00,5.00,0.00,0.00,0.00,0.00,0.00,'2025-12-08 10:13:27','weekly',1,67,6,34),
(2335,1,5.00,5.00,0.00,0.00,0.00,0.00,0.00,'2025-12-08 10:13:27','weekly',1,67,4,3),
(2336,1,5.00,5.00,0.00,0.00,0.00,0.00,0.00,'2025-12-08 10:13:27','weekly',1,67,10,22),
(2337,1,5.00,5.00,0.00,0.00,0.00,0.00,0.00,'2025-12-08 10:13:27','weekly',1,67,7,14),
(2338,1,5.00,5.00,0.00,0.00,0.00,0.00,0.00,'2025-12-08 10:13:27','weekly',1,67,7,12),
(2339,1,5.00,5.00,0.00,0.00,0.00,0.00,0.00,'2025-12-08 10:13:27','weekly',1,67,9,52),
(2340,1,5.00,5.00,0.00,0.00,0.00,0.00,0.00,'2025-12-08 10:13:27','weekly',1,67,1,45),
(2341,1,5.00,5.00,0.00,0.00,0.00,0.00,0.00,'2025-12-08 10:13:27','weekly',1,68,1,44),
(2342,1,5.00,5.00,0.00,0.00,0.00,0.00,0.00,'2025-12-08 10:13:27','weekly',1,68,2,21),
(2343,1,5.00,5.00,0.00,0.00,0.00,0.00,0.00,'2025-12-08 10:13:27','weekly',1,68,2,20),
(2344,1,5.00,5.00,0.00,0.00,0.00,0.00,0.00,'2025-12-08 10:13:27','weekly',1,68,3,48),
(2345,1,5.00,5.00,0.00,0.00,0.00,0.00,0.00,'2025-12-08 10:13:27','weekly',1,68,4,2),
(2346,1,5.00,5.00,0.00,0.00,0.00,0.00,0.00,'2025-12-08 10:13:27','weekly',1,68,1,43),
(2347,1,5.00,5.00,0.00,0.00,0.00,0.00,0.00,'2025-12-08 10:13:27','weekly',1,68,4,31),
(2348,1,5.00,5.00,0.00,0.00,0.00,0.00,0.00,'2025-12-08 10:13:27','weekly',1,68,4,30),
(2349,1,5.00,5.00,0.00,0.00,0.00,0.00,0.00,'2025-12-08 10:13:27','weekly',1,68,4,29),
(2350,1,5.00,5.00,0.00,0.00,0.00,0.00,0.00,'2025-12-08 10:13:27','weekly',1,68,5,51),
(2351,1,5.00,5.00,0.00,0.00,0.00,0.00,0.00,'2025-12-08 10:13:27','weekly',1,68,2,47),
(2352,1,5.00,5.00,0.00,0.00,0.00,0.00,0.00,'2025-12-08 10:13:27','weekly',1,68,3,23),
(2353,1,5.00,5.00,0.00,0.00,0.00,0.00,0.00,'2025-12-08 10:13:27','weekly',1,68,6,10),
(2354,1,5.00,5.00,0.00,0.00,0.00,0.00,0.00,'2025-12-08 10:13:27','weekly',1,68,6,38),
(2355,1,5.00,5.00,0.00,0.00,0.00,0.00,0.00,'2025-12-08 10:13:27','weekly',1,68,7,40),
(2356,1,5.00,5.00,0.00,0.00,0.00,0.00,0.00,'2025-12-08 10:13:27','weekly',1,68,8,24),
(2357,1,5.00,5.00,0.00,0.00,0.00,0.00,0.00,'2025-12-08 10:13:27','weekly',1,68,6,9),
(2358,1,5.00,5.00,0.00,0.00,0.00,0.00,0.00,'2025-12-08 10:13:27','weekly',1,68,7,13),
(2359,1,5.00,5.00,0.00,0.00,0.00,0.00,0.00,'2025-12-08 10:13:27','weekly',1,68,1,17),
(2360,1,5.00,5.00,0.00,0.00,0.00,0.00,0.00,'2025-12-08 10:13:27','weekly',1,68,6,36),
(2361,1,5.00,5.00,0.00,0.00,0.00,0.00,0.00,'2025-12-08 10:13:27','weekly',1,68,7,15),
(2362,1,5.00,5.00,0.00,0.00,0.00,0.00,0.00,'2025-12-08 10:13:27','weekly',1,68,4,4),
(2363,1,5.00,5.00,0.00,0.00,0.00,0.00,0.00,'2025-12-08 10:13:27','weekly',1,68,3,50),
(2364,1,5.00,5.00,0.00,0.00,0.00,0.00,0.00,'2025-12-08 10:13:27','weekly',1,68,4,33),
(2365,1,5.00,5.00,0.00,0.00,0.00,0.00,0.00,'2025-12-08 10:13:27','weekly',1,68,9,26),
(2366,1,5.00,5.00,0.00,0.00,0.00,0.00,0.00,'2025-12-08 10:13:27','weekly',1,68,4,6),
(2367,1,5.00,5.00,0.00,0.00,0.00,0.00,0.00,'2025-12-08 10:13:27','weekly',1,68,6,7),
(2368,1,5.00,5.00,0.00,0.00,0.00,0.00,0.00,'2025-12-08 10:13:27','weekly',1,68,NULL,27),
(2369,1,5.00,5.00,0.00,0.00,0.00,0.00,0.00,'2025-12-08 10:13:27','weekly',1,68,1,18),
(2370,1,5.00,5.00,0.00,0.00,0.00,0.00,0.00,'2025-12-08 10:13:27','weekly',1,68,5,25),
(2371,1,5.00,5.00,0.00,0.00,0.00,0.00,0.00,'2025-12-08 10:13:27','weekly',1,68,1,16),
(2372,1,5.00,5.00,0.00,0.00,0.00,0.00,0.00,'2025-12-08 10:13:27','weekly',1,68,6,8),
(2373,1,5.00,5.00,0.00,0.00,0.00,0.00,0.00,'2025-12-08 10:13:27','weekly',1,68,4,28),
(2374,1,5.00,5.00,0.00,0.00,0.00,0.00,0.00,'2025-12-08 10:13:27','weekly',1,68,6,11),
(2375,1,5.00,5.00,0.00,0.00,0.00,0.00,0.00,'2025-12-08 10:13:27','weekly',1,68,4,5),
(2376,1,5.00,5.00,0.00,0.00,0.00,0.00,0.00,'2025-12-08 10:13:27','weekly',1,68,1,46),
(2377,1,5.00,5.00,0.00,0.00,0.00,0.00,0.00,'2025-12-08 10:13:27','weekly',1,68,4,32),
(2378,1,5.00,5.00,0.00,0.00,0.00,0.00,0.00,'2025-12-08 10:13:27','weekly',1,68,7,42),
(2379,1,5.00,5.00,0.00,0.00,0.00,0.00,0.00,'2025-12-08 10:13:27','weekly',1,68,6,35),
(2380,1,5.00,5.00,0.00,0.00,0.00,0.00,0.00,'2025-12-08 10:13:27','weekly',1,68,7,41),
(2381,1,5.00,5.00,0.00,0.00,0.00,0.00,0.00,'2025-12-08 10:13:27','weekly',1,68,1,19),
(2382,1,5.00,5.00,0.00,0.00,0.00,0.00,0.00,'2025-12-08 10:13:27','weekly',1,68,10,49),
(2383,1,5.00,5.00,0.00,0.00,0.00,0.00,0.00,'2025-12-08 10:13:27','weekly',1,68,7,39),
(2384,1,5.00,5.00,0.00,0.00,0.00,0.00,0.00,'2025-12-08 10:13:27','weekly',1,68,4,1),
(2385,1,5.00,5.00,0.00,0.00,0.00,0.00,0.00,'2025-12-08 10:13:27','weekly',1,68,6,37),
(2386,1,5.00,5.00,0.00,0.00,0.00,0.00,0.00,'2025-12-08 10:13:27','weekly',1,68,6,34),
(2387,1,5.00,5.00,0.00,0.00,0.00,0.00,0.00,'2025-12-08 10:13:27','weekly',1,68,4,3),
(2388,1,5.00,5.00,0.00,0.00,0.00,0.00,0.00,'2025-12-08 10:13:27','weekly',1,68,10,22),
(2389,1,5.00,5.00,0.00,0.00,0.00,0.00,0.00,'2025-12-08 10:13:27','weekly',1,68,7,14),
(2390,1,5.00,5.00,0.00,0.00,0.00,0.00,0.00,'2025-12-08 10:13:27','weekly',1,68,7,12),
(2391,1,5.00,5.00,0.00,0.00,0.00,0.00,0.00,'2025-12-08 10:13:27','weekly',1,68,9,52),
(2392,1,5.00,5.00,0.00,0.00,0.00,0.00,0.00,'2025-12-08 10:13:27','weekly',1,68,1,45),
(2393,1,5.00,5.00,0.00,0.00,0.00,0.00,0.00,'2025-12-08 10:13:27','weekly',1,69,1,44),
(2394,1,5.00,5.00,0.00,0.00,0.00,0.00,0.00,'2025-12-08 10:13:27','weekly',1,69,2,21),
(2395,1,5.00,5.00,0.00,0.00,0.00,0.00,0.00,'2025-12-08 10:13:27','weekly',1,69,2,20),
(2396,1,5.00,5.00,0.00,0.00,0.00,0.00,0.00,'2025-12-08 10:13:27','weekly',1,69,3,48),
(2397,1,5.00,5.00,0.00,0.00,0.00,0.00,0.00,'2025-12-08 10:13:27','weekly',1,69,4,2),
(2398,1,5.00,5.00,0.00,0.00,0.00,0.00,0.00,'2025-12-08 10:13:27','weekly',1,69,1,43),
(2399,1,5.00,5.00,0.00,0.00,0.00,0.00,0.00,'2025-12-08 10:13:27','weekly',1,69,4,31),
(2400,1,5.00,5.00,0.00,0.00,0.00,0.00,0.00,'2025-12-08 10:13:27','weekly',1,69,4,30),
(2401,1,5.00,5.00,0.00,0.00,0.00,0.00,0.00,'2025-12-08 10:13:27','weekly',1,69,4,29),
(2402,1,5.00,5.00,0.00,0.00,0.00,0.00,0.00,'2025-12-08 10:13:27','weekly',1,69,5,51),
(2403,1,5.00,5.00,0.00,0.00,0.00,0.00,0.00,'2025-12-08 10:13:27','weekly',1,69,2,47),
(2404,1,5.00,5.00,0.00,0.00,0.00,0.00,0.00,'2025-12-08 10:13:27','weekly',1,69,3,23),
(2405,1,5.00,5.00,0.00,0.00,0.00,0.00,0.00,'2025-12-08 10:13:27','weekly',1,69,6,10),
(2406,1,5.00,5.00,0.00,0.00,0.00,0.00,0.00,'2025-12-08 10:13:27','weekly',1,69,6,38),
(2407,1,5.00,5.00,0.00,0.00,0.00,0.00,0.00,'2025-12-08 10:13:27','weekly',1,69,7,40),
(2408,1,5.00,5.00,0.00,0.00,0.00,0.00,0.00,'2025-12-08 10:13:27','weekly',1,69,8,24),
(2409,1,5.00,5.00,0.00,0.00,0.00,0.00,0.00,'2025-12-08 10:13:27','weekly',1,69,6,9),
(2410,1,5.00,5.00,0.00,0.00,0.00,0.00,0.00,'2025-12-08 10:13:27','weekly',1,69,7,13),
(2411,1,5.00,5.00,0.00,0.00,0.00,0.00,0.00,'2025-12-08 10:13:27','weekly',1,69,1,17),
(2412,1,5.00,5.00,0.00,0.00,0.00,0.00,0.00,'2025-12-08 10:13:27','weekly',1,69,6,36),
(2413,1,5.00,5.00,0.00,0.00,0.00,0.00,0.00,'2025-12-08 10:13:27','weekly',1,69,7,15),
(2414,1,5.00,5.00,0.00,0.00,0.00,0.00,0.00,'2025-12-08 10:13:27','weekly',1,69,4,4),
(2415,1,5.00,5.00,0.00,0.00,0.00,0.00,0.00,'2025-12-08 10:13:27','weekly',1,69,3,50),
(2416,1,5.00,5.00,0.00,0.00,0.00,0.00,0.00,'2025-12-08 10:13:27','weekly',1,69,4,33),
(2417,1,5.00,5.00,0.00,0.00,0.00,0.00,0.00,'2025-12-08 10:13:27','weekly',1,69,9,26),
(2418,1,5.00,5.00,0.00,0.00,0.00,0.00,0.00,'2025-12-08 10:13:27','weekly',1,69,4,6),
(2419,1,5.00,5.00,0.00,0.00,0.00,0.00,0.00,'2025-12-08 10:13:27','weekly',1,69,6,7),
(2420,1,5.00,5.00,0.00,0.00,0.00,0.00,0.00,'2025-12-08 10:13:27','weekly',1,69,NULL,27),
(2421,1,5.00,5.00,0.00,0.00,0.00,0.00,0.00,'2025-12-08 10:13:27','weekly',1,69,1,18),
(2422,1,5.00,5.00,0.00,0.00,0.00,0.00,0.00,'2025-12-08 10:13:27','weekly',1,69,5,25),
(2423,1,5.00,5.00,0.00,0.00,0.00,0.00,0.00,'2025-12-08 10:13:27','weekly',1,69,1,16),
(2424,1,5.00,5.00,0.00,0.00,0.00,0.00,0.00,'2025-12-08 10:13:27','weekly',1,69,6,8),
(2425,1,5.00,5.00,0.00,0.00,0.00,0.00,0.00,'2025-12-08 10:13:27','weekly',1,69,4,28),
(2426,1,5.00,5.00,0.00,0.00,0.00,0.00,0.00,'2025-12-08 10:13:27','weekly',1,69,6,11),
(2427,1,5.00,5.00,0.00,0.00,0.00,0.00,0.00,'2025-12-08 10:13:27','weekly',1,69,4,5),
(2428,1,5.00,5.00,0.00,0.00,0.00,0.00,0.00,'2025-12-08 10:13:27','weekly',1,69,1,46),
(2429,1,5.00,5.00,0.00,0.00,0.00,0.00,0.00,'2025-12-08 10:13:27','weekly',1,69,4,32),
(2430,1,5.00,5.00,0.00,0.00,0.00,0.00,0.00,'2025-12-08 10:13:27','weekly',1,69,7,42),
(2431,1,5.00,5.00,0.00,0.00,0.00,0.00,0.00,'2025-12-08 10:13:27','weekly',1,69,6,35),
(2432,1,5.00,5.00,0.00,0.00,0.00,0.00,0.00,'2025-12-08 10:13:27','weekly',1,69,7,41),
(2433,1,5.00,5.00,0.00,0.00,0.00,0.00,0.00,'2025-12-08 10:13:27','weekly',1,69,1,19),
(2434,1,5.00,5.00,0.00,0.00,0.00,0.00,0.00,'2025-12-08 10:13:27','weekly',1,69,10,49),
(2435,1,5.00,5.00,0.00,0.00,0.00,0.00,0.00,'2025-12-08 10:13:27','weekly',1,69,7,39),
(2436,1,5.00,5.00,0.00,0.00,0.00,0.00,0.00,'2025-12-08 10:13:27','weekly',1,69,4,1),
(2437,1,5.00,5.00,0.00,0.00,0.00,0.00,0.00,'2025-12-08 10:13:27','weekly',1,69,6,37),
(2438,1,5.00,5.00,0.00,0.00,0.00,0.00,0.00,'2025-12-08 10:13:27','weekly',1,69,6,34),
(2439,1,5.00,5.00,0.00,0.00,0.00,0.00,0.00,'2025-12-08 10:13:27','weekly',1,69,4,3),
(2440,1,5.00,5.00,0.00,0.00,0.00,0.00,0.00,'2025-12-08 10:13:27','weekly',1,69,10,22),
(2441,1,5.00,5.00,0.00,0.00,0.00,0.00,0.00,'2025-12-08 10:13:27','weekly',1,69,7,14),
(2442,1,5.00,5.00,0.00,0.00,0.00,0.00,0.00,'2025-12-08 10:13:27','weekly',1,69,7,12),
(2443,1,5.00,5.00,0.00,0.00,0.00,0.00,0.00,'2025-12-08 10:13:27','weekly',1,69,9,52),
(2444,1,5.00,5.00,0.00,0.00,0.00,0.00,0.00,'2025-12-08 10:13:27','weekly',1,69,1,45),
(2445,1,5.00,5.00,0.00,0.00,0.00,0.00,0.00,'2025-12-08 10:13:27','weekly',1,70,1,44),
(2446,1,5.00,5.00,0.00,0.00,0.00,0.00,0.00,'2025-12-08 10:13:27','weekly',1,70,2,21),
(2447,1,5.00,5.00,0.00,0.00,0.00,0.00,0.00,'2025-12-08 10:13:27','weekly',1,70,2,20),
(2448,1,5.00,5.00,0.00,0.00,0.00,0.00,0.00,'2025-12-08 10:13:27','weekly',1,70,3,48),
(2449,1,5.00,5.00,0.00,0.00,0.00,0.00,0.00,'2025-12-08 10:13:27','weekly',1,70,4,2),
(2450,1,5.00,5.00,0.00,0.00,0.00,0.00,0.00,'2025-12-08 10:13:27','weekly',1,70,1,43),
(2451,1,5.00,5.00,0.00,0.00,0.00,0.00,0.00,'2025-12-08 10:13:27','weekly',1,70,4,31),
(2452,1,5.00,5.00,0.00,0.00,0.00,0.00,0.00,'2025-12-08 10:13:27','weekly',1,70,4,30),
(2453,1,5.00,5.00,0.00,0.00,0.00,0.00,0.00,'2025-12-08 10:13:27','weekly',1,70,4,29),
(2454,1,5.00,5.00,0.00,0.00,0.00,0.00,0.00,'2025-12-08 10:13:27','weekly',1,70,5,51),
(2455,1,5.00,5.00,0.00,0.00,0.00,0.00,0.00,'2025-12-08 10:13:27','weekly',1,70,2,47),
(2456,1,5.00,5.00,0.00,0.00,0.00,0.00,0.00,'2025-12-08 10:13:27','weekly',1,70,3,23),
(2457,1,5.00,5.00,0.00,0.00,0.00,0.00,0.00,'2025-12-08 10:13:27','weekly',1,70,6,10),
(2458,1,5.00,5.00,0.00,0.00,0.00,0.00,0.00,'2025-12-08 10:13:27','weekly',1,70,6,38),
(2459,1,5.00,5.00,0.00,0.00,0.00,0.00,0.00,'2025-12-08 10:13:27','weekly',1,70,7,40),
(2460,1,5.00,5.00,0.00,0.00,0.00,0.00,0.00,'2025-12-08 10:13:27','weekly',1,70,8,24),
(2461,1,5.00,5.00,0.00,0.00,0.00,0.00,0.00,'2025-12-08 10:13:27','weekly',1,70,6,9),
(2462,1,5.00,5.00,0.00,0.00,0.00,0.00,0.00,'2025-12-08 10:13:27','weekly',1,70,7,13),
(2463,1,5.00,5.00,0.00,0.00,0.00,0.00,0.00,'2025-12-08 10:13:27','weekly',1,70,1,17),
(2464,1,5.00,5.00,0.00,0.00,0.00,0.00,0.00,'2025-12-08 10:13:27','weekly',1,70,6,36),
(2465,1,5.00,5.00,0.00,0.00,0.00,0.00,0.00,'2025-12-08 10:13:27','weekly',1,70,7,15),
(2466,1,5.00,5.00,0.00,0.00,0.00,0.00,0.00,'2025-12-08 10:13:27','weekly',1,70,4,4),
(2467,1,5.00,5.00,0.00,0.00,0.00,0.00,0.00,'2025-12-08 10:13:27','weekly',1,70,3,50),
(2468,1,5.00,5.00,0.00,0.00,0.00,0.00,0.00,'2025-12-08 10:13:27','weekly',1,70,4,33),
(2469,1,5.00,5.00,0.00,0.00,0.00,0.00,0.00,'2025-12-08 10:13:27','weekly',1,70,9,26),
(2470,1,5.00,5.00,0.00,0.00,0.00,0.00,0.00,'2025-12-08 10:13:27','weekly',1,70,4,6),
(2471,1,5.00,5.00,0.00,0.00,0.00,0.00,0.00,'2025-12-08 10:13:27','weekly',1,70,6,7),
(2472,1,5.00,5.00,0.00,0.00,0.00,0.00,0.00,'2025-12-08 10:13:27','weekly',1,70,NULL,27),
(2473,1,5.00,5.00,0.00,0.00,0.00,0.00,0.00,'2025-12-08 10:13:27','weekly',1,70,1,18),
(2474,1,5.00,5.00,0.00,0.00,0.00,0.00,0.00,'2025-12-08 10:13:27','weekly',1,70,5,25),
(2475,1,5.00,5.00,0.00,0.00,0.00,0.00,0.00,'2025-12-08 10:13:27','weekly',1,70,1,16),
(2476,1,5.00,5.00,0.00,0.00,0.00,0.00,0.00,'2025-12-08 10:13:27','weekly',1,70,6,8),
(2477,1,5.00,5.00,0.00,0.00,0.00,0.00,0.00,'2025-12-08 10:13:27','weekly',1,70,4,28),
(2478,1,5.00,5.00,0.00,0.00,0.00,0.00,0.00,'2025-12-08 10:13:28','weekly',1,70,6,11),
(2479,1,5.00,5.00,0.00,0.00,0.00,0.00,0.00,'2025-12-08 10:13:28','weekly',1,70,4,5),
(2480,1,5.00,5.00,0.00,0.00,0.00,0.00,0.00,'2025-12-08 10:13:28','weekly',1,70,1,46),
(2481,1,5.00,5.00,0.00,0.00,0.00,0.00,0.00,'2025-12-08 10:13:28','weekly',1,70,4,32),
(2482,1,5.00,5.00,0.00,0.00,0.00,0.00,0.00,'2025-12-08 10:13:28','weekly',1,70,7,42),
(2483,1,5.00,5.00,0.00,0.00,0.00,0.00,0.00,'2025-12-08 10:13:28','weekly',1,70,6,35),
(2484,1,5.00,5.00,0.00,0.00,0.00,0.00,0.00,'2025-12-08 10:13:28','weekly',1,70,7,41),
(2485,1,5.00,5.00,0.00,0.00,0.00,0.00,0.00,'2025-12-08 10:13:28','weekly',1,70,1,19),
(2486,1,5.00,5.00,0.00,0.00,0.00,0.00,0.00,'2025-12-08 10:13:28','weekly',1,70,10,49),
(2487,1,5.00,5.00,0.00,0.00,0.00,0.00,0.00,'2025-12-08 10:13:28','weekly',1,70,7,39),
(2488,1,5.00,5.00,0.00,0.00,0.00,0.00,0.00,'2025-12-08 10:13:28','weekly',1,70,4,1),
(2489,1,5.00,5.00,0.00,0.00,0.00,0.00,0.00,'2025-12-08 10:13:28','weekly',1,70,6,37),
(2490,1,5.00,5.00,0.00,0.00,0.00,0.00,0.00,'2025-12-08 10:13:28','weekly',1,70,6,34),
(2491,1,5.00,5.00,0.00,0.00,0.00,0.00,0.00,'2025-12-08 10:13:28','weekly',1,70,4,3),
(2492,1,5.00,5.00,0.00,0.00,0.00,0.00,0.00,'2025-12-08 10:13:28','weekly',1,70,10,22),
(2493,1,5.00,5.00,0.00,0.00,0.00,0.00,0.00,'2025-12-08 10:13:28','weekly',1,70,7,14),
(2494,1,5.00,5.00,0.00,0.00,0.00,0.00,0.00,'2025-12-08 10:13:28','weekly',1,70,7,12),
(2495,1,5.00,5.00,0.00,0.00,0.00,0.00,0.00,'2025-12-08 10:13:28','weekly',1,70,9,52),
(2496,1,5.00,5.00,0.00,0.00,0.00,0.00,0.00,'2025-12-08 10:13:28','weekly',1,70,1,45),
(2497,1,5.00,5.00,0.00,0.00,0.00,0.00,0.00,'2025-12-08 10:13:28','weekly',1,71,1,44),
(2498,1,5.00,5.00,0.00,0.00,0.00,0.00,0.00,'2025-12-08 10:13:28','weekly',1,71,2,21),
(2499,1,5.00,5.00,0.00,0.00,0.00,0.00,0.00,'2025-12-08 10:13:28','weekly',1,71,2,20),
(2500,1,5.00,5.00,0.00,0.00,0.00,0.00,0.00,'2025-12-08 10:13:28','weekly',1,71,3,48),
(2501,1,5.00,5.00,0.00,0.00,0.00,0.00,0.00,'2025-12-08 10:13:28','weekly',1,71,4,2),
(2502,1,5.00,5.00,0.00,0.00,0.00,0.00,0.00,'2025-12-08 10:13:28','weekly',1,71,1,43),
(2503,1,5.00,5.00,0.00,0.00,0.00,0.00,0.00,'2025-12-08 10:13:28','weekly',1,71,4,31),
(2504,1,5.00,5.00,0.00,0.00,0.00,0.00,0.00,'2025-12-08 10:13:28','weekly',1,71,4,30),
(2505,1,5.00,5.00,0.00,0.00,0.00,0.00,0.00,'2025-12-08 10:13:28','weekly',1,71,4,29),
(2506,1,5.00,5.00,0.00,0.00,0.00,0.00,0.00,'2025-12-08 10:13:28','weekly',1,71,5,51),
(2507,1,5.00,5.00,0.00,0.00,0.00,0.00,0.00,'2025-12-08 10:13:28','weekly',1,71,2,47),
(2508,1,5.00,5.00,0.00,0.00,0.00,0.00,0.00,'2025-12-08 10:13:28','weekly',1,71,3,23),
(2509,1,5.00,5.00,0.00,0.00,0.00,0.00,0.00,'2025-12-08 10:13:28','weekly',1,71,6,10),
(2510,1,5.00,5.00,0.00,0.00,0.00,0.00,0.00,'2025-12-08 10:13:28','weekly',1,71,6,38),
(2511,1,5.00,5.00,0.00,0.00,0.00,0.00,0.00,'2025-12-08 10:13:28','weekly',1,71,7,40),
(2512,1,5.00,5.00,0.00,0.00,0.00,0.00,0.00,'2025-12-08 10:13:28','weekly',1,71,8,24),
(2513,1,5.00,5.00,0.00,0.00,0.00,0.00,0.00,'2025-12-08 10:13:28','weekly',1,71,6,9),
(2514,1,5.00,5.00,0.00,0.00,0.00,0.00,0.00,'2025-12-08 10:13:28','weekly',1,71,7,13),
(2515,1,5.00,5.00,0.00,0.00,0.00,0.00,0.00,'2025-12-08 10:13:28','weekly',1,71,1,17),
(2516,1,5.00,5.00,0.00,0.00,0.00,0.00,0.00,'2025-12-08 10:13:28','weekly',1,71,6,36),
(2517,1,5.00,5.00,0.00,0.00,0.00,0.00,0.00,'2025-12-08 10:13:28','weekly',1,71,7,15),
(2518,1,5.00,5.00,0.00,0.00,0.00,0.00,0.00,'2025-12-08 10:13:28','weekly',1,71,4,4),
(2519,1,5.00,5.00,0.00,0.00,0.00,0.00,0.00,'2025-12-08 10:13:28','weekly',1,71,3,50),
(2520,1,5.00,5.00,0.00,0.00,0.00,0.00,0.00,'2025-12-08 10:13:28','weekly',1,71,4,33),
(2521,1,5.00,5.00,0.00,0.00,0.00,0.00,0.00,'2025-12-08 10:13:28','weekly',1,71,9,26),
(2522,1,5.00,5.00,0.00,0.00,0.00,0.00,0.00,'2025-12-08 10:13:28','weekly',1,71,4,6),
(2523,1,5.00,5.00,0.00,0.00,0.00,0.00,0.00,'2025-12-08 10:13:28','weekly',1,71,6,7),
(2524,1,5.00,5.00,0.00,0.00,0.00,0.00,0.00,'2025-12-08 10:13:28','weekly',1,71,NULL,27),
(2525,1,5.00,5.00,0.00,0.00,0.00,0.00,0.00,'2025-12-08 10:13:28','weekly',1,71,1,18),
(2526,1,5.00,5.00,0.00,0.00,0.00,0.00,0.00,'2025-12-08 10:13:28','weekly',1,71,5,25),
(2527,1,5.00,5.00,0.00,0.00,0.00,0.00,0.00,'2025-12-08 10:13:28','weekly',1,71,1,16),
(2528,1,5.00,5.00,0.00,0.00,0.00,0.00,0.00,'2025-12-08 10:13:28','weekly',1,71,6,8),
(2529,1,5.00,5.00,0.00,0.00,0.00,0.00,0.00,'2025-12-08 10:13:28','weekly',1,71,4,28),
(2530,1,5.00,5.00,0.00,0.00,0.00,0.00,0.00,'2025-12-08 10:13:28','weekly',1,71,6,11),
(2531,1,5.00,5.00,0.00,0.00,0.00,0.00,0.00,'2025-12-08 10:13:28','weekly',1,71,4,5),
(2532,1,5.00,5.00,0.00,0.00,0.00,0.00,0.00,'2025-12-08 10:13:28','weekly',1,71,1,46),
(2533,1,5.00,5.00,0.00,0.00,0.00,0.00,0.00,'2025-12-08 10:13:28','weekly',1,71,4,32),
(2534,1,5.00,5.00,0.00,0.00,0.00,0.00,0.00,'2025-12-08 10:13:28','weekly',1,71,7,42),
(2535,1,5.00,5.00,0.00,0.00,0.00,0.00,0.00,'2025-12-08 10:13:28','weekly',1,71,6,35),
(2536,1,5.00,5.00,0.00,0.00,0.00,0.00,0.00,'2025-12-08 10:13:28','weekly',1,71,7,41),
(2537,1,5.00,5.00,0.00,0.00,0.00,0.00,0.00,'2025-12-08 10:13:28','weekly',1,71,1,19),
(2538,1,5.00,5.00,0.00,0.00,0.00,0.00,0.00,'2025-12-08 10:13:28','weekly',1,71,10,49),
(2539,1,5.00,5.00,0.00,0.00,0.00,0.00,0.00,'2025-12-08 10:13:28','weekly',1,71,7,39),
(2540,1,5.00,5.00,0.00,0.00,0.00,0.00,0.00,'2025-12-08 10:13:28','weekly',1,71,4,1),
(2541,1,5.00,5.00,0.00,0.00,0.00,0.00,0.00,'2025-12-08 10:13:28','weekly',1,71,6,37),
(2542,1,5.00,5.00,0.00,0.00,0.00,0.00,0.00,'2025-12-08 10:13:28','weekly',1,71,6,34),
(2543,1,5.00,5.00,0.00,0.00,0.00,0.00,0.00,'2025-12-08 10:13:28','weekly',1,71,4,3),
(2544,1,5.00,5.00,0.00,0.00,0.00,0.00,0.00,'2025-12-08 10:13:28','weekly',1,71,10,22),
(2545,1,5.00,5.00,0.00,0.00,0.00,0.00,0.00,'2025-12-08 10:13:28','weekly',1,71,7,14),
(2546,1,5.00,5.00,0.00,0.00,0.00,0.00,0.00,'2025-12-08 10:13:28','weekly',1,71,7,12),
(2547,1,5.00,5.00,0.00,0.00,0.00,0.00,0.00,'2025-12-08 10:13:28','weekly',1,71,9,52),
(2548,1,5.00,5.00,0.00,0.00,0.00,0.00,0.00,'2025-12-08 10:13:28','weekly',1,71,1,45),
(2549,1,5.00,5.00,0.00,0.00,0.00,0.00,0.00,'2025-12-08 10:13:28','weekly',1,72,1,44),
(2550,1,5.00,5.00,0.00,0.00,0.00,0.00,0.00,'2025-12-08 10:13:28','weekly',1,72,2,21),
(2551,1,5.00,5.00,0.00,0.00,0.00,0.00,0.00,'2025-12-08 10:13:28','weekly',1,72,2,20),
(2552,1,5.00,5.00,0.00,0.00,0.00,0.00,0.00,'2025-12-08 10:13:28','weekly',1,72,3,48),
(2553,1,5.00,5.00,0.00,0.00,0.00,0.00,0.00,'2025-12-08 10:13:28','weekly',1,72,4,2),
(2554,1,5.00,5.00,0.00,0.00,0.00,0.00,0.00,'2025-12-08 10:13:28','weekly',1,72,1,43),
(2555,1,5.00,5.00,0.00,0.00,0.00,0.00,0.00,'2025-12-08 10:13:28','weekly',1,72,4,31),
(2556,1,5.00,5.00,0.00,0.00,0.00,0.00,0.00,'2025-12-08 10:13:28','weekly',1,72,4,30),
(2557,1,5.00,5.00,0.00,0.00,0.00,0.00,0.00,'2025-12-08 10:13:28','weekly',1,72,4,29),
(2558,1,5.00,5.00,0.00,0.00,0.00,0.00,0.00,'2025-12-08 10:13:28','weekly',1,72,5,51),
(2559,1,5.00,5.00,0.00,0.00,0.00,0.00,0.00,'2025-12-08 10:13:28','weekly',1,72,2,47),
(2560,1,5.00,5.00,0.00,0.00,0.00,0.00,0.00,'2025-12-08 10:13:28','weekly',1,72,3,23),
(2561,1,5.00,5.00,0.00,0.00,0.00,0.00,0.00,'2025-12-08 10:13:28','weekly',1,72,6,10),
(2562,1,5.00,5.00,0.00,0.00,0.00,0.00,0.00,'2025-12-08 10:13:28','weekly',1,72,6,38),
(2563,1,5.00,5.00,0.00,0.00,0.00,0.00,0.00,'2025-12-08 10:13:28','weekly',1,72,7,40),
(2564,1,5.00,5.00,0.00,0.00,0.00,0.00,0.00,'2025-12-08 10:13:28','weekly',1,72,8,24),
(2565,1,5.00,5.00,0.00,0.00,0.00,0.00,0.00,'2025-12-08 10:13:28','weekly',1,72,6,9),
(2566,1,5.00,5.00,0.00,0.00,0.00,0.00,0.00,'2025-12-08 10:13:28','weekly',1,72,7,13),
(2567,1,5.00,5.00,0.00,0.00,0.00,0.00,0.00,'2025-12-08 10:13:28','weekly',1,72,1,17),
(2568,1,5.00,5.00,0.00,0.00,0.00,0.00,0.00,'2025-12-08 10:13:28','weekly',1,72,6,36),
(2569,1,5.00,5.00,0.00,0.00,0.00,0.00,0.00,'2025-12-08 10:13:28','weekly',1,72,7,15),
(2570,1,5.00,5.00,0.00,0.00,0.00,0.00,0.00,'2025-12-08 10:13:28','weekly',1,72,4,4),
(2571,1,5.00,5.00,0.00,0.00,0.00,0.00,0.00,'2025-12-08 10:13:28','weekly',1,72,3,50),
(2572,1,5.00,5.00,0.00,0.00,0.00,0.00,0.00,'2025-12-08 10:13:28','weekly',1,72,4,33),
(2573,1,5.00,5.00,0.00,0.00,0.00,0.00,0.00,'2025-12-08 10:13:28','weekly',1,72,9,26),
(2574,1,5.00,5.00,0.00,0.00,0.00,0.00,0.00,'2025-12-08 10:13:28','weekly',1,72,4,6),
(2575,1,5.00,5.00,0.00,0.00,0.00,0.00,0.00,'2025-12-08 10:13:28','weekly',1,72,6,7),
(2576,1,5.00,5.00,0.00,0.00,0.00,0.00,0.00,'2025-12-08 10:13:28','weekly',1,72,NULL,27),
(2577,1,5.00,5.00,0.00,0.00,0.00,0.00,0.00,'2025-12-08 10:13:28','weekly',1,72,1,18),
(2578,1,5.00,5.00,0.00,0.00,0.00,0.00,0.00,'2025-12-08 10:13:28','weekly',1,72,5,25),
(2579,1,5.00,5.00,0.00,0.00,0.00,0.00,0.00,'2025-12-08 10:13:28','weekly',1,72,1,16),
(2580,1,5.00,5.00,0.00,0.00,0.00,0.00,0.00,'2025-12-08 10:13:28','weekly',1,72,6,8),
(2581,1,5.00,5.00,0.00,0.00,0.00,0.00,0.00,'2025-12-08 10:13:28','weekly',1,72,4,28),
(2582,1,5.00,5.00,0.00,0.00,0.00,0.00,0.00,'2025-12-08 10:13:28','weekly',1,72,6,11),
(2583,1,5.00,5.00,0.00,0.00,0.00,0.00,0.00,'2025-12-08 10:13:28','weekly',1,72,4,5),
(2584,1,5.00,5.00,0.00,0.00,0.00,0.00,0.00,'2025-12-08 10:13:28','weekly',1,72,1,46),
(2585,1,5.00,5.00,0.00,0.00,0.00,0.00,0.00,'2025-12-08 10:13:28','weekly',1,72,4,32),
(2586,1,5.00,5.00,0.00,0.00,0.00,0.00,0.00,'2025-12-08 10:13:28','weekly',1,72,7,42),
(2587,1,5.00,5.00,0.00,0.00,0.00,0.00,0.00,'2025-12-08 10:13:28','weekly',1,72,6,35),
(2588,1,5.00,5.00,0.00,0.00,0.00,0.00,0.00,'2025-12-08 10:13:28','weekly',1,72,7,41),
(2589,1,5.00,5.00,0.00,0.00,0.00,0.00,0.00,'2025-12-08 10:13:28','weekly',1,72,1,19),
(2590,1,5.00,5.00,0.00,0.00,0.00,0.00,0.00,'2025-12-08 10:13:28','weekly',1,72,10,49),
(2591,1,5.00,5.00,0.00,0.00,0.00,0.00,0.00,'2025-12-08 10:13:28','weekly',1,72,7,39),
(2592,1,5.00,5.00,0.00,0.00,0.00,0.00,0.00,'2025-12-08 10:13:28','weekly',1,72,4,1),
(2593,1,5.00,5.00,0.00,0.00,0.00,0.00,0.00,'2025-12-08 10:13:28','weekly',1,72,6,37),
(2594,1,5.00,5.00,0.00,0.00,0.00,0.00,0.00,'2025-12-08 10:13:28','weekly',1,72,6,34),
(2595,1,5.00,5.00,0.00,0.00,0.00,0.00,0.00,'2025-12-08 10:13:28','weekly',1,72,4,3),
(2596,1,5.00,5.00,0.00,0.00,0.00,0.00,0.00,'2025-12-08 10:13:28','weekly',1,72,10,22),
(2597,1,5.00,5.00,0.00,0.00,0.00,0.00,0.00,'2025-12-08 10:13:28','weekly',1,72,7,14),
(2598,1,5.00,5.00,0.00,0.00,0.00,0.00,0.00,'2025-12-08 10:13:28','weekly',1,72,7,12),
(2599,1,5.00,5.00,0.00,0.00,0.00,0.00,0.00,'2025-12-08 10:13:28','weekly',1,72,9,52),
(2600,1,5.00,5.00,0.00,0.00,0.00,0.00,0.00,'2025-12-08 10:13:28','weekly',1,72,1,45),
(2601,1,5.00,5.00,0.00,0.00,0.00,0.00,0.00,'2025-12-08 10:13:28','weekly',1,73,1,44),
(2602,1,5.00,5.00,0.00,0.00,0.00,0.00,0.00,'2025-12-08 10:13:28','weekly',1,73,2,21),
(2603,1,5.00,5.00,0.00,0.00,0.00,0.00,0.00,'2025-12-08 10:13:28','weekly',1,73,2,20),
(2604,1,5.00,5.00,0.00,0.00,0.00,0.00,0.00,'2025-12-08 10:13:28','weekly',1,73,3,48),
(2605,1,5.00,5.00,0.00,0.00,0.00,0.00,0.00,'2025-12-08 10:13:28','weekly',1,73,4,2),
(2606,1,5.00,5.00,0.00,0.00,0.00,0.00,0.00,'2025-12-08 10:13:28','weekly',1,73,1,43),
(2607,1,5.00,5.00,0.00,0.00,0.00,0.00,0.00,'2025-12-08 10:13:28','weekly',1,73,4,31),
(2608,1,5.00,5.00,0.00,0.00,0.00,0.00,0.00,'2025-12-08 10:13:28','weekly',1,73,4,30),
(2609,1,5.00,5.00,0.00,0.00,0.00,0.00,0.00,'2025-12-08 10:13:28','weekly',1,73,4,29),
(2610,1,5.00,5.00,0.00,0.00,0.00,0.00,0.00,'2025-12-08 10:13:28','weekly',1,73,5,51),
(2611,1,5.00,5.00,0.00,0.00,0.00,0.00,0.00,'2025-12-08 10:13:28','weekly',1,73,2,47),
(2612,1,5.00,5.00,0.00,0.00,0.00,0.00,0.00,'2025-12-08 10:13:28','weekly',1,73,3,23),
(2613,1,5.00,5.00,0.00,0.00,0.00,0.00,0.00,'2025-12-08 10:13:28','weekly',1,73,6,10),
(2614,1,5.00,5.00,0.00,0.00,0.00,0.00,0.00,'2025-12-08 10:13:28','weekly',1,73,6,38),
(2615,1,5.00,5.00,0.00,0.00,0.00,0.00,0.00,'2025-12-08 10:13:28','weekly',1,73,7,40),
(2616,1,5.00,5.00,0.00,0.00,0.00,0.00,0.00,'2025-12-08 10:13:28','weekly',1,73,8,24),
(2617,1,5.00,5.00,0.00,0.00,0.00,0.00,0.00,'2025-12-08 10:13:28','weekly',1,73,6,9),
(2618,1,5.00,5.00,0.00,0.00,0.00,0.00,0.00,'2025-12-08 10:13:28','weekly',1,73,7,13),
(2619,1,5.00,5.00,0.00,0.00,0.00,0.00,0.00,'2025-12-08 10:13:28','weekly',1,73,1,17),
(2620,1,5.00,5.00,0.00,0.00,0.00,0.00,0.00,'2025-12-08 10:13:28','weekly',1,73,6,36),
(2621,1,5.00,5.00,0.00,0.00,0.00,0.00,0.00,'2025-12-08 10:13:28','weekly',1,73,7,15),
(2622,1,5.00,5.00,0.00,0.00,0.00,0.00,0.00,'2025-12-08 10:13:28','weekly',1,73,4,4),
(2623,1,5.00,5.00,0.00,0.00,0.00,0.00,0.00,'2025-12-08 10:13:28','weekly',1,73,3,50),
(2624,1,5.00,5.00,0.00,0.00,0.00,0.00,0.00,'2025-12-08 10:13:28','weekly',1,73,4,33),
(2625,1,5.00,5.00,0.00,0.00,0.00,0.00,0.00,'2025-12-08 10:13:28','weekly',1,73,9,26),
(2626,1,5.00,5.00,0.00,0.00,0.00,0.00,0.00,'2025-12-08 10:13:28','weekly',1,73,4,6),
(2627,1,5.00,5.00,0.00,0.00,0.00,0.00,0.00,'2025-12-08 10:13:28','weekly',1,73,6,7),
(2628,1,5.00,5.00,0.00,0.00,0.00,0.00,0.00,'2025-12-08 10:13:28','weekly',1,73,NULL,27),
(2629,1,5.00,5.00,0.00,0.00,0.00,0.00,0.00,'2025-12-08 10:13:28','weekly',1,73,1,18),
(2630,1,5.00,5.00,0.00,0.00,0.00,0.00,0.00,'2025-12-08 10:13:28','weekly',1,73,5,25),
(2631,1,5.00,5.00,0.00,0.00,0.00,0.00,0.00,'2025-12-08 10:13:28','weekly',1,73,1,16),
(2632,1,5.00,5.00,0.00,0.00,0.00,0.00,0.00,'2025-12-08 10:13:28','weekly',1,73,6,8),
(2633,1,5.00,5.00,0.00,0.00,0.00,0.00,0.00,'2025-12-08 10:13:28','weekly',1,73,4,28),
(2634,1,5.00,5.00,0.00,0.00,0.00,0.00,0.00,'2025-12-08 10:13:28','weekly',1,73,6,11),
(2635,1,5.00,5.00,0.00,0.00,0.00,0.00,0.00,'2025-12-08 10:13:28','weekly',1,73,4,5),
(2636,1,5.00,5.00,0.00,0.00,0.00,0.00,0.00,'2025-12-08 10:13:28','weekly',1,73,1,46),
(2637,1,5.00,5.00,0.00,0.00,0.00,0.00,0.00,'2025-12-08 10:13:28','weekly',1,73,4,32),
(2638,1,5.00,5.00,0.00,0.00,0.00,0.00,0.00,'2025-12-08 10:13:28','weekly',1,73,7,42),
(2639,1,5.00,5.00,0.00,0.00,0.00,0.00,0.00,'2025-12-08 10:13:28','weekly',1,73,6,35),
(2640,1,5.00,5.00,0.00,0.00,0.00,0.00,0.00,'2025-12-08 10:13:28','weekly',1,73,7,41),
(2641,1,5.00,5.00,0.00,0.00,0.00,0.00,0.00,'2025-12-08 10:13:28','weekly',1,73,1,19),
(2642,1,5.00,5.00,0.00,0.00,0.00,0.00,0.00,'2025-12-08 10:13:28','weekly',1,73,10,49),
(2643,1,5.00,5.00,0.00,0.00,0.00,0.00,0.00,'2025-12-08 10:13:28','weekly',1,73,7,39),
(2644,1,5.00,5.00,0.00,0.00,0.00,0.00,0.00,'2025-12-08 10:13:28','weekly',1,73,4,1),
(2645,1,5.00,5.00,0.00,0.00,0.00,0.00,0.00,'2025-12-08 10:13:28','weekly',1,73,6,37),
(2646,1,5.00,5.00,0.00,0.00,0.00,0.00,0.00,'2025-12-08 10:13:28','weekly',1,73,6,34),
(2647,1,5.00,5.00,0.00,0.00,0.00,0.00,0.00,'2025-12-08 10:13:28','weekly',1,73,4,3),
(2648,1,5.00,5.00,0.00,0.00,0.00,0.00,0.00,'2025-12-08 10:13:28','weekly',1,73,10,22),
(2649,1,5.00,5.00,0.00,0.00,0.00,0.00,0.00,'2025-12-08 10:13:28','weekly',1,73,7,14),
(2650,1,5.00,5.00,0.00,0.00,0.00,0.00,0.00,'2025-12-08 10:13:28','weekly',1,73,7,12),
(2651,1,5.00,5.00,0.00,0.00,0.00,0.00,0.00,'2025-12-08 10:13:28','weekly',1,73,9,52),
(2652,1,5.00,5.00,0.00,0.00,0.00,0.00,0.00,'2025-12-08 10:13:28','weekly',1,73,1,45),
(2653,1,5.00,5.00,0.00,0.00,0.00,0.00,0.00,'2025-12-08 10:13:28','weekly',1,74,1,44),
(2654,1,5.00,5.00,0.00,0.00,0.00,0.00,0.00,'2025-12-08 10:13:28','weekly',1,74,2,21),
(2655,1,5.00,5.00,0.00,0.00,0.00,0.00,0.00,'2025-12-08 10:13:28','weekly',1,74,2,20),
(2656,1,5.00,5.00,0.00,0.00,0.00,0.00,0.00,'2025-12-08 10:13:28','weekly',1,74,3,48),
(2657,1,5.00,5.00,0.00,0.00,0.00,0.00,0.00,'2025-12-08 10:13:28','weekly',1,74,4,2),
(2658,1,5.00,5.00,0.00,0.00,0.00,0.00,0.00,'2025-12-08 10:13:28','weekly',1,74,1,43),
(2659,1,5.00,5.00,0.00,0.00,0.00,0.00,0.00,'2025-12-08 10:13:28','weekly',1,74,4,31),
(2660,1,5.00,5.00,0.00,0.00,0.00,0.00,0.00,'2025-12-08 10:13:28','weekly',1,74,4,30),
(2661,1,5.00,5.00,0.00,0.00,0.00,0.00,0.00,'2025-12-08 10:13:28','weekly',1,74,4,29),
(2662,1,5.00,5.00,0.00,0.00,0.00,0.00,0.00,'2025-12-08 10:13:28','weekly',1,74,5,51),
(2663,1,5.00,5.00,0.00,0.00,0.00,0.00,0.00,'2025-12-08 10:13:28','weekly',1,74,2,47),
(2664,1,5.00,5.00,0.00,0.00,0.00,0.00,0.00,'2025-12-08 10:13:28','weekly',1,74,3,23),
(2665,1,5.00,5.00,0.00,0.00,0.00,0.00,0.00,'2025-12-08 10:13:28','weekly',1,74,6,10),
(2666,1,5.00,5.00,0.00,0.00,0.00,0.00,0.00,'2025-12-08 10:13:28','weekly',1,74,6,38),
(2667,1,5.00,5.00,0.00,0.00,0.00,0.00,0.00,'2025-12-08 10:13:28','weekly',1,74,7,40),
(2668,1,5.00,5.00,0.00,0.00,0.00,0.00,0.00,'2025-12-08 10:13:28','weekly',1,74,8,24),
(2669,1,5.00,5.00,0.00,0.00,0.00,0.00,0.00,'2025-12-08 10:13:28','weekly',1,74,6,9),
(2670,1,5.00,5.00,0.00,0.00,0.00,0.00,0.00,'2025-12-08 10:13:28','weekly',1,74,7,13),
(2671,1,5.00,5.00,0.00,0.00,0.00,0.00,0.00,'2025-12-08 10:13:28','weekly',1,74,1,17),
(2672,1,5.00,5.00,0.00,0.00,0.00,0.00,0.00,'2025-12-08 10:13:28','weekly',1,74,6,36),
(2673,1,5.00,5.00,0.00,0.00,0.00,0.00,0.00,'2025-12-08 10:13:28','weekly',1,74,7,15),
(2674,1,5.00,5.00,0.00,0.00,0.00,0.00,0.00,'2025-12-08 10:13:28','weekly',1,74,4,4),
(2675,1,5.00,5.00,0.00,0.00,0.00,0.00,0.00,'2025-12-08 10:13:28','weekly',1,74,3,50),
(2676,1,5.00,5.00,0.00,0.00,0.00,0.00,0.00,'2025-12-08 10:13:28','weekly',1,74,4,33),
(2677,1,5.00,5.00,0.00,0.00,0.00,0.00,0.00,'2025-12-08 10:13:28','weekly',1,74,9,26),
(2678,1,5.00,5.00,0.00,0.00,0.00,0.00,0.00,'2025-12-08 10:13:28','weekly',1,74,4,6),
(2679,1,5.00,5.00,0.00,0.00,0.00,0.00,0.00,'2025-12-08 10:13:28','weekly',1,74,6,7),
(2680,1,5.00,5.00,0.00,0.00,0.00,0.00,0.00,'2025-12-08 10:13:28','weekly',1,74,NULL,27),
(2681,1,5.00,5.00,0.00,0.00,0.00,0.00,0.00,'2025-12-08 10:13:28','weekly',1,74,1,18),
(2682,1,5.00,5.00,0.00,0.00,0.00,0.00,0.00,'2025-12-08 10:13:28','weekly',1,74,5,25),
(2683,1,5.00,5.00,0.00,0.00,0.00,0.00,0.00,'2025-12-08 10:13:28','weekly',1,74,1,16),
(2684,1,5.00,5.00,0.00,0.00,0.00,0.00,0.00,'2025-12-08 10:13:28','weekly',1,74,6,8),
(2685,1,5.00,5.00,0.00,0.00,0.00,0.00,0.00,'2025-12-08 10:13:28','weekly',1,74,4,28),
(2686,1,5.00,5.00,0.00,0.00,0.00,0.00,0.00,'2025-12-08 10:13:28','weekly',1,74,6,11),
(2687,1,5.00,5.00,0.00,0.00,0.00,0.00,0.00,'2025-12-08 10:13:28','weekly',1,74,4,5),
(2688,1,5.00,5.00,0.00,0.00,0.00,0.00,0.00,'2025-12-08 10:13:28','weekly',1,74,1,46),
(2689,1,5.00,5.00,0.00,0.00,0.00,0.00,0.00,'2025-12-08 10:13:28','weekly',1,74,4,32),
(2690,1,5.00,5.00,0.00,0.00,0.00,0.00,0.00,'2025-12-08 10:13:28','weekly',1,74,7,42),
(2691,1,5.00,5.00,0.00,0.00,0.00,0.00,0.00,'2025-12-08 10:13:28','weekly',1,74,6,35),
(2692,1,5.00,5.00,0.00,0.00,0.00,0.00,0.00,'2025-12-08 10:13:28','weekly',1,74,7,41),
(2693,1,5.00,5.00,0.00,0.00,0.00,0.00,0.00,'2025-12-08 10:13:28','weekly',1,74,1,19),
(2694,1,5.00,5.00,0.00,0.00,0.00,0.00,0.00,'2025-12-08 10:13:28','weekly',1,74,10,49),
(2695,1,5.00,5.00,0.00,0.00,0.00,0.00,0.00,'2025-12-08 10:13:28','weekly',1,74,7,39),
(2696,1,5.00,5.00,0.00,0.00,0.00,0.00,0.00,'2025-12-08 10:13:28','weekly',1,74,4,1),
(2697,1,5.00,5.00,0.00,0.00,0.00,0.00,0.00,'2025-12-08 10:13:28','weekly',1,74,6,37),
(2698,1,5.00,5.00,0.00,0.00,0.00,0.00,0.00,'2025-12-08 10:13:28','weekly',1,74,6,34),
(2699,1,5.00,5.00,0.00,0.00,0.00,0.00,0.00,'2025-12-08 10:13:28','weekly',1,74,4,3),
(2700,1,5.00,5.00,0.00,0.00,0.00,0.00,0.00,'2025-12-08 10:13:28','weekly',1,74,10,22),
(2701,1,5.00,5.00,0.00,0.00,0.00,0.00,0.00,'2025-12-08 10:13:28','weekly',1,74,7,14),
(2702,1,5.00,5.00,0.00,0.00,0.00,0.00,0.00,'2025-12-08 10:13:28','weekly',1,74,7,12),
(2703,1,5.00,5.00,0.00,0.00,0.00,0.00,0.00,'2025-12-08 10:13:28','weekly',1,74,9,52),
(2704,1,5.00,5.00,0.00,0.00,0.00,0.00,0.00,'2025-12-08 10:13:28','weekly',1,74,1,45),
(2705,1,5.00,5.00,0.00,0.00,0.00,0.00,0.00,'2025-12-08 10:13:28','weekly',1,75,1,44),
(2706,1,5.00,5.00,0.00,0.00,0.00,0.00,0.00,'2025-12-08 10:13:28','weekly',1,75,2,21),
(2707,1,5.00,5.00,0.00,0.00,0.00,0.00,0.00,'2025-12-08 10:13:28','weekly',1,75,2,20),
(2708,1,5.00,5.00,0.00,0.00,0.00,0.00,0.00,'2025-12-08 10:13:28','weekly',1,75,3,48),
(2709,1,5.00,5.00,0.00,0.00,0.00,0.00,0.00,'2025-12-08 10:13:28','weekly',1,75,4,2),
(2710,1,5.00,5.00,0.00,0.00,0.00,0.00,0.00,'2025-12-08 10:13:28','weekly',1,75,1,43),
(2711,1,5.00,5.00,0.00,0.00,0.00,0.00,0.00,'2025-12-08 10:13:28','weekly',1,75,4,31),
(2712,1,5.00,5.00,0.00,0.00,0.00,0.00,0.00,'2025-12-08 10:13:28','weekly',1,75,4,30),
(2713,1,5.00,5.00,0.00,0.00,0.00,0.00,0.00,'2025-12-08 10:13:28','weekly',1,75,4,29),
(2714,1,5.00,5.00,0.00,0.00,0.00,0.00,0.00,'2025-12-08 10:13:28','weekly',1,75,5,51),
(2715,1,5.00,5.00,0.00,0.00,0.00,0.00,0.00,'2025-12-08 10:13:28','weekly',1,75,2,47),
(2716,1,5.00,5.00,0.00,0.00,0.00,0.00,0.00,'2025-12-08 10:13:28','weekly',1,75,3,23),
(2717,1,5.00,5.00,0.00,0.00,0.00,0.00,0.00,'2025-12-08 10:13:28','weekly',1,75,6,10),
(2718,1,5.00,5.00,0.00,0.00,0.00,0.00,0.00,'2025-12-08 10:13:28','weekly',1,75,6,38),
(2719,1,5.00,5.00,0.00,0.00,0.00,0.00,0.00,'2025-12-08 10:13:28','weekly',1,75,7,40),
(2720,1,5.00,5.00,0.00,0.00,0.00,0.00,0.00,'2025-12-08 10:13:28','weekly',1,75,8,24),
(2721,1,5.00,5.00,0.00,0.00,0.00,0.00,0.00,'2025-12-08 10:13:28','weekly',1,75,6,9),
(2722,1,5.00,5.00,0.00,0.00,0.00,0.00,0.00,'2025-12-08 10:13:28','weekly',1,75,7,13),
(2723,1,5.00,5.00,0.00,0.00,0.00,0.00,0.00,'2025-12-08 10:13:28','weekly',1,75,1,17),
(2724,1,5.00,5.00,0.00,0.00,0.00,0.00,0.00,'2025-12-08 10:13:28','weekly',1,75,6,36),
(2725,1,5.00,5.00,0.00,0.00,0.00,0.00,0.00,'2025-12-08 10:13:28','weekly',1,75,7,15),
(2726,1,5.00,5.00,0.00,0.00,0.00,0.00,0.00,'2025-12-08 10:13:28','weekly',1,75,4,4),
(2727,1,5.00,5.00,0.00,0.00,0.00,0.00,0.00,'2025-12-08 10:13:28','weekly',1,75,3,50),
(2728,1,5.00,5.00,0.00,0.00,0.00,0.00,0.00,'2025-12-08 10:13:28','weekly',1,75,4,33),
(2729,1,5.00,5.00,0.00,0.00,0.00,0.00,0.00,'2025-12-08 10:13:28','weekly',1,75,9,26),
(2730,1,5.00,5.00,0.00,0.00,0.00,0.00,0.00,'2025-12-08 10:13:28','weekly',1,75,4,6),
(2731,1,5.00,5.00,0.00,0.00,0.00,0.00,0.00,'2025-12-08 10:13:28','weekly',1,75,6,7),
(2732,1,5.00,5.00,0.00,0.00,0.00,0.00,0.00,'2025-12-08 10:13:28','weekly',1,75,NULL,27),
(2733,1,5.00,5.00,0.00,0.00,0.00,0.00,0.00,'2025-12-08 10:13:28','weekly',1,75,1,18),
(2734,1,5.00,5.00,0.00,0.00,0.00,0.00,0.00,'2025-12-08 10:13:28','weekly',1,75,5,25),
(2735,1,5.00,5.00,0.00,0.00,0.00,0.00,0.00,'2025-12-08 10:13:28','weekly',1,75,1,16),
(2736,1,5.00,5.00,0.00,0.00,0.00,0.00,0.00,'2025-12-08 10:13:28','weekly',1,75,6,8),
(2737,1,5.00,5.00,0.00,0.00,0.00,0.00,0.00,'2025-12-08 10:13:28','weekly',1,75,4,28),
(2738,1,5.00,5.00,0.00,0.00,0.00,0.00,0.00,'2025-12-08 10:13:28','weekly',1,75,6,11),
(2739,1,5.00,5.00,0.00,0.00,0.00,0.00,0.00,'2025-12-08 10:13:28','weekly',1,75,4,5),
(2740,1,5.00,5.00,0.00,0.00,0.00,0.00,0.00,'2025-12-08 10:13:28','weekly',1,75,1,46),
(2741,1,5.00,5.00,0.00,0.00,0.00,0.00,0.00,'2025-12-08 10:13:28','weekly',1,75,4,32),
(2742,1,5.00,5.00,0.00,0.00,0.00,0.00,0.00,'2025-12-08 10:13:28','weekly',1,75,7,42),
(2743,1,5.00,5.00,0.00,0.00,0.00,0.00,0.00,'2025-12-08 10:13:28','weekly',1,75,6,35),
(2744,1,5.00,5.00,0.00,0.00,0.00,0.00,0.00,'2025-12-08 10:13:28','weekly',1,75,7,41),
(2745,1,5.00,5.00,0.00,0.00,0.00,0.00,0.00,'2025-12-08 10:13:28','weekly',1,75,1,19),
(2746,1,5.00,5.00,0.00,0.00,0.00,0.00,0.00,'2025-12-08 10:13:28','weekly',1,75,10,49),
(2747,1,5.00,5.00,0.00,0.00,0.00,0.00,0.00,'2025-12-08 10:13:28','weekly',1,75,7,39),
(2748,1,5.00,5.00,0.00,0.00,0.00,0.00,0.00,'2025-12-08 10:13:28','weekly',1,75,4,1),
(2749,1,5.00,5.00,0.00,0.00,0.00,0.00,0.00,'2025-12-08 10:13:28','weekly',1,75,6,37),
(2750,1,5.00,5.00,0.00,0.00,0.00,0.00,0.00,'2025-12-08 10:13:28','weekly',1,75,6,34),
(2751,1,5.00,5.00,0.00,0.00,0.00,0.00,0.00,'2025-12-08 10:13:28','weekly',1,75,4,3),
(2752,1,5.00,5.00,0.00,0.00,0.00,0.00,0.00,'2025-12-08 10:13:28','weekly',1,75,10,22),
(2753,1,5.00,5.00,0.00,0.00,0.00,0.00,0.00,'2025-12-08 10:13:28','weekly',1,75,7,14),
(2754,1,5.00,5.00,0.00,0.00,0.00,0.00,0.00,'2025-12-08 10:13:28','weekly',1,75,7,12),
(2755,1,5.00,5.00,0.00,0.00,0.00,0.00,0.00,'2025-12-08 10:13:28','weekly',1,75,9,52),
(2756,1,5.00,5.00,0.00,0.00,0.00,0.00,0.00,'2025-12-08 10:13:28','weekly',1,75,1,45),
(2757,1,5.00,5.00,0.00,0.00,0.00,0.00,0.00,'2025-12-08 10:13:28','weekly',1,76,1,44),
(2758,1,5.00,5.00,0.00,0.00,0.00,0.00,0.00,'2025-12-08 10:13:28','weekly',1,76,2,21),
(2759,1,5.00,5.00,0.00,0.00,0.00,0.00,0.00,'2025-12-08 10:13:28','weekly',1,76,2,20),
(2760,1,5.00,5.00,0.00,0.00,0.00,0.00,0.00,'2025-12-08 10:13:28','weekly',1,76,3,48),
(2761,1,5.00,5.00,0.00,0.00,0.00,0.00,0.00,'2025-12-08 10:13:28','weekly',1,76,4,2),
(2762,1,5.00,5.00,0.00,0.00,0.00,0.00,0.00,'2025-12-08 10:13:28','weekly',1,76,1,43),
(2763,1,5.00,5.00,0.00,0.00,0.00,0.00,0.00,'2025-12-08 10:13:28','weekly',1,76,4,31),
(2764,1,5.00,5.00,0.00,0.00,0.00,0.00,0.00,'2025-12-08 10:13:28','weekly',1,76,4,30),
(2765,1,5.00,5.00,0.00,0.00,0.00,0.00,0.00,'2025-12-08 10:13:28','weekly',1,76,4,29),
(2766,1,5.00,5.00,0.00,0.00,0.00,0.00,0.00,'2025-12-08 10:13:28','weekly',1,76,5,51),
(2767,1,5.00,5.00,0.00,0.00,0.00,0.00,0.00,'2025-12-08 10:13:28','weekly',1,76,2,47),
(2768,1,5.00,5.00,0.00,0.00,0.00,0.00,0.00,'2025-12-08 10:13:28','weekly',1,76,3,23),
(2769,1,5.00,5.00,0.00,0.00,0.00,0.00,0.00,'2025-12-08 10:13:28','weekly',1,76,6,10),
(2770,1,5.00,5.00,0.00,0.00,0.00,0.00,0.00,'2025-12-08 10:13:28','weekly',1,76,6,38),
(2771,1,5.00,5.00,0.00,0.00,0.00,0.00,0.00,'2025-12-08 10:13:28','weekly',1,76,7,40),
(2772,1,5.00,5.00,0.00,0.00,0.00,0.00,0.00,'2025-12-08 10:13:28','weekly',1,76,8,24),
(2773,1,5.00,5.00,0.00,0.00,0.00,0.00,0.00,'2025-12-08 10:13:28','weekly',1,76,6,9),
(2774,1,5.00,5.00,0.00,0.00,0.00,0.00,0.00,'2025-12-08 10:13:28','weekly',1,76,7,13),
(2775,1,5.00,5.00,0.00,0.00,0.00,0.00,0.00,'2025-12-08 10:13:28','weekly',1,76,1,17),
(2776,1,5.00,5.00,0.00,0.00,0.00,0.00,0.00,'2025-12-08 10:13:28','weekly',1,76,6,36),
(2777,1,5.00,5.00,0.00,0.00,0.00,0.00,0.00,'2025-12-08 10:13:28','weekly',1,76,7,15),
(2778,1,5.00,5.00,0.00,0.00,0.00,0.00,0.00,'2025-12-08 10:13:28','weekly',1,76,4,4),
(2779,1,5.00,5.00,0.00,0.00,0.00,0.00,0.00,'2025-12-08 10:13:28','weekly',1,76,3,50),
(2780,1,5.00,5.00,0.00,0.00,0.00,0.00,0.00,'2025-12-08 10:13:28','weekly',1,76,4,33),
(2781,1,5.00,5.00,0.00,0.00,0.00,0.00,0.00,'2025-12-08 10:13:28','weekly',1,76,9,26),
(2782,1,5.00,5.00,0.00,0.00,0.00,0.00,0.00,'2025-12-08 10:13:28','weekly',1,76,4,6),
(2783,1,5.00,5.00,0.00,0.00,0.00,0.00,0.00,'2025-12-08 10:13:28','weekly',1,76,6,7),
(2784,1,5.00,5.00,0.00,0.00,0.00,0.00,0.00,'2025-12-08 10:13:28','weekly',1,76,NULL,27),
(2785,1,5.00,5.00,0.00,0.00,0.00,0.00,0.00,'2025-12-08 10:13:28','weekly',1,76,1,18),
(2786,1,5.00,5.00,0.00,0.00,0.00,0.00,0.00,'2025-12-08 10:13:28','weekly',1,76,5,25),
(2787,1,5.00,5.00,0.00,0.00,0.00,0.00,0.00,'2025-12-08 10:13:28','weekly',1,76,1,16),
(2788,1,5.00,5.00,0.00,0.00,0.00,0.00,0.00,'2025-12-08 10:13:28','weekly',1,76,6,8),
(2789,1,5.00,5.00,0.00,0.00,0.00,0.00,0.00,'2025-12-08 10:13:28','weekly',1,76,4,28),
(2790,1,5.00,5.00,0.00,0.00,0.00,0.00,0.00,'2025-12-08 10:13:28','weekly',1,76,6,11),
(2791,1,5.00,5.00,0.00,0.00,0.00,0.00,0.00,'2025-12-08 10:13:28','weekly',1,76,4,5),
(2792,1,5.00,5.00,0.00,0.00,0.00,0.00,0.00,'2025-12-08 10:13:28','weekly',1,76,1,46),
(2793,1,5.00,5.00,0.00,0.00,0.00,0.00,0.00,'2025-12-08 10:13:28','weekly',1,76,4,32),
(2794,1,5.00,5.00,0.00,0.00,0.00,0.00,0.00,'2025-12-08 10:13:28','weekly',1,76,7,42),
(2795,1,5.00,5.00,0.00,0.00,0.00,0.00,0.00,'2025-12-08 10:13:28','weekly',1,76,6,35),
(2796,1,5.00,5.00,0.00,0.00,0.00,0.00,0.00,'2025-12-08 10:13:28','weekly',1,76,7,41),
(2797,1,5.00,5.00,0.00,0.00,0.00,0.00,0.00,'2025-12-08 10:13:28','weekly',1,76,1,19),
(2798,1,5.00,5.00,0.00,0.00,0.00,0.00,0.00,'2025-12-08 10:13:28','weekly',1,76,10,49),
(2799,1,5.00,5.00,0.00,0.00,0.00,0.00,0.00,'2025-12-08 10:13:28','weekly',1,76,7,39),
(2800,1,5.00,5.00,0.00,0.00,0.00,0.00,0.00,'2025-12-08 10:13:28','weekly',1,76,4,1),
(2801,1,5.00,5.00,0.00,0.00,0.00,0.00,0.00,'2025-12-08 10:13:28','weekly',1,76,6,37),
(2802,1,5.00,5.00,0.00,0.00,0.00,0.00,0.00,'2025-12-08 10:13:28','weekly',1,76,6,34),
(2803,1,5.00,5.00,0.00,0.00,0.00,0.00,0.00,'2025-12-08 10:13:28','weekly',1,76,4,3),
(2804,1,5.00,5.00,0.00,0.00,0.00,0.00,0.00,'2025-12-08 10:13:28','weekly',1,76,10,22),
(2805,1,5.00,5.00,0.00,0.00,0.00,0.00,0.00,'2025-12-08 10:13:28','weekly',1,76,7,14),
(2806,1,5.00,5.00,0.00,0.00,0.00,0.00,0.00,'2025-12-08 10:13:28','weekly',1,76,7,12),
(2807,1,5.00,5.00,0.00,0.00,0.00,0.00,0.00,'2025-12-08 10:13:28','weekly',1,76,9,52),
(2808,1,5.00,5.00,0.00,0.00,0.00,0.00,0.00,'2025-12-08 10:13:28','weekly',1,76,1,45),
(2809,1,5.00,5.00,0.00,0.00,0.00,0.00,0.00,'2025-12-08 10:13:28','weekly',1,35,1,44),
(2810,1,5.00,5.00,0.00,0.00,0.00,0.00,0.00,'2025-12-08 10:13:28','weekly',1,35,2,21),
(2811,1,5.00,5.00,0.00,0.00,0.00,0.00,0.00,'2025-12-08 10:13:28','weekly',1,35,2,20),
(2812,1,5.00,5.00,0.00,0.00,0.00,0.00,0.00,'2025-12-08 10:13:28','weekly',1,35,3,48),
(2813,1,5.00,5.00,0.00,0.00,0.00,0.00,0.00,'2025-12-08 10:13:28','weekly',1,35,4,2),
(2814,1,5.00,5.00,0.00,0.00,0.00,0.00,0.00,'2025-12-08 10:13:28','weekly',1,35,1,43),
(2815,1,5.00,5.00,0.00,0.00,0.00,0.00,0.00,'2025-12-08 10:13:28','weekly',1,35,4,31),
(2816,1,5.00,5.00,0.00,0.00,0.00,0.00,0.00,'2025-12-08 10:13:28','weekly',1,35,4,30),
(2817,1,5.00,5.00,0.00,0.00,0.00,0.00,0.00,'2025-12-08 10:13:28','weekly',1,35,4,29),
(2818,1,5.00,5.00,0.00,0.00,0.00,0.00,0.00,'2025-12-08 10:13:28','weekly',1,35,5,51),
(2819,1,5.00,5.00,0.00,0.00,0.00,0.00,0.00,'2025-12-08 10:13:28','weekly',1,35,2,47),
(2820,1,5.00,5.00,0.00,0.00,0.00,0.00,0.00,'2025-12-08 10:13:28','weekly',1,35,3,23),
(2821,1,5.00,5.00,0.00,0.00,0.00,0.00,0.00,'2025-12-08 10:13:28','weekly',1,35,6,10),
(2822,1,5.00,5.00,0.00,0.00,0.00,0.00,0.00,'2025-12-08 10:13:28','weekly',1,35,6,38),
(2823,1,5.00,5.00,0.00,0.00,0.00,0.00,0.00,'2025-12-08 10:13:28','weekly',1,35,7,40),
(2824,1,5.00,5.00,0.00,0.00,0.00,0.00,0.00,'2025-12-08 10:13:28','weekly',1,35,8,24),
(2825,1,5.00,5.00,0.00,0.00,0.00,0.00,0.00,'2025-12-08 10:13:28','weekly',1,35,6,9),
(2826,1,5.00,5.00,0.00,0.00,0.00,0.00,0.00,'2025-12-08 10:13:28','weekly',1,35,7,13),
(2827,1,5.00,5.00,0.00,0.00,0.00,0.00,0.00,'2025-12-08 10:13:28','weekly',1,35,1,17),
(2828,1,5.00,5.00,0.00,0.00,0.00,0.00,0.00,'2025-12-08 10:13:28','weekly',1,35,6,36),
(2829,1,5.00,5.00,0.00,0.00,0.00,0.00,0.00,'2025-12-08 10:13:28','weekly',1,35,7,15),
(2830,1,5.00,5.00,0.00,0.00,0.00,0.00,0.00,'2025-12-08 10:13:28','weekly',1,35,4,4),
(2831,1,5.00,5.00,0.00,0.00,0.00,0.00,0.00,'2025-12-08 10:13:28','weekly',1,35,3,50),
(2832,1,5.00,5.00,0.00,0.00,0.00,0.00,0.00,'2025-12-08 10:13:28','weekly',1,35,4,33),
(2833,1,5.00,5.00,0.00,0.00,0.00,0.00,0.00,'2025-12-08 10:13:28','weekly',1,35,9,26),
(2834,1,5.00,5.00,0.00,0.00,0.00,0.00,0.00,'2025-12-08 10:13:28','weekly',1,35,4,6),
(2835,1,5.00,5.00,0.00,0.00,0.00,0.00,0.00,'2025-12-08 10:13:28','weekly',1,35,6,7),
(2836,1,5.00,5.00,0.00,0.00,0.00,0.00,0.00,'2025-12-08 10:13:28','weekly',1,35,NULL,27),
(2837,1,5.00,5.00,0.00,0.00,0.00,0.00,0.00,'2025-12-08 10:13:28','weekly',1,35,1,18),
(2838,1,5.00,5.00,0.00,0.00,0.00,0.00,0.00,'2025-12-08 10:13:28','weekly',1,35,5,25),
(2839,1,5.00,5.00,0.00,0.00,0.00,0.00,0.00,'2025-12-08 10:13:28','weekly',1,35,1,16),
(2840,1,5.00,5.00,0.00,0.00,0.00,0.00,0.00,'2025-12-08 10:13:28','weekly',1,35,6,8),
(2841,1,5.00,5.00,0.00,0.00,0.00,0.00,0.00,'2025-12-08 10:13:28','weekly',1,35,4,28),
(2842,1,5.00,5.00,0.00,0.00,0.00,0.00,0.00,'2025-12-08 10:13:28','weekly',1,35,6,11),
(2843,1,5.00,5.00,0.00,0.00,0.00,0.00,0.00,'2025-12-08 10:13:28','weekly',1,35,4,5),
(2844,1,5.00,5.00,0.00,0.00,0.00,0.00,0.00,'2025-12-08 10:13:28','weekly',1,35,1,46),
(2845,1,5.00,5.00,0.00,0.00,0.00,0.00,0.00,'2025-12-08 10:13:28','weekly',1,35,4,32),
(2846,1,5.00,5.00,0.00,0.00,0.00,0.00,0.00,'2025-12-08 10:13:28','weekly',1,35,7,42),
(2847,1,5.00,5.00,0.00,0.00,0.00,0.00,0.00,'2025-12-08 10:13:28','weekly',1,35,6,35),
(2848,1,5.00,5.00,0.00,0.00,0.00,0.00,0.00,'2025-12-08 10:13:28','weekly',1,35,7,41),
(2849,1,5.00,5.00,0.00,0.00,0.00,0.00,0.00,'2025-12-08 10:13:28','weekly',1,35,1,19),
(2850,1,5.00,5.00,0.00,0.00,0.00,0.00,0.00,'2025-12-08 10:13:28','weekly',1,35,10,49),
(2851,1,5.00,5.00,0.00,0.00,0.00,0.00,0.00,'2025-12-08 10:13:28','weekly',1,35,7,39),
(2852,1,5.00,5.00,0.00,0.00,0.00,0.00,0.00,'2025-12-08 10:13:28','weekly',1,35,4,1),
(2853,1,5.00,5.00,0.00,0.00,0.00,0.00,0.00,'2025-12-08 10:13:28','weekly',1,35,6,37),
(2854,1,5.00,5.00,0.00,0.00,0.00,0.00,0.00,'2025-12-08 10:13:28','weekly',1,35,6,34),
(2855,1,5.00,5.00,0.00,0.00,0.00,0.00,0.00,'2025-12-08 10:13:28','weekly',1,35,4,3),
(2856,1,5.00,5.00,0.00,0.00,0.00,0.00,0.00,'2025-12-08 10:13:28','weekly',1,35,10,22),
(2857,1,5.00,5.00,0.00,0.00,0.00,0.00,0.00,'2025-12-08 10:13:28','weekly',1,35,7,14),
(2858,1,5.00,5.00,0.00,0.00,0.00,0.00,0.00,'2025-12-08 10:13:28','weekly',1,35,7,12),
(2859,1,5.00,5.00,0.00,0.00,0.00,0.00,0.00,'2025-12-08 10:13:28','weekly',1,35,9,52),
(2860,1,5.00,5.00,0.00,0.00,0.00,0.00,0.00,'2025-12-08 10:13:28','weekly',1,35,1,45),
(2861,1,5.00,5.00,0.00,0.00,0.00,0.00,0.00,'2025-12-08 10:13:28','weekly',1,77,1,44),
(2862,1,5.00,5.00,0.00,0.00,0.00,0.00,0.00,'2025-12-08 10:13:28','weekly',1,77,2,21),
(2863,1,5.00,5.00,0.00,0.00,0.00,0.00,0.00,'2025-12-08 10:13:28','weekly',1,77,2,20),
(2864,1,5.00,5.00,0.00,0.00,0.00,0.00,0.00,'2025-12-08 10:13:28','weekly',1,77,3,48),
(2865,1,5.00,5.00,0.00,0.00,0.00,0.00,0.00,'2025-12-08 10:13:28','weekly',1,77,4,2),
(2866,1,5.00,5.00,0.00,0.00,0.00,0.00,0.00,'2025-12-08 10:13:28','weekly',1,77,1,43),
(2867,1,5.00,5.00,0.00,0.00,0.00,0.00,0.00,'2025-12-08 10:13:28','weekly',1,77,4,31),
(2868,1,5.00,5.00,0.00,0.00,0.00,0.00,0.00,'2025-12-08 10:13:28','weekly',1,77,4,30),
(2869,1,5.00,5.00,0.00,0.00,0.00,0.00,0.00,'2025-12-08 10:13:28','weekly',1,77,4,29),
(2870,1,5.00,5.00,0.00,0.00,0.00,0.00,0.00,'2025-12-08 10:13:28','weekly',1,77,5,51),
(2871,1,5.00,5.00,0.00,0.00,0.00,0.00,0.00,'2025-12-08 10:13:28','weekly',1,77,2,47),
(2872,1,5.00,5.00,0.00,0.00,0.00,0.00,0.00,'2025-12-08 10:13:28','weekly',1,77,3,23),
(2873,1,5.00,5.00,0.00,0.00,0.00,0.00,0.00,'2025-12-08 10:13:28','weekly',1,77,6,10),
(2874,1,5.00,5.00,0.00,0.00,0.00,0.00,0.00,'2025-12-08 10:13:28','weekly',1,77,6,38),
(2875,1,5.00,5.00,0.00,0.00,0.00,0.00,0.00,'2025-12-08 10:13:28','weekly',1,77,7,40),
(2876,1,5.00,5.00,0.00,0.00,0.00,0.00,0.00,'2025-12-08 10:13:28','weekly',1,77,8,24),
(2877,1,5.00,5.00,0.00,0.00,0.00,0.00,0.00,'2025-12-08 10:13:28','weekly',1,77,6,9),
(2878,1,5.00,5.00,0.00,0.00,0.00,0.00,0.00,'2025-12-08 10:13:28','weekly',1,77,7,13),
(2879,1,5.00,5.00,0.00,0.00,0.00,0.00,0.00,'2025-12-08 10:13:28','weekly',1,77,1,17),
(2880,1,5.00,5.00,0.00,0.00,0.00,0.00,0.00,'2025-12-08 10:13:28','weekly',1,77,6,36),
(2881,1,5.00,5.00,0.00,0.00,0.00,0.00,0.00,'2025-12-08 10:13:28','weekly',1,77,7,15),
(2882,1,5.00,5.00,0.00,0.00,0.00,0.00,0.00,'2025-12-08 10:13:28','weekly',1,77,4,4),
(2883,1,5.00,5.00,0.00,0.00,0.00,0.00,0.00,'2025-12-08 10:13:28','weekly',1,77,3,50),
(2884,1,5.00,5.00,0.00,0.00,0.00,0.00,0.00,'2025-12-08 10:13:28','weekly',1,77,4,33),
(2885,1,5.00,5.00,0.00,0.00,0.00,0.00,0.00,'2025-12-08 10:13:28','weekly',1,77,9,26),
(2886,1,5.00,5.00,0.00,0.00,0.00,0.00,0.00,'2025-12-08 10:13:28','weekly',1,77,4,6),
(2887,1,5.00,5.00,0.00,0.00,0.00,0.00,0.00,'2025-12-08 10:13:28','weekly',1,77,6,7),
(2888,1,5.00,5.00,0.00,0.00,0.00,0.00,0.00,'2025-12-08 10:13:28','weekly',1,77,NULL,27),
(2889,1,5.00,5.00,0.00,0.00,0.00,0.00,0.00,'2025-12-08 10:13:28','weekly',1,77,1,18),
(2890,1,5.00,5.00,0.00,0.00,0.00,0.00,0.00,'2025-12-08 10:13:28','weekly',1,77,5,25),
(2891,1,5.00,5.00,0.00,0.00,0.00,0.00,0.00,'2025-12-08 10:13:29','weekly',1,77,1,16),
(2892,1,5.00,5.00,0.00,0.00,0.00,0.00,0.00,'2025-12-08 10:13:29','weekly',1,77,6,8),
(2893,1,5.00,5.00,0.00,0.00,0.00,0.00,0.00,'2025-12-08 10:13:29','weekly',1,77,4,28),
(2894,1,5.00,5.00,0.00,0.00,0.00,0.00,0.00,'2025-12-08 10:13:29','weekly',1,77,6,11),
(2895,1,5.00,5.00,0.00,0.00,0.00,0.00,0.00,'2025-12-08 10:13:29','weekly',1,77,4,5),
(2896,1,5.00,5.00,0.00,0.00,0.00,0.00,0.00,'2025-12-08 10:13:29','weekly',1,77,1,46),
(2897,1,5.00,5.00,0.00,0.00,0.00,0.00,0.00,'2025-12-08 10:13:29','weekly',1,77,4,32),
(2898,1,5.00,5.00,0.00,0.00,0.00,0.00,0.00,'2025-12-08 10:13:29','weekly',1,77,7,42),
(2899,1,5.00,5.00,0.00,0.00,0.00,0.00,0.00,'2025-12-08 10:13:29','weekly',1,77,6,35),
(2900,1,5.00,5.00,0.00,0.00,0.00,0.00,0.00,'2025-12-08 10:13:29','weekly',1,77,7,41),
(2901,1,5.00,5.00,0.00,0.00,0.00,0.00,0.00,'2025-12-08 10:13:29','weekly',1,77,1,19),
(2902,1,5.00,5.00,0.00,0.00,0.00,0.00,0.00,'2025-12-08 10:13:29','weekly',1,77,10,49),
(2903,1,5.00,5.00,0.00,0.00,0.00,0.00,0.00,'2025-12-08 10:13:29','weekly',1,77,7,39),
(2904,1,5.00,5.00,0.00,0.00,0.00,0.00,0.00,'2025-12-08 10:13:29','weekly',1,77,4,1),
(2905,1,5.00,5.00,0.00,0.00,0.00,0.00,0.00,'2025-12-08 10:13:29','weekly',1,77,6,37),
(2906,1,5.00,5.00,0.00,0.00,0.00,0.00,0.00,'2025-12-08 10:13:29','weekly',1,77,6,34),
(2907,1,5.00,5.00,0.00,0.00,0.00,0.00,0.00,'2025-12-08 10:13:29','weekly',1,77,4,3),
(2908,1,5.00,5.00,0.00,0.00,0.00,0.00,0.00,'2025-12-08 10:13:29','weekly',1,77,10,22),
(2909,1,5.00,5.00,0.00,0.00,0.00,0.00,0.00,'2025-12-08 10:13:29','weekly',1,77,7,14),
(2910,1,5.00,5.00,0.00,0.00,0.00,0.00,0.00,'2025-12-08 10:13:29','weekly',1,77,7,12),
(2911,1,5.00,5.00,0.00,0.00,0.00,0.00,0.00,'2025-12-08 10:13:29','weekly',1,77,9,52),
(2912,1,5.00,5.00,0.00,0.00,0.00,0.00,0.00,'2025-12-08 10:13:29','weekly',1,77,1,45),
(2913,1,5.00,5.00,0.00,0.00,0.00,0.00,0.00,'2025-12-08 10:13:29','weekly',1,78,1,44),
(2914,1,5.00,5.00,0.00,0.00,0.00,0.00,0.00,'2025-12-08 10:13:29','weekly',1,78,2,21),
(2915,1,5.00,5.00,0.00,0.00,0.00,0.00,0.00,'2025-12-08 10:13:29','weekly',1,78,2,20),
(2916,1,5.00,5.00,0.00,0.00,0.00,0.00,0.00,'2025-12-08 10:13:29','weekly',1,78,3,48),
(2917,1,5.00,5.00,0.00,0.00,0.00,0.00,0.00,'2025-12-08 10:13:29','weekly',1,78,4,2),
(2918,1,5.00,5.00,0.00,0.00,0.00,0.00,0.00,'2025-12-08 10:13:29','weekly',1,78,1,43),
(2919,1,5.00,5.00,0.00,0.00,0.00,0.00,0.00,'2025-12-08 10:13:29','weekly',1,78,4,31),
(2920,1,5.00,5.00,0.00,0.00,0.00,0.00,0.00,'2025-12-08 10:13:29','weekly',1,78,4,30),
(2921,1,5.00,5.00,0.00,0.00,0.00,0.00,0.00,'2025-12-08 10:13:29','weekly',1,78,4,29),
(2922,1,5.00,5.00,0.00,0.00,0.00,0.00,0.00,'2025-12-08 10:13:29','weekly',1,78,5,51),
(2923,1,5.00,5.00,0.00,0.00,0.00,0.00,0.00,'2025-12-08 10:13:29','weekly',1,78,2,47),
(2924,1,5.00,5.00,0.00,0.00,0.00,0.00,0.00,'2025-12-08 10:13:29','weekly',1,78,3,23),
(2925,1,5.00,5.00,0.00,0.00,0.00,0.00,0.00,'2025-12-08 10:13:29','weekly',1,78,6,10),
(2926,1,5.00,5.00,0.00,0.00,0.00,0.00,0.00,'2025-12-08 10:13:29','weekly',1,78,6,38),
(2927,1,5.00,5.00,0.00,0.00,0.00,0.00,0.00,'2025-12-08 10:13:29','weekly',1,78,7,40),
(2928,1,5.00,5.00,0.00,0.00,0.00,0.00,0.00,'2025-12-08 10:13:29','weekly',1,78,8,24),
(2929,1,5.00,5.00,0.00,0.00,0.00,0.00,0.00,'2025-12-08 10:13:29','weekly',1,78,6,9),
(2930,1,5.00,5.00,0.00,0.00,0.00,0.00,0.00,'2025-12-08 10:13:29','weekly',1,78,7,13),
(2931,1,5.00,5.00,0.00,0.00,0.00,0.00,0.00,'2025-12-08 10:13:29','weekly',1,78,1,17),
(2932,1,5.00,5.00,0.00,0.00,0.00,0.00,0.00,'2025-12-08 10:13:29','weekly',1,78,6,36),
(2933,1,5.00,5.00,0.00,0.00,0.00,0.00,0.00,'2025-12-08 10:13:29','weekly',1,78,7,15),
(2934,1,5.00,5.00,0.00,0.00,0.00,0.00,0.00,'2025-12-08 10:13:29','weekly',1,78,4,4),
(2935,1,5.00,5.00,0.00,0.00,0.00,0.00,0.00,'2025-12-08 10:13:29','weekly',1,78,3,50),
(2936,1,5.00,5.00,0.00,0.00,0.00,0.00,0.00,'2025-12-08 10:13:29','weekly',1,78,4,33),
(2937,1,5.00,5.00,0.00,0.00,0.00,0.00,0.00,'2025-12-08 10:13:29','weekly',1,78,9,26),
(2938,1,5.00,5.00,0.00,0.00,0.00,0.00,0.00,'2025-12-08 10:13:29','weekly',1,78,4,6),
(2939,1,5.00,5.00,0.00,0.00,0.00,0.00,0.00,'2025-12-08 10:13:29','weekly',1,78,6,7),
(2940,1,5.00,5.00,0.00,0.00,0.00,0.00,0.00,'2025-12-08 10:13:29','weekly',1,78,NULL,27),
(2941,1,5.00,5.00,0.00,0.00,0.00,0.00,0.00,'2025-12-08 10:13:29','weekly',1,78,1,18),
(2942,1,5.00,5.00,0.00,0.00,0.00,0.00,0.00,'2025-12-08 10:13:29','weekly',1,78,5,25),
(2943,1,5.00,5.00,0.00,0.00,0.00,0.00,0.00,'2025-12-08 10:13:29','weekly',1,78,1,16),
(2944,1,5.00,5.00,0.00,0.00,0.00,0.00,0.00,'2025-12-08 10:13:29','weekly',1,78,6,8),
(2945,1,5.00,5.00,0.00,0.00,0.00,0.00,0.00,'2025-12-08 10:13:29','weekly',1,78,4,28),
(2946,1,5.00,5.00,0.00,0.00,0.00,0.00,0.00,'2025-12-08 10:13:29','weekly',1,78,6,11),
(2947,1,5.00,5.00,0.00,0.00,0.00,0.00,0.00,'2025-12-08 10:13:29','weekly',1,78,4,5),
(2948,1,5.00,5.00,0.00,0.00,0.00,0.00,0.00,'2025-12-08 10:13:29','weekly',1,78,1,46),
(2949,1,5.00,5.00,0.00,0.00,0.00,0.00,0.00,'2025-12-08 10:13:29','weekly',1,78,4,32),
(2950,1,5.00,5.00,0.00,0.00,0.00,0.00,0.00,'2025-12-08 10:13:29','weekly',1,78,7,42),
(2951,1,5.00,5.00,0.00,0.00,0.00,0.00,0.00,'2025-12-08 10:13:29','weekly',1,78,6,35),
(2952,1,5.00,5.00,0.00,0.00,0.00,0.00,0.00,'2025-12-08 10:13:29','weekly',1,78,7,41),
(2953,1,5.00,5.00,0.00,0.00,0.00,0.00,0.00,'2025-12-08 10:13:29','weekly',1,78,1,19),
(2954,1,5.00,5.00,0.00,0.00,0.00,0.00,0.00,'2025-12-08 10:13:29','weekly',1,78,10,49),
(2955,1,5.00,5.00,0.00,0.00,0.00,0.00,0.00,'2025-12-08 10:13:29','weekly',1,78,7,39),
(2956,1,5.00,5.00,0.00,0.00,0.00,0.00,0.00,'2025-12-08 10:13:29','weekly',1,78,4,1),
(2957,1,5.00,5.00,0.00,0.00,0.00,0.00,0.00,'2025-12-08 10:13:29','weekly',1,78,6,37),
(2958,1,5.00,5.00,0.00,0.00,0.00,0.00,0.00,'2025-12-08 10:13:29','weekly',1,78,6,34),
(2959,1,5.00,5.00,0.00,0.00,0.00,0.00,0.00,'2025-12-08 10:13:29','weekly',1,78,4,3),
(2960,1,5.00,5.00,0.00,0.00,0.00,0.00,0.00,'2025-12-08 10:13:29','weekly',1,78,10,22),
(2961,1,5.00,5.00,0.00,0.00,0.00,0.00,0.00,'2025-12-08 10:13:29','weekly',1,78,7,14),
(2962,1,5.00,5.00,0.00,0.00,0.00,0.00,0.00,'2025-12-08 10:13:29','weekly',1,78,7,12),
(2963,1,5.00,5.00,0.00,0.00,0.00,0.00,0.00,'2025-12-08 10:13:29','weekly',1,78,9,52),
(2964,1,5.00,5.00,0.00,0.00,0.00,0.00,0.00,'2025-12-08 10:13:29','weekly',1,78,1,45),
(2965,1,5.00,5.00,0.00,0.00,0.00,0.00,0.00,'2025-12-08 10:13:29','weekly',1,79,1,44),
(2966,1,5.00,5.00,0.00,0.00,0.00,0.00,0.00,'2025-12-08 10:13:29','weekly',1,79,2,21),
(2967,1,5.00,5.00,0.00,0.00,0.00,0.00,0.00,'2025-12-08 10:13:29','weekly',1,79,2,20),
(2968,1,5.00,5.00,0.00,0.00,0.00,0.00,0.00,'2025-12-08 10:13:29','weekly',1,79,3,48),
(2969,1,5.00,5.00,0.00,0.00,0.00,0.00,0.00,'2025-12-08 10:13:29','weekly',1,79,4,2),
(2970,1,5.00,5.00,0.00,0.00,0.00,0.00,0.00,'2025-12-08 10:13:29','weekly',1,79,1,43),
(2971,1,5.00,5.00,0.00,0.00,0.00,0.00,0.00,'2025-12-08 10:13:29','weekly',1,79,4,31),
(2972,1,5.00,5.00,0.00,0.00,0.00,0.00,0.00,'2025-12-08 10:13:29','weekly',1,79,4,30),
(2973,1,5.00,5.00,0.00,0.00,0.00,0.00,0.00,'2025-12-08 10:13:29','weekly',1,79,4,29),
(2974,1,5.00,5.00,0.00,0.00,0.00,0.00,0.00,'2025-12-08 10:13:29','weekly',1,79,5,51),
(2975,1,5.00,5.00,0.00,0.00,0.00,0.00,0.00,'2025-12-08 10:13:29','weekly',1,79,2,47),
(2976,1,5.00,5.00,0.00,0.00,0.00,0.00,0.00,'2025-12-08 10:13:29','weekly',1,79,3,23),
(2977,1,5.00,5.00,0.00,0.00,0.00,0.00,0.00,'2025-12-08 10:13:29','weekly',1,79,6,10),
(2978,1,5.00,5.00,0.00,0.00,0.00,0.00,0.00,'2025-12-08 10:13:29','weekly',1,79,6,38),
(2979,1,5.00,5.00,0.00,0.00,0.00,0.00,0.00,'2025-12-08 10:13:29','weekly',1,79,7,40),
(2980,1,5.00,5.00,0.00,0.00,0.00,0.00,0.00,'2025-12-08 10:13:29','weekly',1,79,8,24),
(2981,1,5.00,5.00,0.00,0.00,0.00,0.00,0.00,'2025-12-08 10:13:29','weekly',1,79,6,9),
(2982,1,5.00,5.00,0.00,0.00,0.00,0.00,0.00,'2025-12-08 10:13:29','weekly',1,79,7,13),
(2983,1,5.00,5.00,0.00,0.00,0.00,0.00,0.00,'2025-12-08 10:13:29','weekly',1,79,1,17),
(2984,1,5.00,5.00,0.00,0.00,0.00,0.00,0.00,'2025-12-08 10:13:29','weekly',1,79,6,36),
(2985,1,5.00,5.00,0.00,0.00,0.00,0.00,0.00,'2025-12-08 10:13:29','weekly',1,79,7,15),
(2986,1,5.00,5.00,0.00,0.00,0.00,0.00,0.00,'2025-12-08 10:13:29','weekly',1,79,4,4),
(2987,1,5.00,5.00,0.00,0.00,0.00,0.00,0.00,'2025-12-08 10:13:29','weekly',1,79,3,50),
(2988,1,5.00,5.00,0.00,0.00,0.00,0.00,0.00,'2025-12-08 10:13:29','weekly',1,79,4,33),
(2989,1,5.00,5.00,0.00,0.00,0.00,0.00,0.00,'2025-12-08 10:13:29','weekly',1,79,9,26),
(2990,1,5.00,5.00,0.00,0.00,0.00,0.00,0.00,'2025-12-08 10:13:29','weekly',1,79,4,6),
(2991,1,5.00,5.00,0.00,0.00,0.00,0.00,0.00,'2025-12-08 10:13:29','weekly',1,79,6,7),
(2992,1,5.00,5.00,0.00,0.00,0.00,0.00,0.00,'2025-12-08 10:13:29','weekly',1,79,NULL,27),
(2993,1,5.00,5.00,0.00,0.00,0.00,0.00,0.00,'2025-12-08 10:13:29','weekly',1,79,1,18),
(2994,1,5.00,5.00,0.00,0.00,0.00,0.00,0.00,'2025-12-08 10:13:29','weekly',1,79,5,25),
(2995,1,5.00,5.00,0.00,0.00,0.00,0.00,0.00,'2025-12-08 10:13:29','weekly',1,79,1,16),
(2996,1,5.00,5.00,0.00,0.00,0.00,0.00,0.00,'2025-12-08 10:13:29','weekly',1,79,6,8),
(2997,1,5.00,5.00,0.00,0.00,0.00,0.00,0.00,'2025-12-08 10:13:29','weekly',1,79,4,28),
(2998,1,5.00,5.00,0.00,0.00,0.00,0.00,0.00,'2025-12-08 10:13:29','weekly',1,79,6,11),
(2999,1,5.00,5.00,0.00,0.00,0.00,0.00,0.00,'2025-12-08 10:13:29','weekly',1,79,4,5),
(3000,1,5.00,5.00,0.00,0.00,0.00,0.00,0.00,'2025-12-08 10:13:29','weekly',1,79,1,46),
(3001,1,5.00,5.00,0.00,0.00,0.00,0.00,0.00,'2025-12-08 10:13:29','weekly',1,79,4,32),
(3002,1,5.00,5.00,0.00,0.00,0.00,0.00,0.00,'2025-12-08 10:13:29','weekly',1,79,7,42),
(3003,1,5.00,5.00,0.00,0.00,0.00,0.00,0.00,'2025-12-08 10:13:29','weekly',1,79,6,35),
(3004,1,5.00,5.00,0.00,0.00,0.00,0.00,0.00,'2025-12-08 10:13:29','weekly',1,79,7,41),
(3005,1,5.00,5.00,0.00,0.00,0.00,0.00,0.00,'2025-12-08 10:13:29','weekly',1,79,1,19),
(3006,1,5.00,5.00,0.00,0.00,0.00,0.00,0.00,'2025-12-08 10:13:29','weekly',1,79,10,49),
(3007,1,5.00,5.00,0.00,0.00,0.00,0.00,0.00,'2025-12-08 10:13:29','weekly',1,79,7,39),
(3008,1,5.00,5.00,0.00,0.00,0.00,0.00,0.00,'2025-12-08 10:13:29','weekly',1,79,4,1),
(3009,1,5.00,5.00,0.00,0.00,0.00,0.00,0.00,'2025-12-08 10:13:29','weekly',1,79,6,37),
(3010,1,5.00,5.00,0.00,0.00,0.00,0.00,0.00,'2025-12-08 10:13:29','weekly',1,79,6,34),
(3011,1,5.00,5.00,0.00,0.00,0.00,0.00,0.00,'2025-12-08 10:13:29','weekly',1,79,4,3),
(3012,1,5.00,5.00,0.00,0.00,0.00,0.00,0.00,'2025-12-08 10:13:29','weekly',1,79,10,22),
(3013,1,5.00,5.00,0.00,0.00,0.00,0.00,0.00,'2025-12-08 10:13:29','weekly',1,79,7,14),
(3014,1,5.00,5.00,0.00,0.00,0.00,0.00,0.00,'2025-12-08 10:13:29','weekly',1,79,7,12),
(3015,1,5.00,5.00,0.00,0.00,0.00,0.00,0.00,'2025-12-08 10:13:29','weekly',1,79,9,52),
(3016,1,5.00,5.00,0.00,0.00,0.00,0.00,0.00,'2025-12-08 10:13:29','weekly',1,79,1,45),
(3017,1,5.00,5.00,0.00,0.00,0.00,0.00,0.00,'2025-12-08 10:13:29','weekly',1,80,1,44),
(3018,1,5.00,5.00,0.00,0.00,0.00,0.00,0.00,'2025-12-08 10:13:29','weekly',1,80,2,21),
(3019,1,5.00,5.00,0.00,0.00,0.00,0.00,0.00,'2025-12-08 10:13:29','weekly',1,80,2,20),
(3020,1,5.00,5.00,0.00,0.00,0.00,0.00,0.00,'2025-12-08 10:13:29','weekly',1,80,3,48),
(3021,1,5.00,5.00,0.00,0.00,0.00,0.00,0.00,'2025-12-08 10:13:29','weekly',1,80,4,2),
(3022,1,5.00,5.00,0.00,0.00,0.00,0.00,0.00,'2025-12-08 10:13:29','weekly',1,80,1,43),
(3023,1,5.00,5.00,0.00,0.00,0.00,0.00,0.00,'2025-12-08 10:13:29','weekly',1,80,4,31),
(3024,1,5.00,5.00,0.00,0.00,0.00,0.00,0.00,'2025-12-08 10:13:29','weekly',1,80,4,30),
(3025,1,5.00,5.00,0.00,0.00,0.00,0.00,0.00,'2025-12-08 10:13:29','weekly',1,80,4,29),
(3026,1,5.00,5.00,0.00,0.00,0.00,0.00,0.00,'2025-12-08 10:13:29','weekly',1,80,5,51),
(3027,1,5.00,5.00,0.00,0.00,0.00,0.00,0.00,'2025-12-08 10:13:29','weekly',1,80,2,47),
(3028,1,5.00,5.00,0.00,0.00,0.00,0.00,0.00,'2025-12-08 10:13:29','weekly',1,80,3,23),
(3029,1,5.00,5.00,0.00,0.00,0.00,0.00,0.00,'2025-12-08 10:13:29','weekly',1,80,6,10),
(3030,1,5.00,5.00,0.00,0.00,0.00,0.00,0.00,'2025-12-08 10:13:29','weekly',1,80,6,38),
(3031,1,5.00,5.00,0.00,0.00,0.00,0.00,0.00,'2025-12-08 10:13:29','weekly',1,80,7,40),
(3032,1,5.00,5.00,0.00,0.00,0.00,0.00,0.00,'2025-12-08 10:13:29','weekly',1,80,8,24),
(3033,1,5.00,5.00,0.00,0.00,0.00,0.00,0.00,'2025-12-08 10:13:29','weekly',1,80,6,9),
(3034,1,5.00,5.00,0.00,0.00,0.00,0.00,0.00,'2025-12-08 10:13:29','weekly',1,80,7,13),
(3035,1,5.00,5.00,0.00,0.00,0.00,0.00,0.00,'2025-12-08 10:13:29','weekly',1,80,1,17),
(3036,1,5.00,5.00,0.00,0.00,0.00,0.00,0.00,'2025-12-08 10:13:29','weekly',1,80,6,36),
(3037,1,5.00,5.00,0.00,0.00,0.00,0.00,0.00,'2025-12-08 10:13:29','weekly',1,80,7,15),
(3038,1,5.00,5.00,0.00,0.00,0.00,0.00,0.00,'2025-12-08 10:13:29','weekly',1,80,4,4),
(3039,1,5.00,5.00,0.00,0.00,0.00,0.00,0.00,'2025-12-08 10:13:29','weekly',1,80,3,50),
(3040,1,5.00,5.00,0.00,0.00,0.00,0.00,0.00,'2025-12-08 10:13:29','weekly',1,80,4,33),
(3041,1,5.00,5.00,0.00,0.00,0.00,0.00,0.00,'2025-12-08 10:13:29','weekly',1,80,9,26),
(3042,1,5.00,5.00,0.00,0.00,0.00,0.00,0.00,'2025-12-08 10:13:29','weekly',1,80,4,6),
(3043,1,5.00,5.00,0.00,0.00,0.00,0.00,0.00,'2025-12-08 10:13:29','weekly',1,80,6,7),
(3044,1,5.00,5.00,0.00,0.00,0.00,0.00,0.00,'2025-12-08 10:13:29','weekly',1,80,NULL,27),
(3045,1,5.00,5.00,0.00,0.00,0.00,0.00,0.00,'2025-12-08 10:13:29','weekly',1,80,1,18),
(3046,1,5.00,5.00,0.00,0.00,0.00,0.00,0.00,'2025-12-08 10:13:29','weekly',1,80,5,25),
(3047,1,5.00,5.00,0.00,0.00,0.00,0.00,0.00,'2025-12-08 10:13:29','weekly',1,80,1,16),
(3048,1,5.00,5.00,0.00,0.00,0.00,0.00,0.00,'2025-12-08 10:13:29','weekly',1,80,6,8),
(3049,1,5.00,5.00,0.00,0.00,0.00,0.00,0.00,'2025-12-08 10:13:29','weekly',1,80,4,28),
(3050,1,5.00,5.00,0.00,0.00,0.00,0.00,0.00,'2025-12-08 10:13:29','weekly',1,80,6,11),
(3051,1,5.00,5.00,0.00,0.00,0.00,0.00,0.00,'2025-12-08 10:13:29','weekly',1,80,4,5),
(3052,1,5.00,5.00,0.00,0.00,0.00,0.00,0.00,'2025-12-08 10:13:29','weekly',1,80,1,46),
(3053,1,5.00,5.00,0.00,0.00,0.00,0.00,0.00,'2025-12-08 10:13:29','weekly',1,80,4,32),
(3054,1,5.00,5.00,0.00,0.00,0.00,0.00,0.00,'2025-12-08 10:13:29','weekly',1,80,7,42),
(3055,1,5.00,5.00,0.00,0.00,0.00,0.00,0.00,'2025-12-08 10:13:29','weekly',1,80,6,35),
(3056,1,5.00,5.00,0.00,0.00,0.00,0.00,0.00,'2025-12-08 10:13:29','weekly',1,80,7,41),
(3057,1,5.00,5.00,0.00,0.00,0.00,0.00,0.00,'2025-12-08 10:13:29','weekly',1,80,1,19),
(3058,1,5.00,5.00,0.00,0.00,0.00,0.00,0.00,'2025-12-08 10:13:29','weekly',1,80,10,49),
(3059,1,5.00,5.00,0.00,0.00,0.00,0.00,0.00,'2025-12-08 10:13:29','weekly',1,80,7,39),
(3060,1,5.00,5.00,0.00,0.00,0.00,0.00,0.00,'2025-12-08 10:13:29','weekly',1,80,4,1),
(3061,1,5.00,5.00,0.00,0.00,0.00,0.00,0.00,'2025-12-08 10:13:29','weekly',1,80,6,37),
(3062,1,5.00,5.00,0.00,0.00,0.00,0.00,0.00,'2025-12-08 10:13:29','weekly',1,80,6,34),
(3063,1,5.00,5.00,0.00,0.00,0.00,0.00,0.00,'2025-12-08 10:13:29','weekly',1,80,4,3),
(3064,1,5.00,5.00,0.00,0.00,0.00,0.00,0.00,'2025-12-08 10:13:29','weekly',1,80,10,22),
(3065,1,5.00,5.00,0.00,0.00,0.00,0.00,0.00,'2025-12-08 10:13:29','weekly',1,80,7,14),
(3066,1,5.00,5.00,0.00,0.00,0.00,0.00,0.00,'2025-12-08 10:13:29','weekly',1,80,7,12),
(3067,1,5.00,5.00,0.00,0.00,0.00,0.00,0.00,'2025-12-08 10:13:29','weekly',1,80,9,52),
(3068,1,5.00,5.00,0.00,0.00,0.00,0.00,0.00,'2025-12-08 10:13:29','weekly',1,80,1,45),
(3069,1,5.00,5.00,0.00,0.00,0.00,0.00,0.00,'2025-12-08 10:13:29','weekly',1,81,1,44),
(3070,1,5.00,5.00,0.00,0.00,0.00,0.00,0.00,'2025-12-08 10:13:29','weekly',1,81,2,21),
(3071,1,5.00,5.00,0.00,0.00,0.00,0.00,0.00,'2025-12-08 10:13:29','weekly',1,81,2,20),
(3072,1,5.00,5.00,0.00,0.00,0.00,0.00,0.00,'2025-12-08 10:13:29','weekly',1,81,3,48),
(3073,1,5.00,5.00,0.00,0.00,0.00,0.00,0.00,'2025-12-08 10:13:29','weekly',1,81,4,2),
(3074,1,5.00,5.00,0.00,0.00,0.00,0.00,0.00,'2025-12-08 10:13:29','weekly',1,81,1,43),
(3075,1,5.00,5.00,0.00,0.00,0.00,0.00,0.00,'2025-12-08 10:13:29','weekly',1,81,4,31),
(3076,1,5.00,5.00,0.00,0.00,0.00,0.00,0.00,'2025-12-08 10:13:29','weekly',1,81,4,30),
(3077,1,5.00,5.00,0.00,0.00,0.00,0.00,0.00,'2025-12-08 10:13:29','weekly',1,81,4,29),
(3078,1,5.00,5.00,0.00,0.00,0.00,0.00,0.00,'2025-12-08 10:13:29','weekly',1,81,5,51),
(3079,1,5.00,5.00,0.00,0.00,0.00,0.00,0.00,'2025-12-08 10:13:29','weekly',1,81,2,47),
(3080,1,5.00,5.00,0.00,0.00,0.00,0.00,0.00,'2025-12-08 10:13:29','weekly',1,81,3,23),
(3081,1,5.00,5.00,0.00,0.00,0.00,0.00,0.00,'2025-12-08 10:13:29','weekly',1,81,6,10),
(3082,1,5.00,5.00,0.00,0.00,0.00,0.00,0.00,'2025-12-08 10:13:29','weekly',1,81,6,38),
(3083,1,5.00,5.00,0.00,0.00,0.00,0.00,0.00,'2025-12-08 10:13:29','weekly',1,81,7,40),
(3084,1,5.00,5.00,0.00,0.00,0.00,0.00,0.00,'2025-12-08 10:13:29','weekly',1,81,8,24),
(3085,1,5.00,5.00,0.00,0.00,0.00,0.00,0.00,'2025-12-08 10:13:29','weekly',1,81,6,9),
(3086,1,5.00,5.00,0.00,0.00,0.00,0.00,0.00,'2025-12-08 10:13:29','weekly',1,81,7,13),
(3087,1,5.00,5.00,0.00,0.00,0.00,0.00,0.00,'2025-12-08 10:13:29','weekly',1,81,1,17),
(3088,1,5.00,5.00,0.00,0.00,0.00,0.00,0.00,'2025-12-08 10:13:29','weekly',1,81,6,36),
(3089,1,5.00,5.00,0.00,0.00,0.00,0.00,0.00,'2025-12-08 10:13:29','weekly',1,81,7,15),
(3090,1,5.00,5.00,0.00,0.00,0.00,0.00,0.00,'2025-12-08 10:13:29','weekly',1,81,4,4),
(3091,1,5.00,5.00,0.00,0.00,0.00,0.00,0.00,'2025-12-08 10:13:29','weekly',1,81,3,50),
(3092,1,5.00,5.00,0.00,0.00,0.00,0.00,0.00,'2025-12-08 10:13:29','weekly',1,81,4,33),
(3093,1,5.00,5.00,0.00,0.00,0.00,0.00,0.00,'2025-12-08 10:13:29','weekly',1,81,9,26),
(3094,1,5.00,5.00,0.00,0.00,0.00,0.00,0.00,'2025-12-08 10:13:29','weekly',1,81,4,6),
(3095,1,5.00,5.00,0.00,0.00,0.00,0.00,0.00,'2025-12-08 10:13:29','weekly',1,81,6,7),
(3096,1,5.00,5.00,0.00,0.00,0.00,0.00,0.00,'2025-12-08 10:13:29','weekly',1,81,NULL,27),
(3097,1,5.00,5.00,0.00,0.00,0.00,0.00,0.00,'2025-12-08 10:13:29','weekly',1,81,1,18),
(3098,1,5.00,5.00,0.00,0.00,0.00,0.00,0.00,'2025-12-08 10:13:29','weekly',1,81,5,25),
(3099,1,5.00,5.00,0.00,0.00,0.00,0.00,0.00,'2025-12-08 10:13:29','weekly',1,81,1,16),
(3100,1,5.00,5.00,0.00,0.00,0.00,0.00,0.00,'2025-12-08 10:13:29','weekly',1,81,6,8),
(3101,1,5.00,5.00,0.00,0.00,0.00,0.00,0.00,'2025-12-08 10:13:29','weekly',1,81,4,28),
(3102,1,5.00,5.00,0.00,0.00,0.00,0.00,0.00,'2025-12-08 10:13:29','weekly',1,81,6,11),
(3103,1,5.00,5.00,0.00,0.00,0.00,0.00,0.00,'2025-12-08 10:13:29','weekly',1,81,4,5),
(3104,1,5.00,5.00,0.00,0.00,0.00,0.00,0.00,'2025-12-08 10:13:29','weekly',1,81,1,46),
(3105,1,5.00,5.00,0.00,0.00,0.00,0.00,0.00,'2025-12-08 10:13:29','weekly',1,81,4,32),
(3106,1,5.00,5.00,0.00,0.00,0.00,0.00,0.00,'2025-12-08 10:13:29','weekly',1,81,7,42),
(3107,1,5.00,5.00,0.00,0.00,0.00,0.00,0.00,'2025-12-08 10:13:29','weekly',1,81,6,35),
(3108,1,5.00,5.00,0.00,0.00,0.00,0.00,0.00,'2025-12-08 10:13:29','weekly',1,81,7,41),
(3109,1,5.00,5.00,0.00,0.00,0.00,0.00,0.00,'2025-12-08 10:13:29','weekly',1,81,1,19),
(3110,1,5.00,5.00,0.00,0.00,0.00,0.00,0.00,'2025-12-08 10:13:29','weekly',1,81,10,49),
(3111,1,5.00,5.00,0.00,0.00,0.00,0.00,0.00,'2025-12-08 10:13:29','weekly',1,81,7,39),
(3112,1,5.00,5.00,0.00,0.00,0.00,0.00,0.00,'2025-12-08 10:13:29','weekly',1,81,4,1),
(3113,1,5.00,5.00,0.00,0.00,0.00,0.00,0.00,'2025-12-08 10:13:29','weekly',1,81,6,37),
(3114,1,5.00,5.00,0.00,0.00,0.00,0.00,0.00,'2025-12-08 10:13:29','weekly',1,81,6,34),
(3115,1,5.00,5.00,0.00,0.00,0.00,0.00,0.00,'2025-12-08 10:13:29','weekly',1,81,4,3),
(3116,1,5.00,5.00,0.00,0.00,0.00,0.00,0.00,'2025-12-08 10:13:29','weekly',1,81,10,22),
(3117,1,5.00,5.00,0.00,0.00,0.00,0.00,0.00,'2025-12-08 10:13:29','weekly',1,81,7,14),
(3118,1,5.00,5.00,0.00,0.00,0.00,0.00,0.00,'2025-12-08 10:13:29','weekly',1,81,7,12),
(3119,1,5.00,5.00,0.00,0.00,0.00,0.00,0.00,'2025-12-08 10:13:29','weekly',1,81,9,52),
(3120,1,5.00,5.00,0.00,0.00,0.00,0.00,0.00,'2025-12-08 10:13:29','weekly',1,81,1,45),
(3121,1,5.00,5.00,0.00,0.00,0.00,0.00,0.00,'2025-12-08 10:13:29','weekly',1,82,1,44),
(3122,1,5.00,5.00,0.00,0.00,0.00,0.00,0.00,'2025-12-08 10:13:29','weekly',1,82,2,21),
(3123,1,5.00,5.00,0.00,0.00,0.00,0.00,0.00,'2025-12-08 10:13:29','weekly',1,82,2,20),
(3124,1,5.00,5.00,0.00,0.00,0.00,0.00,0.00,'2025-12-08 10:13:29','weekly',1,82,3,48),
(3125,1,5.00,5.00,0.00,0.00,0.00,0.00,0.00,'2025-12-08 10:13:29','weekly',1,82,4,2),
(3126,1,5.00,5.00,0.00,0.00,0.00,0.00,0.00,'2025-12-08 10:13:29','weekly',1,82,1,43),
(3127,1,5.00,5.00,0.00,0.00,0.00,0.00,0.00,'2025-12-08 10:13:29','weekly',1,82,4,31),
(3128,1,5.00,5.00,0.00,0.00,0.00,0.00,0.00,'2025-12-08 10:13:29','weekly',1,82,4,30),
(3129,1,5.00,5.00,0.00,0.00,0.00,0.00,0.00,'2025-12-08 10:13:29','weekly',1,82,4,29),
(3130,1,5.00,5.00,0.00,0.00,0.00,0.00,0.00,'2025-12-08 10:13:29','weekly',1,82,5,51),
(3131,1,5.00,5.00,0.00,0.00,0.00,0.00,0.00,'2025-12-08 10:13:29','weekly',1,82,2,47),
(3132,1,5.00,5.00,0.00,0.00,0.00,0.00,0.00,'2025-12-08 10:13:29','weekly',1,82,3,23),
(3133,1,5.00,5.00,0.00,0.00,0.00,0.00,0.00,'2025-12-08 10:13:29','weekly',1,82,6,10),
(3134,1,5.00,5.00,0.00,0.00,0.00,0.00,0.00,'2025-12-08 10:13:29','weekly',1,82,6,38),
(3135,1,5.00,5.00,0.00,0.00,0.00,0.00,0.00,'2025-12-08 10:13:29','weekly',1,82,7,40),
(3136,1,5.00,5.00,0.00,0.00,0.00,0.00,0.00,'2025-12-08 10:13:29','weekly',1,82,8,24),
(3137,1,5.00,5.00,0.00,0.00,0.00,0.00,0.00,'2025-12-08 10:13:29','weekly',1,82,6,9),
(3138,1,5.00,5.00,0.00,0.00,0.00,0.00,0.00,'2025-12-08 10:13:29','weekly',1,82,7,13),
(3139,1,5.00,5.00,0.00,0.00,0.00,0.00,0.00,'2025-12-08 10:13:29','weekly',1,82,1,17),
(3140,1,5.00,5.00,0.00,0.00,0.00,0.00,0.00,'2025-12-08 10:13:29','weekly',1,82,6,36),
(3141,1,5.00,5.00,0.00,0.00,0.00,0.00,0.00,'2025-12-08 10:13:29','weekly',1,82,7,15),
(3142,1,5.00,5.00,0.00,0.00,0.00,0.00,0.00,'2025-12-08 10:13:29','weekly',1,82,4,4),
(3143,1,5.00,5.00,0.00,0.00,0.00,0.00,0.00,'2025-12-08 10:13:29','weekly',1,82,3,50),
(3144,1,5.00,5.00,0.00,0.00,0.00,0.00,0.00,'2025-12-08 10:13:29','weekly',1,82,4,33),
(3145,1,5.00,5.00,0.00,0.00,0.00,0.00,0.00,'2025-12-08 10:13:29','weekly',1,82,9,26),
(3146,1,5.00,5.00,0.00,0.00,0.00,0.00,0.00,'2025-12-08 10:13:29','weekly',1,82,4,6),
(3147,1,5.00,5.00,0.00,0.00,0.00,0.00,0.00,'2025-12-08 10:13:29','weekly',1,82,6,7),
(3148,1,5.00,5.00,0.00,0.00,0.00,0.00,0.00,'2025-12-08 10:13:29','weekly',1,82,NULL,27),
(3149,1,5.00,5.00,0.00,0.00,0.00,0.00,0.00,'2025-12-08 10:13:29','weekly',1,82,1,18),
(3150,1,5.00,5.00,0.00,0.00,0.00,0.00,0.00,'2025-12-08 10:13:29','weekly',1,82,5,25),
(3151,1,5.00,5.00,0.00,0.00,0.00,0.00,0.00,'2025-12-08 10:13:29','weekly',1,82,1,16),
(3152,1,5.00,5.00,0.00,0.00,0.00,0.00,0.00,'2025-12-08 10:13:29','weekly',1,82,6,8),
(3153,1,5.00,5.00,0.00,0.00,0.00,0.00,0.00,'2025-12-08 10:13:29','weekly',1,82,4,28),
(3154,1,5.00,5.00,0.00,0.00,0.00,0.00,0.00,'2025-12-08 10:13:29','weekly',1,82,6,11),
(3155,1,5.00,5.00,0.00,0.00,0.00,0.00,0.00,'2025-12-08 10:13:29','weekly',1,82,4,5),
(3156,1,5.00,5.00,0.00,0.00,0.00,0.00,0.00,'2025-12-08 10:13:29','weekly',1,82,1,46),
(3157,1,5.00,5.00,0.00,0.00,0.00,0.00,0.00,'2025-12-08 10:13:29','weekly',1,82,4,32),
(3158,1,5.00,5.00,0.00,0.00,0.00,0.00,0.00,'2025-12-08 10:13:29','weekly',1,82,7,42),
(3159,1,5.00,5.00,0.00,0.00,0.00,0.00,0.00,'2025-12-08 10:13:29','weekly',1,82,6,35),
(3160,1,5.00,5.00,0.00,0.00,0.00,0.00,0.00,'2025-12-08 10:13:29','weekly',1,82,7,41),
(3161,1,5.00,5.00,0.00,0.00,0.00,0.00,0.00,'2025-12-08 10:13:29','weekly',1,82,1,19),
(3162,1,5.00,5.00,0.00,0.00,0.00,0.00,0.00,'2025-12-08 10:13:29','weekly',1,82,10,49),
(3163,1,5.00,5.00,0.00,0.00,0.00,0.00,0.00,'2025-12-08 10:13:29','weekly',1,82,7,39),
(3164,1,5.00,5.00,0.00,0.00,0.00,0.00,0.00,'2025-12-08 10:13:29','weekly',1,82,4,1),
(3165,1,5.00,5.00,0.00,0.00,0.00,0.00,0.00,'2025-12-08 10:13:29','weekly',1,82,6,37),
(3166,1,5.00,5.00,0.00,0.00,0.00,0.00,0.00,'2025-12-08 10:13:29','weekly',1,82,6,34),
(3167,1,5.00,5.00,0.00,0.00,0.00,0.00,0.00,'2025-12-08 10:13:29','weekly',1,82,4,3),
(3168,1,5.00,5.00,0.00,0.00,0.00,0.00,0.00,'2025-12-08 10:13:29','weekly',1,82,10,22),
(3169,1,5.00,5.00,0.00,0.00,0.00,0.00,0.00,'2025-12-08 10:13:29','weekly',1,82,7,14),
(3170,1,5.00,5.00,0.00,0.00,0.00,0.00,0.00,'2025-12-08 10:13:29','weekly',1,82,7,12),
(3171,1,5.00,5.00,0.00,0.00,0.00,0.00,0.00,'2025-12-08 10:13:29','weekly',1,82,9,52),
(3172,1,5.00,5.00,0.00,0.00,0.00,0.00,0.00,'2025-12-08 10:13:29','weekly',1,82,1,45),
(3173,1,5.00,5.00,0.00,0.00,0.00,0.00,0.00,'2025-12-08 10:13:29','weekly',1,83,1,44),
(3174,1,5.00,5.00,0.00,0.00,0.00,0.00,0.00,'2025-12-08 10:13:29','weekly',1,83,2,21),
(3175,1,5.00,5.00,0.00,0.00,0.00,0.00,0.00,'2025-12-08 10:13:29','weekly',1,83,2,20),
(3176,1,5.00,5.00,0.00,0.00,0.00,0.00,0.00,'2025-12-08 10:13:29','weekly',1,83,3,48),
(3177,1,5.00,5.00,0.00,0.00,0.00,0.00,0.00,'2025-12-08 10:13:29','weekly',1,83,4,2),
(3178,1,5.00,5.00,0.00,0.00,0.00,0.00,0.00,'2025-12-08 10:13:29','weekly',1,83,1,43),
(3179,1,5.00,5.00,0.00,0.00,0.00,0.00,0.00,'2025-12-08 10:13:29','weekly',1,83,4,31),
(3180,1,5.00,5.00,0.00,0.00,0.00,0.00,0.00,'2025-12-08 10:13:29','weekly',1,83,4,30),
(3181,1,5.00,5.00,0.00,0.00,0.00,0.00,0.00,'2025-12-08 10:13:29','weekly',1,83,4,29),
(3182,1,5.00,5.00,0.00,0.00,0.00,0.00,0.00,'2025-12-08 10:13:29','weekly',1,83,5,51),
(3183,1,5.00,5.00,0.00,0.00,0.00,0.00,0.00,'2025-12-08 10:13:29','weekly',1,83,2,47),
(3184,1,5.00,5.00,0.00,0.00,0.00,0.00,0.00,'2025-12-08 10:13:29','weekly',1,83,3,23),
(3185,1,5.00,5.00,0.00,0.00,0.00,0.00,0.00,'2025-12-08 10:13:29','weekly',1,83,6,10),
(3186,1,5.00,5.00,0.00,0.00,0.00,0.00,0.00,'2025-12-08 10:13:29','weekly',1,83,6,38),
(3187,1,5.00,5.00,0.00,0.00,0.00,0.00,0.00,'2025-12-08 10:13:29','weekly',1,83,7,40),
(3188,1,5.00,5.00,0.00,0.00,0.00,0.00,0.00,'2025-12-08 10:13:29','weekly',1,83,8,24),
(3189,1,5.00,5.00,0.00,0.00,0.00,0.00,0.00,'2025-12-08 10:13:29','weekly',1,83,6,9),
(3190,1,5.00,5.00,0.00,0.00,0.00,0.00,0.00,'2025-12-08 10:13:29','weekly',1,83,7,13),
(3191,1,5.00,5.00,0.00,0.00,0.00,0.00,0.00,'2025-12-08 10:13:29','weekly',1,83,1,17),
(3192,1,5.00,5.00,0.00,0.00,0.00,0.00,0.00,'2025-12-08 10:13:29','weekly',1,83,6,36),
(3193,1,5.00,5.00,0.00,0.00,0.00,0.00,0.00,'2025-12-08 10:13:29','weekly',1,83,7,15),
(3194,1,5.00,5.00,0.00,0.00,0.00,0.00,0.00,'2025-12-08 10:13:29','weekly',1,83,4,4),
(3195,1,5.00,5.00,0.00,0.00,0.00,0.00,0.00,'2025-12-08 10:13:29','weekly',1,83,3,50),
(3196,1,5.00,5.00,0.00,0.00,0.00,0.00,0.00,'2025-12-08 10:13:29','weekly',1,83,4,33),
(3197,1,5.00,5.00,0.00,0.00,0.00,0.00,0.00,'2025-12-08 10:13:29','weekly',1,83,9,26),
(3198,1,5.00,5.00,0.00,0.00,0.00,0.00,0.00,'2025-12-08 10:13:29','weekly',1,83,4,6),
(3199,1,5.00,5.00,0.00,0.00,0.00,0.00,0.00,'2025-12-08 10:13:29','weekly',1,83,6,7),
(3200,1,5.00,5.00,0.00,0.00,0.00,0.00,0.00,'2025-12-08 10:13:29','weekly',1,83,NULL,27),
(3201,1,5.00,5.00,0.00,0.00,0.00,0.00,0.00,'2025-12-08 10:13:29','weekly',1,83,1,18),
(3202,1,5.00,5.00,0.00,0.00,0.00,0.00,0.00,'2025-12-08 10:13:29','weekly',1,83,5,25),
(3203,1,5.00,5.00,0.00,0.00,0.00,0.00,0.00,'2025-12-08 10:13:29','weekly',1,83,1,16),
(3204,1,5.00,5.00,0.00,0.00,0.00,0.00,0.00,'2025-12-08 10:13:29','weekly',1,83,6,8),
(3205,1,5.00,5.00,0.00,0.00,0.00,0.00,0.00,'2025-12-08 10:13:29','weekly',1,83,4,28),
(3206,1,5.00,5.00,0.00,0.00,0.00,0.00,0.00,'2025-12-08 10:13:29','weekly',1,83,6,11),
(3207,1,5.00,5.00,0.00,0.00,0.00,0.00,0.00,'2025-12-08 10:13:29','weekly',1,83,4,5),
(3208,1,5.00,5.00,0.00,0.00,0.00,0.00,0.00,'2025-12-08 10:13:29','weekly',1,83,1,46),
(3209,1,5.00,5.00,0.00,0.00,0.00,0.00,0.00,'2025-12-08 10:13:29','weekly',1,83,4,32),
(3210,1,5.00,5.00,0.00,0.00,0.00,0.00,0.00,'2025-12-08 10:13:29','weekly',1,83,7,42),
(3211,1,5.00,5.00,0.00,0.00,0.00,0.00,0.00,'2025-12-08 10:13:29','weekly',1,83,6,35),
(3212,1,5.00,5.00,0.00,0.00,0.00,0.00,0.00,'2025-12-08 10:13:29','weekly',1,83,7,41),
(3213,1,5.00,5.00,0.00,0.00,0.00,0.00,0.00,'2025-12-08 10:13:29','weekly',1,83,1,19),
(3214,1,5.00,5.00,0.00,0.00,0.00,0.00,0.00,'2025-12-08 10:13:29','weekly',1,83,10,49),
(3215,1,5.00,5.00,0.00,0.00,0.00,0.00,0.00,'2025-12-08 10:13:29','weekly',1,83,7,39),
(3216,1,5.00,5.00,0.00,0.00,0.00,0.00,0.00,'2025-12-08 10:13:29','weekly',1,83,4,1),
(3217,1,5.00,5.00,0.00,0.00,0.00,0.00,0.00,'2025-12-08 10:13:29','weekly',1,83,6,37),
(3218,1,5.00,5.00,0.00,0.00,0.00,0.00,0.00,'2025-12-08 10:13:29','weekly',1,83,6,34),
(3219,1,5.00,5.00,0.00,0.00,0.00,0.00,0.00,'2025-12-08 10:13:29','weekly',1,83,4,3),
(3220,1,5.00,5.00,0.00,0.00,0.00,0.00,0.00,'2025-12-08 10:13:29','weekly',1,83,10,22),
(3221,1,5.00,5.00,0.00,0.00,0.00,0.00,0.00,'2025-12-08 10:13:29','weekly',1,83,7,14),
(3222,1,5.00,5.00,0.00,0.00,0.00,0.00,0.00,'2025-12-08 10:13:29','weekly',1,83,7,12),
(3223,1,5.00,5.00,0.00,0.00,0.00,0.00,0.00,'2025-12-08 10:13:29','weekly',1,83,9,52),
(3224,1,5.00,5.00,0.00,0.00,0.00,0.00,0.00,'2025-12-08 10:13:29','weekly',1,83,1,45),
(3225,1,5.00,5.00,0.00,0.00,0.00,0.00,0.00,'2025-12-08 10:13:29','weekly',1,84,1,44),
(3226,1,5.00,5.00,0.00,0.00,0.00,0.00,0.00,'2025-12-08 10:13:29','weekly',1,84,2,21),
(3227,1,5.00,5.00,0.00,0.00,0.88,0.00,17.40,'2025-12-08 10:13:29','weekly',1,84,2,20),
(3228,1,5.00,5.00,0.00,0.00,0.00,0.00,0.00,'2025-12-08 10:13:29','weekly',1,84,3,48),
(3229,1,5.00,5.00,0.00,0.00,0.75,0.00,15.00,'2025-12-08 10:13:29','weekly',1,84,4,2),
(3230,1,5.00,5.00,0.00,0.00,0.00,0.00,0.00,'2025-12-08 10:13:29','weekly',1,84,1,43),
(3231,1,5.00,5.00,0.00,0.00,0.00,0.00,0.00,'2025-12-08 10:13:29','weekly',1,84,4,31),
(3232,1,5.00,5.00,0.00,0.00,0.00,0.00,0.00,'2025-12-08 10:13:29','weekly',1,84,4,30),
(3233,1,5.00,5.00,0.00,0.00,0.00,0.00,0.00,'2025-12-08 10:13:29','weekly',1,84,4,29),
(3234,1,5.00,5.00,0.00,0.00,0.00,0.00,0.00,'2025-12-08 10:13:29','weekly',1,84,5,51),
(3235,1,5.00,5.00,0.00,0.00,0.00,0.00,0.00,'2025-12-08 10:13:29','weekly',1,84,2,47),
(3236,1,5.00,5.00,0.00,0.00,0.00,0.00,0.00,'2025-12-08 10:13:29','weekly',1,84,3,23),
(3237,1,5.00,5.00,0.00,0.00,0.00,0.00,0.00,'2025-12-08 10:13:29','weekly',1,84,6,10),
(3238,1,5.00,5.00,0.00,0.00,0.00,0.00,0.00,'2025-12-08 10:13:29','weekly',1,84,6,38),
(3239,1,5.00,5.00,0.00,0.00,0.00,0.00,0.00,'2025-12-08 10:13:29','weekly',1,84,7,40),
(3240,1,5.00,5.00,0.00,0.00,0.00,0.00,0.00,'2025-12-08 10:13:29','weekly',1,84,8,24),
(3241,1,5.00,5.00,0.00,0.00,0.00,0.00,0.00,'2025-12-08 10:13:29','weekly',1,84,6,9),
(3242,1,5.00,5.00,0.00,0.00,0.00,0.00,0.00,'2025-12-08 10:13:29','weekly',1,84,7,13),
(3243,1,5.00,5.00,0.00,0.00,2.00,0.00,40.00,'2025-12-08 10:13:29','weekly',1,84,1,17),
(3244,1,5.00,5.00,0.00,0.00,0.00,0.00,0.00,'2025-12-08 10:13:29','weekly',1,84,6,36),
(3245,1,5.00,5.00,0.00,0.00,0.00,0.00,0.00,'2025-12-08 10:13:29','weekly',1,84,7,15),
(3246,1,5.00,5.00,0.00,0.00,1.00,0.00,20.00,'2025-12-08 10:13:29','weekly',1,84,4,4),
(3247,1,5.00,5.00,0.00,0.00,0.00,0.00,0.00,'2025-12-08 10:13:29','weekly',1,84,3,50),
(3248,1,5.00,5.00,0.00,0.00,0.00,0.00,0.00,'2025-12-08 10:13:29','weekly',1,84,4,33),
(3249,1,5.00,5.00,0.00,0.00,0.00,0.00,0.00,'2025-12-08 10:13:29','weekly',1,84,9,26),
(3250,1,5.00,5.00,0.00,0.00,0.00,0.00,0.00,'2025-12-08 10:13:29','weekly',1,84,4,6),
(3251,1,5.00,5.00,0.00,0.00,0.00,0.00,0.00,'2025-12-08 10:13:29','weekly',1,84,6,7),
(3252,1,5.00,5.00,0.00,0.00,0.00,0.00,0.00,'2025-12-08 10:13:29','weekly',1,84,NULL,27),
(3253,1,5.00,5.00,0.00,0.00,0.88,0.00,17.40,'2025-12-08 10:13:29','weekly',1,84,1,18),
(3254,1,5.00,5.00,0.00,0.00,0.00,0.00,0.00,'2025-12-08 10:13:29','weekly',1,84,5,25),
(3255,1,5.00,5.00,0.00,0.00,0.00,0.00,0.00,'2025-12-08 10:13:29','weekly',1,84,1,16),
(3256,1,5.00,5.00,0.00,0.00,2.00,0.00,40.00,'2025-12-08 10:13:29','weekly',1,84,6,8),
(3257,1,5.00,5.00,0.00,0.00,0.00,0.00,0.00,'2025-12-08 10:13:29','weekly',1,84,4,28),
(3258,1,5.00,5.00,0.00,0.00,0.00,0.00,0.00,'2025-12-08 10:13:29','weekly',1,84,6,11),
(3259,1,5.00,5.00,0.00,0.00,0.00,0.00,0.00,'2025-12-08 10:13:29','weekly',1,84,4,5),
(3260,1,5.00,5.00,0.00,0.00,0.00,0.00,0.00,'2025-12-08 10:13:29','weekly',1,84,1,46),
(3261,1,5.00,5.00,0.00,0.00,0.00,0.00,0.00,'2025-12-08 10:13:29','weekly',1,84,4,32),
(3262,1,5.00,5.00,0.00,0.00,0.00,0.00,0.00,'2025-12-08 10:13:29','weekly',1,84,7,42),
(3263,1,5.00,5.00,0.00,0.00,0.00,0.00,0.00,'2025-12-08 10:13:29','weekly',1,84,6,35),
(3264,1,5.00,5.00,0.00,0.00,0.00,0.00,0.00,'2025-12-08 10:13:29','weekly',1,84,7,41),
(3265,1,5.00,5.00,0.00,0.00,0.00,0.00,0.00,'2025-12-08 10:13:29','weekly',1,84,1,19),
(3266,1,5.00,5.00,0.00,0.00,0.00,0.00,0.00,'2025-12-08 10:13:29','weekly',1,84,10,49),
(3267,1,5.00,5.00,0.00,0.00,0.00,0.00,0.00,'2025-12-08 10:13:29','weekly',1,84,7,39),
(3268,1,5.00,5.00,0.00,0.00,0.00,0.00,0.00,'2025-12-08 10:13:29','weekly',1,84,4,1),
(3269,1,5.00,5.00,0.00,0.00,0.00,0.00,0.00,'2025-12-08 10:13:29','weekly',1,84,6,37),
(3270,1,5.00,5.00,0.00,0.00,0.00,0.00,0.00,'2025-12-08 10:13:29','weekly',1,84,6,34),
(3271,1,5.00,5.00,0.00,0.00,0.00,0.00,0.00,'2025-12-08 10:13:29','weekly',1,84,4,3),
(3272,1,5.00,5.00,0.00,0.00,0.00,0.00,0.00,'2025-12-08 10:13:29','weekly',1,84,10,22),
(3273,1,5.00,5.00,0.00,0.00,1.88,0.00,37.40,'2025-12-08 10:13:29','weekly',1,84,7,14),
(3274,1,5.00,5.00,0.00,0.00,2.00,0.00,40.00,'2025-12-08 10:13:29','weekly',1,84,7,12),
(3275,1,5.00,5.00,0.00,0.00,0.00,0.00,0.00,'2025-12-08 10:13:29','weekly',1,84,9,52),
(3276,1,5.00,5.00,0.00,0.00,0.00,0.00,0.00,'2025-12-08 10:13:29','weekly',1,84,1,45),
(3277,1,5.00,5.00,0.00,0.00,4.38,0.00,87.40,'2025-12-08 10:13:29','weekly',1,85,1,44),
(3278,1,5.00,5.00,0.00,0.00,6.13,0.00,122.40,'2025-12-08 10:13:29','weekly',1,85,2,21),
(3279,1,5.00,5.00,0.00,0.00,3.94,0.00,78.60,'2025-12-08 10:13:29','weekly',1,85,2,20),
(3280,1,5.00,5.00,0.00,0.00,6.83,0.00,136.40,'2025-12-08 10:13:29','weekly',1,85,3,48),
(3281,1,5.00,5.00,0.00,0.00,6.63,0.00,132.40,'2025-12-08 10:13:30','weekly',1,85,4,2),
(3282,1,5.00,5.00,0.00,0.00,0.00,0.00,0.00,'2025-12-08 10:13:30','weekly',1,85,1,43),
(3283,1,5.00,5.00,0.00,0.00,0.00,0.00,0.00,'2025-12-08 10:13:30','weekly',1,85,4,31),
(3284,1,5.00,5.00,0.00,0.00,0.00,0.00,0.00,'2025-12-08 10:13:30','weekly',1,85,4,30),
(3285,1,5.00,5.00,0.00,0.00,0.00,0.00,0.00,'2025-12-08 10:13:30','weekly',1,85,4,29),
(3286,1,5.00,5.00,0.00,0.00,3.50,0.00,70.00,'2025-12-08 10:13:30','weekly',1,85,5,51),
(3287,1,5.00,5.00,0.00,0.00,4.38,0.00,87.40,'2025-12-08 10:13:30','weekly',1,85,2,47),
(3288,1,5.00,5.00,0.00,0.00,0.00,0.00,0.00,'2025-12-08 10:13:30','weekly',1,85,3,23),
(3289,1,5.00,5.00,0.00,0.00,0.75,0.00,15.00,'2025-12-08 10:13:30','weekly',1,85,6,10),
(3290,1,5.00,5.00,0.00,0.00,3.50,0.00,70.00,'2025-12-08 10:13:30','weekly',1,85,6,38),
(3291,1,5.00,5.00,0.00,0.00,3.50,0.00,70.00,'2025-12-08 10:13:30','weekly',1,85,7,40),
(3292,1,5.00,5.00,0.00,0.00,3.50,0.00,70.00,'2025-12-08 10:13:30','weekly',1,85,8,24),
(3293,1,5.00,5.00,0.00,0.00,4.00,0.00,80.00,'2025-12-08 10:13:30','weekly',1,85,6,9),
(3294,1,5.00,5.00,0.00,0.00,1.50,0.00,30.00,'2025-12-08 10:13:30','weekly',1,85,7,13),
(3295,1,5.00,5.00,0.00,0.00,5.00,0.00,100.00,'2025-12-08 10:13:30','weekly',1,85,1,17),
(3296,1,5.00,5.00,0.00,0.00,0.00,0.00,0.00,'2025-12-08 10:13:30','weekly',1,85,6,36),
(3297,1,5.00,5.00,0.00,0.00,0.00,0.00,0.00,'2025-12-08 10:13:30','weekly',1,85,7,15),
(3298,1,5.00,5.00,0.00,0.00,3.00,0.00,60.00,'2025-12-08 10:13:30','weekly',1,85,4,4),
(3299,1,5.00,5.00,0.00,0.00,0.00,0.00,0.00,'2025-12-08 10:13:30','weekly',1,85,3,50),
(3300,1,5.00,5.00,0.00,0.00,0.00,0.00,0.00,'2025-12-08 10:13:30','weekly',1,85,4,33),
(3301,1,5.00,5.00,0.00,0.00,0.75,0.00,15.00,'2025-12-08 10:13:30','weekly',1,85,9,26),
(3302,1,5.00,5.00,0.00,0.00,0.00,0.00,0.00,'2025-12-08 10:13:30','weekly',1,85,4,6),
(3303,1,5.00,5.00,0.00,0.00,0.00,0.00,0.00,'2025-12-08 10:13:30','weekly',1,85,6,7),
(3304,1,5.00,5.00,0.00,0.00,0.00,0.00,0.00,'2025-12-08 10:13:30','weekly',1,85,NULL,27),
(3305,1,5.00,5.00,0.00,0.00,5.94,0.00,118.60,'2025-12-08 10:13:30','weekly',1,85,1,18),
(3306,1,5.00,5.00,0.00,0.00,0.00,0.00,0.00,'2025-12-08 10:13:30','weekly',1,85,5,25),
(3307,1,5.00,5.00,0.00,0.00,6.38,0.00,127.40,'2025-12-08 10:13:30','weekly',1,85,1,16),
(3308,1,5.00,5.00,0.00,0.00,4.50,0.00,90.00,'2025-12-08 10:13:30','weekly',1,85,6,8),
(3309,1,5.00,5.00,0.00,0.00,0.00,0.00,0.00,'2025-12-08 10:13:30','weekly',1,85,4,28),
(3310,1,5.00,5.00,0.00,0.00,0.00,0.00,0.00,'2025-12-08 10:13:30','weekly',1,85,6,11),
(3311,1,5.00,5.00,0.00,0.00,0.70,0.00,14.00,'2025-12-08 10:13:30','weekly',1,85,4,5),
(3312,1,5.00,5.00,0.00,0.00,0.00,0.00,0.00,'2025-12-08 10:13:30','weekly',1,85,1,46),
(3313,1,5.00,5.00,0.00,0.00,0.00,0.00,0.00,'2025-12-08 10:13:30','weekly',1,85,4,32),
(3314,1,5.00,5.00,0.00,0.00,0.00,0.00,0.00,'2025-12-08 10:13:30','weekly',1,85,7,42),
(3315,1,5.00,5.00,0.00,0.00,0.00,0.00,0.00,'2025-12-08 10:13:30','weekly',1,85,6,35),
(3316,1,5.00,5.00,0.00,0.00,0.00,0.00,0.00,'2025-12-08 10:13:30','weekly',1,85,7,41),
(3317,1,5.00,5.00,0.00,0.00,0.00,0.00,0.00,'2025-12-08 10:13:30','weekly',1,85,1,19),
(3318,1,5.00,5.00,0.00,0.00,0.00,0.00,0.00,'2025-12-08 10:13:30','weekly',1,85,10,49),
(3319,1,5.00,5.00,0.00,0.00,0.00,0.00,0.00,'2025-12-08 10:13:30','weekly',1,85,7,39),
(3320,1,5.00,5.00,0.00,0.00,3.25,0.00,65.00,'2025-12-08 10:13:30','weekly',1,85,4,1),
(3321,1,5.00,5.00,0.00,0.00,0.00,0.00,0.00,'2025-12-08 10:13:30','weekly',1,85,6,37),
(3322,1,5.00,5.00,0.00,0.00,0.00,0.00,0.00,'2025-12-08 10:13:30','weekly',1,85,6,34),
(3323,1,5.00,5.00,0.00,0.00,0.00,0.00,0.00,'2025-12-08 10:13:30','weekly',1,85,4,3),
(3324,1,5.00,5.00,0.00,0.00,0.00,0.00,0.00,'2025-12-08 10:13:30','weekly',1,85,10,22),
(3325,1,5.00,5.00,0.00,0.00,9.13,0.00,182.40,'2025-12-08 10:13:30','weekly',1,85,7,14),
(3326,1,5.00,5.00,0.00,0.00,5.00,0.00,100.00,'2025-12-08 10:13:30','weekly',1,85,7,12),
(3327,1,5.00,5.00,0.00,0.00,1.75,0.00,35.00,'2025-12-08 10:13:30','weekly',1,85,9,52),
(3328,1,5.00,5.00,0.00,0.00,0.00,0.00,0.00,'2025-12-08 10:13:30','weekly',1,85,1,45),
(3329,1,5.00,5.00,0.00,0.00,7.44,0.00,148.60,'2025-12-08 10:13:30','weekly',1,86,1,44),
(3330,1,5.00,5.00,0.00,0.00,2.88,0.00,57.40,'2025-12-08 10:13:30','weekly',1,86,2,21),
(3331,1,5.00,5.00,0.00,0.00,5.69,0.00,113.60,'2025-12-08 10:13:30','weekly',1,86,2,20),
(3332,1,5.00,5.00,0.00,0.00,1.95,0.00,39.00,'2025-12-08 10:13:30','weekly',1,86,3,48),
(3333,1,5.00,5.00,0.00,0.00,11.75,0.00,235.00,'2025-12-08 10:13:30','weekly',1,86,4,2),
(3334,1,5.00,5.00,0.00,0.00,0.00,0.00,0.00,'2025-12-08 10:13:30','weekly',1,86,1,43),
(3335,1,5.00,5.00,0.00,0.00,0.00,0.00,0.00,'2025-12-08 10:13:30','weekly',1,86,4,31),
(3336,1,5.00,5.00,0.00,0.00,0.00,0.00,0.00,'2025-12-08 10:13:30','weekly',1,86,4,30),
(3337,1,5.00,5.00,0.00,0.00,0.00,0.00,0.00,'2025-12-08 10:13:30','weekly',1,86,4,29),
(3338,1,5.00,5.00,0.00,0.00,5.25,0.00,105.00,'2025-12-08 10:13:30','weekly',1,86,5,51),
(3339,1,5.00,5.00,0.00,0.00,10.94,0.00,218.60,'2025-12-08 10:13:30','weekly',1,86,2,47),
(3340,1,5.00,5.00,0.00,0.00,1.75,0.00,35.00,'2025-12-08 10:13:30','weekly',1,86,3,23),
(3341,1,5.00,5.00,0.00,0.00,3.13,0.00,62.40,'2025-12-08 10:13:30','weekly',1,86,6,10),
(3342,1,5.00,5.00,0.00,0.00,8.75,0.00,175.00,'2025-12-08 10:13:30','weekly',1,86,6,38),
(3343,1,5.00,5.00,0.00,0.00,8.75,0.00,175.00,'2025-12-08 10:13:30','weekly',1,86,7,40),
(3344,1,5.00,5.00,0.00,0.00,6.38,0.00,127.40,'2025-12-08 10:13:30','weekly',1,86,8,24),
(3345,1,5.00,5.00,0.00,0.00,2.50,0.00,50.00,'2025-12-08 10:13:30','weekly',1,86,6,9),
(3346,1,5.00,5.00,0.00,0.00,0.75,0.00,15.00,'2025-12-08 10:13:30','weekly',1,86,7,13),
(3347,1,5.00,5.00,0.00,0.00,3.63,0.00,72.40,'2025-12-08 10:13:30','weekly',1,86,1,17),
(3348,1,5.00,5.00,0.00,0.00,0.00,0.00,0.00,'2025-12-08 10:13:30','weekly',1,86,6,36),
(3349,1,5.00,5.00,0.00,0.00,2.00,0.00,40.00,'2025-12-08 10:13:30','weekly',1,86,7,15),
(3350,1,5.00,5.00,0.00,0.00,2.00,0.00,40.00,'2025-12-08 10:13:30','weekly',1,86,4,4),
(3351,1,5.00,5.00,0.00,0.00,0.00,0.00,0.00,'2025-12-08 10:13:30','weekly',1,86,3,50),
(3352,1,5.00,5.00,0.00,0.00,0.00,0.00,0.00,'2025-12-08 10:13:30','weekly',1,86,4,33),
(3353,1,5.00,5.00,0.00,0.00,5.50,0.00,110.00,'2025-12-08 10:13:30','weekly',1,86,9,26),
(3354,1,5.00,5.00,0.00,0.00,2.00,0.00,40.00,'2025-12-08 10:13:30','weekly',1,86,4,6),
(3355,1,5.00,5.00,0.00,0.00,2.00,0.00,40.00,'2025-12-08 10:13:30','weekly',1,86,6,7),
(3356,1,5.00,5.00,0.00,0.00,0.00,0.00,0.00,'2025-12-08 10:13:30','weekly',1,86,NULL,27),
(3357,1,5.00,5.00,0.00,0.00,5.44,0.00,108.60,'2025-12-08 10:13:30','weekly',1,86,1,18),
(3358,1,5.00,5.00,0.00,0.00,2.00,0.00,40.00,'2025-12-08 10:13:30','weekly',1,86,5,25),
(3359,1,5.00,5.00,0.00,0.00,8.38,0.00,167.40,'2025-12-08 10:13:30','weekly',1,86,1,16),
(3360,1,5.00,5.00,0.00,0.00,3.75,0.00,75.00,'2025-12-08 10:13:30','weekly',1,86,6,8),
(3361,1,5.00,5.00,0.00,0.00,0.00,0.00,0.00,'2025-12-08 10:13:30','weekly',1,86,4,28),
(3362,1,5.00,5.00,0.00,0.00,5.00,0.00,100.00,'2025-12-08 10:13:30','weekly',1,86,6,11),
(3363,1,5.00,5.00,0.00,0.00,6.55,0.00,131.00,'2025-12-08 10:13:30','weekly',1,86,4,5),
(3364,1,5.00,5.00,0.00,0.00,0.00,0.00,0.00,'2025-12-08 10:13:30','weekly',1,86,1,46),
(3365,1,5.00,5.00,0.00,0.00,0.00,0.00,0.00,'2025-12-08 10:13:30','weekly',1,86,4,32),
(3366,1,5.00,5.00,0.00,0.00,0.00,0.00,0.00,'2025-12-08 10:13:30','weekly',1,86,7,42),
(3367,1,5.00,5.00,0.00,0.00,0.00,0.00,0.00,'2025-12-08 10:13:30','weekly',1,86,6,35),
(3368,1,5.00,5.00,0.00,0.00,0.00,0.00,0.00,'2025-12-08 10:13:30','weekly',1,86,7,41),
(3369,1,5.00,5.00,0.00,0.00,2.25,0.00,45.00,'2025-12-08 10:13:30','weekly',1,86,1,19),
(3370,1,5.00,5.00,0.00,0.00,0.00,0.00,0.00,'2025-12-08 10:13:30','weekly',1,86,10,49),
(3371,1,5.00,5.00,0.00,0.00,0.00,0.00,0.00,'2025-12-08 10:13:30','weekly',1,86,7,39),
(3372,1,5.00,5.00,0.00,0.00,6.00,0.00,120.00,'2025-12-08 10:13:30','weekly',1,86,4,1),
(3373,1,5.00,5.00,0.00,0.00,0.00,0.00,0.00,'2025-12-08 10:13:30','weekly',1,86,6,37),
(3374,1,5.00,5.00,0.00,0.00,0.00,0.00,0.00,'2025-12-08 10:13:30','weekly',1,86,6,34),
(3375,1,5.00,5.00,0.00,0.00,3.50,0.00,70.00,'2025-12-08 10:13:30','weekly',1,86,4,3),
(3376,1,5.00,5.00,0.00,0.00,9.50,0.00,190.00,'2025-12-08 10:13:30','weekly',1,86,10,22),
(3377,1,5.00,5.00,0.00,0.00,6.63,0.00,132.40,'2025-12-08 10:13:30','weekly',1,86,7,14),
(3378,1,5.00,5.00,0.00,0.00,5.00,0.00,100.00,'2025-12-08 10:13:30','weekly',1,86,7,12),
(3379,1,5.00,5.00,0.00,0.00,4.38,0.00,87.40,'2025-12-08 10:13:30','weekly',1,86,9,52),
(3380,1,5.00,5.00,0.00,0.00,0.00,0.00,0.00,'2025-12-08 10:13:30','weekly',1,86,1,45),
(3381,1,5.00,5.00,0.00,0.00,4.38,0.00,87.40,'2025-12-08 10:13:30','weekly',1,87,1,44),
(3382,1,5.00,5.00,0.00,0.00,4.50,0.00,90.00,'2025-12-08 10:13:30','weekly',1,87,2,21),
(3383,1,5.00,5.00,0.00,0.00,2.19,0.00,43.60,'2025-12-08 10:13:30','weekly',1,87,2,20),
(3384,1,5.00,5.00,0.00,0.00,0.00,0.00,0.00,'2025-12-08 10:13:30','weekly',1,87,3,48),
(3385,1,5.00,5.00,0.00,0.00,7.88,0.00,157.40,'2025-12-08 10:13:30','weekly',1,87,4,2),
(3386,1,5.00,5.00,0.00,0.00,0.00,0.00,0.00,'2025-12-08 10:13:30','weekly',1,87,1,43),
(3387,1,5.00,5.00,0.00,0.00,0.00,0.00,0.00,'2025-12-08 10:13:30','weekly',1,87,4,31),
(3388,1,5.00,5.00,0.00,0.00,0.00,0.00,0.00,'2025-12-08 10:13:30','weekly',1,87,4,30),
(3389,1,5.00,5.00,0.00,0.00,0.00,0.00,0.00,'2025-12-08 10:13:30','weekly',1,87,4,29),
(3390,1,5.00,5.00,0.00,0.00,4.38,0.00,87.40,'2025-12-08 10:13:30','weekly',1,87,5,51),
(3391,1,5.00,5.00,0.00,0.00,10.94,0.00,218.60,'2025-12-08 10:13:30','weekly',1,87,2,47),
(3392,1,5.00,5.00,0.00,0.00,4.63,0.00,92.40,'2025-12-08 10:13:30','weekly',1,87,3,23),
(3393,1,5.00,5.00,0.00,0.00,0.00,0.00,0.00,'2025-12-08 10:13:30','weekly',1,87,6,10),
(3394,1,5.00,5.00,0.00,0.00,5.25,0.00,105.00,'2025-12-08 10:13:30','weekly',1,87,6,38),
(3395,1,5.00,5.00,0.00,0.00,8.75,0.00,175.00,'2025-12-08 10:13:30','weekly',1,87,7,40),
(3396,1,5.00,5.00,0.00,0.00,7.50,0.00,150.00,'2025-12-08 10:13:30','weekly',1,87,8,24),
(3397,1,5.00,5.00,0.00,0.00,1.50,0.00,30.00,'2025-12-08 10:13:30','weekly',1,87,6,9),
(3398,1,5.00,5.00,0.00,0.00,0.00,0.00,0.00,'2025-12-08 10:13:30','weekly',1,87,7,13),
(3399,1,5.00,5.00,0.00,0.00,0.00,0.00,0.00,'2025-12-08 10:13:30','weekly',1,87,1,17),
(3400,1,5.00,5.00,0.00,0.00,0.00,0.00,0.00,'2025-12-08 10:13:30','weekly',1,87,6,36),
(3401,1,5.00,5.00,0.00,0.00,4.50,0.00,90.00,'2025-12-08 10:13:30','weekly',1,87,7,15),
(3402,1,5.00,5.00,0.00,0.00,5.00,0.00,100.00,'2025-12-08 10:13:30','weekly',1,87,4,4),
(3403,1,5.00,5.00,0.00,0.00,0.00,0.00,0.00,'2025-12-08 10:13:30','weekly',1,87,3,50),
(3404,1,5.00,5.00,0.00,0.00,0.00,0.00,0.00,'2025-12-08 10:13:30','weekly',1,87,4,33),
(3405,1,5.00,5.00,0.00,0.00,2.63,0.00,52.40,'2025-12-08 10:13:30','weekly',1,87,9,26),
(3406,1,5.00,5.00,0.00,0.00,1.00,0.00,20.00,'2025-12-08 10:13:30','weekly',1,87,4,6),
(3407,1,5.00,5.00,0.00,0.00,3.00,0.00,60.00,'2025-12-08 10:13:30','weekly',1,87,6,7),
(3408,1,5.00,5.00,0.00,0.00,0.00,0.00,0.00,'2025-12-08 10:13:30','weekly',1,87,NULL,27),
(3409,1,5.00,5.00,0.00,0.00,4.81,0.00,96.20,'2025-12-08 10:13:30','weekly',1,87,1,18),
(3410,1,5.00,5.00,0.00,0.00,4.00,0.00,80.00,'2025-12-08 10:13:30','weekly',1,87,5,25),
(3411,1,5.00,5.00,0.00,0.00,7.88,0.00,157.40,'2025-12-08 10:13:30','weekly',1,87,1,16),
(3412,1,5.00,5.00,0.00,0.00,0.00,0.00,0.00,'2025-12-08 10:13:30','weekly',1,87,6,8),
(3413,1,5.00,5.00,0.00,0.00,0.00,0.00,0.00,'2025-12-08 10:13:30','weekly',1,87,4,28),
(3414,1,5.00,5.00,0.00,0.00,3.75,0.00,75.00,'2025-12-08 10:13:30','weekly',1,87,6,11),
(3415,1,5.00,5.00,0.00,0.00,3.00,0.00,60.00,'2025-12-08 10:13:30','weekly',1,87,4,5),
(3416,1,5.00,5.00,0.00,0.00,0.00,0.00,0.00,'2025-12-08 10:13:30','weekly',1,87,1,46),
(3417,1,5.00,5.00,0.00,0.00,0.00,0.00,0.00,'2025-12-08 10:13:30','weekly',1,87,4,32),
(3418,1,5.00,5.00,0.00,0.00,0.00,0.00,0.00,'2025-12-08 10:13:30','weekly',1,87,7,42),
(3419,1,5.00,5.00,0.00,0.00,0.00,0.00,0.00,'2025-12-08 10:13:30','weekly',1,87,6,35),
(3420,1,5.00,5.00,0.00,0.00,0.00,0.00,0.00,'2025-12-08 10:13:30','weekly',1,87,7,41),
(3421,1,5.00,5.00,0.00,0.00,1.50,0.00,30.00,'2025-12-08 10:13:30','weekly',1,87,1,19),
(3422,1,5.00,5.00,0.00,0.00,0.00,0.00,0.00,'2025-12-08 10:13:30','weekly',1,87,10,49),
(3423,1,5.00,5.00,0.00,0.00,0.00,0.00,0.00,'2025-12-08 10:13:30','weekly',1,87,7,39),
(3424,1,5.00,5.00,0.00,0.00,3.00,0.00,60.00,'2025-12-08 10:13:30','weekly',1,87,4,1),
(3425,1,5.00,5.00,0.00,0.00,0.00,0.00,0.00,'2025-12-08 10:13:30','weekly',1,87,6,37),
(3426,1,5.00,5.00,0.00,0.00,0.00,0.00,0.00,'2025-12-08 10:13:30','weekly',1,87,6,34),
(3427,1,5.00,5.00,0.00,0.00,8.50,0.00,170.00,'2025-12-08 10:13:30','weekly',1,87,4,3),
(3428,1,5.00,5.00,0.00,0.00,12.00,0.00,240.00,'2025-12-08 10:13:30','weekly',1,87,10,22),
(3429,1,5.00,5.00,0.00,0.00,3.00,0.00,60.00,'2025-12-08 10:13:30','weekly',1,87,7,14),
(3430,1,5.00,5.00,0.00,0.00,3.00,0.00,60.00,'2025-12-08 10:13:30','weekly',1,87,7,12),
(3431,1,5.00,5.00,0.00,0.00,4.38,0.00,87.40,'2025-12-08 10:13:30','weekly',1,87,9,52),
(3432,1,5.00,5.00,0.00,0.00,0.00,0.00,0.00,'2025-12-08 10:13:30','weekly',1,87,1,45),
(3433,1,5.00,5.00,0.00,0.00,4.38,0.00,87.40,'2025-12-08 10:13:30','weekly',1,88,1,44),
(3434,1,5.00,5.00,0.00,0.00,3.75,0.00,75.00,'2025-12-08 10:13:30','weekly',1,88,2,21),
(3435,1,5.00,5.00,0.00,0.00,2.19,0.00,43.60,'2025-12-08 10:13:30','weekly',1,88,2,20),
(3436,1,5.00,5.00,0.00,0.00,0.00,0.00,0.00,'2025-12-08 10:13:30','weekly',1,88,3,48),
(3437,1,5.00,5.00,0.00,0.00,0.00,0.00,0.00,'2025-12-08 10:13:30','weekly',1,88,4,2),
(3438,1,5.00,5.00,0.00,0.00,0.00,0.00,0.00,'2025-12-08 10:13:30','weekly',1,88,1,43),
(3439,1,5.00,5.00,0.00,0.00,0.00,0.00,0.00,'2025-12-08 10:13:30','weekly',1,88,4,31),
(3440,1,5.00,5.00,0.00,0.00,0.00,0.00,0.00,'2025-12-08 10:13:30','weekly',1,88,4,30),
(3441,1,5.00,5.00,0.00,0.00,0.00,0.00,0.00,'2025-12-08 10:13:30','weekly',1,88,4,29),
(3442,1,5.00,5.00,0.00,0.00,0.00,0.00,0.00,'2025-12-08 10:13:30','weekly',1,88,5,51),
(3443,1,5.00,5.00,0.00,0.00,4.38,0.00,87.40,'2025-12-08 10:13:30','weekly',1,88,2,47),
(3444,1,5.00,5.00,0.00,0.00,3.00,0.00,60.00,'2025-12-08 10:13:30','weekly',1,88,3,23),
(3445,1,5.00,5.00,0.00,0.00,0.00,0.00,0.00,'2025-12-08 10:13:30','weekly',1,88,6,10),
(3446,1,5.00,5.00,0.00,0.00,4.38,0.00,87.40,'2025-12-08 10:13:30','weekly',1,88,6,38),
(3447,1,5.00,5.00,0.00,0.00,4.38,0.00,87.40,'2025-12-08 10:13:30','weekly',1,88,7,40),
(3448,1,5.00,5.00,0.00,0.00,5.88,0.00,117.40,'2025-12-08 10:13:30','weekly',1,88,8,24),
(3449,1,5.00,5.00,0.00,0.00,0.00,0.00,0.00,'2025-12-08 10:13:30','weekly',1,88,6,9),
(3450,1,5.00,5.00,0.00,0.00,0.00,0.00,0.00,'2025-12-08 10:13:30','weekly',1,88,7,13),
(3451,1,5.00,5.00,0.00,0.00,0.00,0.00,0.00,'2025-12-08 10:13:30','weekly',1,88,1,17),
(3452,1,5.00,5.00,0.00,0.00,0.00,0.00,0.00,'2025-12-08 10:13:30','weekly',1,88,6,36),
(3453,1,5.00,5.00,0.00,0.00,3.00,0.00,60.00,'2025-12-08 10:13:30','weekly',1,88,7,15),
(3454,1,5.00,5.00,0.00,0.00,1.00,0.00,20.00,'2025-12-08 10:13:30','weekly',1,88,4,4),
(3455,1,5.00,5.00,0.00,0.00,0.00,0.00,0.00,'2025-12-08 10:13:30','weekly',1,88,3,50),
(3456,1,5.00,5.00,0.00,0.00,0.00,0.00,0.00,'2025-12-08 10:13:30','weekly',1,88,4,33),
(3457,1,5.00,5.00,0.00,0.00,0.00,0.00,0.00,'2025-12-08 10:13:30','weekly',1,88,9,26),
(3458,1,5.00,5.00,0.00,0.00,0.00,0.00,0.00,'2025-12-08 10:13:30','weekly',1,88,4,6),
(3459,1,5.00,5.00,0.00,0.00,0.00,0.00,0.00,'2025-12-08 10:13:30','weekly',1,88,6,7),
(3460,1,5.00,5.00,0.00,0.00,0.00,0.00,0.00,'2025-12-08 10:13:30','weekly',1,88,NULL,27),
(3461,1,5.00,5.00,0.00,0.00,2.19,0.00,43.60,'2025-12-08 10:13:30','weekly',1,88,1,18),
(3462,1,5.00,5.00,0.00,0.00,3.00,0.00,60.00,'2025-12-08 10:13:30','weekly',1,88,5,25),
(3463,1,5.00,5.00,0.00,0.00,1.75,0.00,35.00,'2025-12-08 10:13:30','weekly',1,88,1,16),
(3464,1,5.00,5.00,0.00,0.00,0.00,0.00,0.00,'2025-12-08 10:13:30','weekly',1,88,6,8),
(3465,1,5.00,5.00,0.00,0.00,0.00,0.00,0.00,'2025-12-08 10:13:30','weekly',1,88,4,28),
(3466,1,5.00,5.00,0.00,0.00,2.25,0.00,45.00,'2025-12-08 10:13:30','weekly',1,88,6,11),
(3467,1,5.00,5.00,0.00,0.00,0.00,0.00,0.00,'2025-12-08 10:13:30','weekly',1,88,4,5),
(3468,1,5.00,5.00,0.00,0.00,0.00,0.00,0.00,'2025-12-08 10:13:30','weekly',1,88,1,46),
(3469,1,5.00,5.00,0.00,0.00,0.00,0.00,0.00,'2025-12-08 10:13:30','weekly',1,88,4,32),
(3470,1,5.00,5.00,0.00,0.00,0.00,0.00,0.00,'2025-12-08 10:13:30','weekly',1,88,7,42),
(3471,1,5.00,5.00,0.00,0.00,0.00,0.00,0.00,'2025-12-08 10:13:30','weekly',1,88,6,35),
(3472,1,5.00,5.00,0.00,0.00,0.00,0.00,0.00,'2025-12-08 10:13:30','weekly',1,88,7,41),
(3473,1,5.00,5.00,0.00,0.00,0.00,0.00,0.00,'2025-12-08 10:13:30','weekly',1,88,1,19),
(3474,1,5.00,5.00,0.00,0.00,0.00,0.00,0.00,'2025-12-08 10:13:30','weekly',1,88,10,49),
(3475,1,5.00,5.00,0.00,0.00,0.00,0.00,0.00,'2025-12-08 10:13:30','weekly',1,88,7,39),
(3476,1,5.00,5.00,0.00,0.00,0.00,0.00,0.00,'2025-12-08 10:13:30','weekly',1,88,4,1),
(3477,1,5.00,5.00,0.00,0.00,0.00,0.00,0.00,'2025-12-08 10:13:30','weekly',1,88,6,37),
(3478,1,5.00,5.00,0.00,0.00,0.00,0.00,0.00,'2025-12-08 10:13:30','weekly',1,88,6,34),
(3479,1,5.00,5.00,0.00,0.00,3.63,0.00,72.40,'2025-12-08 10:13:30','weekly',1,88,4,3),
(3480,1,5.00,5.00,0.00,0.00,2.75,0.00,55.00,'2025-12-08 10:13:30','weekly',1,88,10,22),
(3481,1,5.00,5.00,0.00,0.00,3.75,0.00,75.00,'2025-12-08 10:13:30','weekly',1,88,7,14),
(3482,1,5.00,5.00,0.00,0.00,0.00,0.00,0.00,'2025-12-08 10:13:30','weekly',1,88,7,12),
(3483,1,5.00,5.00,0.00,0.00,4.38,0.00,87.40,'2025-12-08 10:13:30','weekly',1,88,9,52),
(3484,1,5.00,5.00,0.00,0.00,0.00,0.00,0.00,'2025-12-08 10:13:30','weekly',1,88,1,45),
(3485,1,5.00,5.00,0.00,0.00,4.38,0.00,87.40,'2025-12-08 10:13:30','weekly',1,89,1,44),
(3486,1,5.00,5.00,0.00,0.00,0.00,0.00,0.00,'2025-12-08 10:13:30','weekly',1,89,2,21),
(3487,1,5.00,5.00,0.00,0.00,2.19,0.00,43.60,'2025-12-08 10:13:30','weekly',1,89,2,20),
(3488,1,5.00,5.00,0.00,0.00,0.00,0.00,0.00,'2025-12-08 10:13:30','weekly',1,89,3,48),
(3489,1,5.00,5.00,0.00,0.00,0.00,0.00,0.00,'2025-12-08 10:13:30','weekly',1,89,4,2),
(3490,1,5.00,5.00,0.00,0.00,0.00,0.00,0.00,'2025-12-08 10:13:30','weekly',1,89,1,43),
(3491,1,5.00,5.00,0.00,0.00,0.00,0.00,0.00,'2025-12-08 10:13:30','weekly',1,89,4,31),
(3492,1,5.00,5.00,0.00,0.00,0.00,0.00,0.00,'2025-12-08 10:13:30','weekly',1,89,4,30),
(3493,1,5.00,5.00,0.00,0.00,0.00,0.00,0.00,'2025-12-08 10:13:30','weekly',1,89,4,29),
(3494,1,5.00,5.00,0.00,0.00,0.00,0.00,0.00,'2025-12-08 10:13:30','weekly',1,89,5,51),
(3495,1,5.00,5.00,0.00,0.00,0.88,0.00,17.40,'2025-12-08 10:13:30','weekly',1,89,2,47),
(3496,1,5.00,5.00,0.00,0.00,0.00,0.00,0.00,'2025-12-08 10:13:30','weekly',1,89,3,23),
(3497,1,5.00,5.00,0.00,0.00,0.00,0.00,0.00,'2025-12-08 10:13:30','weekly',1,89,6,10),
(3498,1,5.00,5.00,0.00,0.00,4.38,0.00,87.40,'2025-12-08 10:13:30','weekly',1,89,6,38),
(3499,1,5.00,5.00,0.00,0.00,4.38,0.00,87.40,'2025-12-08 10:13:30','weekly',1,89,7,40),
(3500,1,5.00,5.00,0.00,0.00,1.00,0.00,20.00,'2025-12-08 10:13:30','weekly',1,89,8,24),
(3501,1,5.00,5.00,0.00,0.00,0.00,0.00,0.00,'2025-12-08 10:13:30','weekly',1,89,6,9),
(3502,1,5.00,5.00,0.00,0.00,0.00,0.00,0.00,'2025-12-08 10:13:30','weekly',1,89,7,13),
(3503,1,5.00,5.00,0.00,0.00,0.00,0.00,0.00,'2025-12-08 10:13:30','weekly',1,89,1,17),
(3504,1,5.00,5.00,0.00,0.00,0.00,0.00,0.00,'2025-12-08 10:13:30','weekly',1,89,6,36),
(3505,1,5.00,5.00,0.00,0.00,0.00,0.00,0.00,'2025-12-08 10:13:30','weekly',1,89,7,15),
(3506,1,5.00,5.00,0.00,0.00,0.00,0.00,0.00,'2025-12-08 10:13:30','weekly',1,89,4,4),
(3507,1,5.00,5.00,0.00,0.00,0.00,0.00,0.00,'2025-12-08 10:13:30','weekly',1,89,3,50),
(3508,1,5.00,5.00,0.00,0.00,0.00,0.00,0.00,'2025-12-08 10:13:30','weekly',1,89,4,33),
(3509,1,5.00,5.00,0.00,0.00,0.00,0.00,0.00,'2025-12-08 10:13:30','weekly',1,89,9,26),
(3510,1,5.00,5.00,0.00,0.00,0.00,0.00,0.00,'2025-12-08 10:13:30','weekly',1,89,4,6),
(3511,1,5.00,5.00,0.00,0.00,0.00,0.00,0.00,'2025-12-08 10:13:30','weekly',1,89,6,7),
(3512,1,5.00,5.00,0.00,0.00,0.00,0.00,0.00,'2025-12-08 10:13:30','weekly',1,89,NULL,27),
(3513,1,5.00,5.00,0.00,0.00,2.19,0.00,43.60,'2025-12-08 10:13:30','weekly',1,89,1,18),
(3514,1,5.00,5.00,0.00,0.00,0.00,0.00,0.00,'2025-12-08 10:13:30','weekly',1,89,5,25),
(3515,1,5.00,5.00,0.00,0.00,0.00,0.00,0.00,'2025-12-08 10:13:30','weekly',1,89,1,16),
(3516,1,5.00,5.00,0.00,0.00,0.00,0.00,0.00,'2025-12-08 10:13:30','weekly',1,89,6,8),
(3517,1,5.00,5.00,0.00,0.00,0.00,0.00,0.00,'2025-12-08 10:13:30','weekly',1,89,4,28),
(3518,1,5.00,5.00,0.00,0.00,0.00,0.00,0.00,'2025-12-08 10:13:30','weekly',1,89,6,11),
(3519,1,5.00,5.00,0.00,0.00,0.00,0.00,0.00,'2025-12-08 10:13:30','weekly',1,89,4,5),
(3520,1,5.00,5.00,0.00,0.00,0.00,0.00,0.00,'2025-12-08 10:13:30','weekly',1,89,1,46),
(3521,1,5.00,5.00,0.00,0.00,0.00,0.00,0.00,'2025-12-08 10:13:30','weekly',1,89,4,32),
(3522,1,5.00,5.00,0.00,0.00,0.00,0.00,0.00,'2025-12-08 10:13:30','weekly',1,89,7,42),
(3523,1,5.00,5.00,0.00,0.00,0.00,0.00,0.00,'2025-12-08 10:13:30','weekly',1,89,6,35),
(3524,1,5.00,5.00,0.00,0.00,0.00,0.00,0.00,'2025-12-08 10:13:30','weekly',1,89,7,41),
(3525,1,5.00,5.00,0.00,0.00,0.00,0.00,0.00,'2025-12-08 10:13:30','weekly',1,89,1,19),
(3526,1,5.00,5.00,0.00,0.00,0.00,0.00,0.00,'2025-12-08 10:13:30','weekly',1,89,10,49),
(3527,1,5.00,5.00,0.00,0.00,0.00,0.00,0.00,'2025-12-08 10:13:30','weekly',1,89,7,39),
(3528,1,5.00,5.00,0.00,0.00,0.00,0.00,0.00,'2025-12-08 10:13:30','weekly',1,89,4,1),
(3529,1,5.00,5.00,0.00,0.00,0.00,0.00,0.00,'2025-12-08 10:13:30','weekly',1,89,6,37),
(3530,1,5.00,5.00,0.00,0.00,0.00,0.00,0.00,'2025-12-08 10:13:30','weekly',1,89,6,34),
(3531,1,5.00,5.00,0.00,0.00,3.00,0.00,60.00,'2025-12-08 10:13:30','weekly',1,89,4,3),
(3532,1,5.00,5.00,0.00,0.00,0.00,0.00,0.00,'2025-12-08 10:13:30','weekly',1,89,10,22),
(3533,1,5.00,5.00,0.00,0.00,1.50,0.00,30.00,'2025-12-08 10:13:30','weekly',1,89,7,14),
(3534,1,5.00,5.00,0.00,0.00,0.00,0.00,0.00,'2025-12-08 10:13:30','weekly',1,89,7,12),
(3535,1,5.00,5.00,0.00,0.00,0.88,0.00,17.40,'2025-12-08 10:13:30','weekly',1,89,9,52),
(3536,1,5.00,5.00,0.00,0.00,0.00,0.00,0.00,'2025-12-08 10:13:30','weekly',1,89,1,45),
(4161,1,64.00,64.00,0.00,0.00,0.00,0.00,0.00,'2025-12-08 10:14:05','quarterly',1,26,1,44),
(4162,1,64.00,64.00,0.00,0.00,0.00,0.00,0.00,'2025-12-08 10:14:05','quarterly',1,26,2,21),
(4163,1,64.00,64.00,0.00,0.00,0.00,0.00,0.00,'2025-12-08 10:14:05','quarterly',1,26,2,20),
(4164,1,64.00,64.00,0.00,0.00,0.00,0.00,0.00,'2025-12-08 10:14:05','quarterly',1,26,3,48),
(4165,1,64.00,64.00,0.00,0.00,0.00,0.00,0.00,'2025-12-08 10:14:05','quarterly',1,26,4,2),
(4166,1,64.00,64.00,0.00,0.00,0.00,0.00,0.00,'2025-12-08 10:14:05','quarterly',1,26,1,43),
(4167,1,64.00,64.00,0.00,0.00,0.00,0.00,0.00,'2025-12-08 10:14:05','quarterly',1,26,4,31),
(4168,1,64.00,64.00,0.00,0.00,0.00,0.00,0.00,'2025-12-08 10:14:05','quarterly',1,26,4,30),
(4169,1,64.00,64.00,0.00,0.00,0.00,0.00,0.00,'2025-12-08 10:14:05','quarterly',1,26,4,29),
(4170,1,64.00,64.00,0.00,0.00,0.00,0.00,0.00,'2025-12-08 10:14:05','quarterly',1,26,5,51),
(4171,1,64.00,64.00,0.00,0.00,0.00,0.00,0.00,'2025-12-08 10:14:05','quarterly',1,26,2,47),
(4172,1,64.00,64.00,0.00,0.00,0.00,0.00,0.00,'2025-12-08 10:14:05','quarterly',1,26,3,23),
(4173,1,64.00,64.00,0.00,0.00,0.00,0.00,0.00,'2025-12-08 10:14:05','quarterly',1,26,6,10),
(4174,1,64.00,64.00,0.00,0.00,0.00,0.00,0.00,'2025-12-08 10:14:05','quarterly',1,26,6,38),
(4175,1,64.00,64.00,0.00,0.00,0.00,0.00,0.00,'2025-12-08 10:14:05','quarterly',1,26,7,40),
(4176,1,64.00,64.00,0.00,0.00,0.00,0.00,0.00,'2025-12-08 10:14:05','quarterly',1,26,8,24),
(4177,1,64.00,64.00,0.00,0.00,0.00,0.00,0.00,'2025-12-08 10:14:05','quarterly',1,26,6,9),
(4178,1,64.00,64.00,0.00,0.00,0.00,0.00,0.00,'2025-12-08 10:14:05','quarterly',1,26,7,13),
(4179,1,64.00,64.00,0.00,0.00,0.00,0.00,0.00,'2025-12-08 10:14:05','quarterly',1,26,1,17),
(4180,1,64.00,64.00,0.00,0.00,0.00,0.00,0.00,'2025-12-08 10:14:05','quarterly',1,26,6,36),
(4181,1,64.00,64.00,0.00,0.00,0.00,0.00,0.00,'2025-12-08 10:14:05','quarterly',1,26,7,15),
(4182,1,64.00,64.00,0.00,0.00,0.00,0.00,0.00,'2025-12-08 10:14:05','quarterly',1,26,4,4),
(4183,1,64.00,64.00,0.00,0.00,0.00,0.00,0.00,'2025-12-08 10:14:05','quarterly',1,26,3,50),
(4184,1,64.00,64.00,0.00,0.00,0.00,0.00,0.00,'2025-12-08 10:14:05','quarterly',1,26,4,33),
(4185,1,64.00,64.00,0.00,0.00,0.00,0.00,0.00,'2025-12-08 10:14:05','quarterly',1,26,9,26),
(4186,1,64.00,64.00,0.00,0.00,0.00,0.00,0.00,'2025-12-08 10:14:05','quarterly',1,26,4,6),
(4187,1,64.00,64.00,0.00,0.00,0.00,0.00,0.00,'2025-12-08 10:14:05','quarterly',1,26,6,7),
(4188,1,64.00,64.00,0.00,0.00,0.00,0.00,0.00,'2025-12-08 10:14:05','quarterly',1,26,NULL,27),
(4189,1,64.00,64.00,0.00,0.00,0.00,0.00,0.00,'2025-12-08 10:14:05','quarterly',1,26,1,18),
(4190,1,64.00,64.00,0.00,0.00,0.00,0.00,0.00,'2025-12-08 10:14:05','quarterly',1,26,5,25),
(4191,1,64.00,64.00,0.00,0.00,0.00,0.00,0.00,'2025-12-08 10:14:05','quarterly',1,26,1,16),
(4192,1,64.00,64.00,0.00,0.00,0.00,0.00,0.00,'2025-12-08 10:14:05','quarterly',1,26,6,8),
(4193,1,64.00,64.00,0.00,0.00,0.00,0.00,0.00,'2025-12-08 10:14:05','quarterly',1,26,4,28),
(4194,1,64.00,64.00,0.00,0.00,0.00,0.00,0.00,'2025-12-08 10:14:05','quarterly',1,26,6,11),
(4195,1,64.00,64.00,0.00,0.00,0.00,0.00,0.00,'2025-12-08 10:14:05','quarterly',1,26,4,5),
(4196,1,64.00,64.00,0.00,0.00,0.00,0.00,0.00,'2025-12-08 10:14:05','quarterly',1,26,1,46),
(4197,1,64.00,64.00,0.00,0.00,0.00,0.00,0.00,'2025-12-08 10:14:05','quarterly',1,26,4,32),
(4198,1,64.00,64.00,0.00,0.00,0.00,0.00,0.00,'2025-12-08 10:14:05','quarterly',1,26,7,42),
(4199,1,64.00,64.00,0.00,0.00,0.00,0.00,0.00,'2025-12-08 10:14:05','quarterly',1,26,6,35),
(4200,1,64.00,64.00,0.00,0.00,0.00,0.00,0.00,'2025-12-08 10:14:05','quarterly',1,26,7,41),
(4201,1,64.00,64.00,0.00,0.00,0.00,0.00,0.00,'2025-12-08 10:14:05','quarterly',1,26,1,19),
(4202,1,64.00,64.00,0.00,0.00,0.00,0.00,0.00,'2025-12-08 10:14:05','quarterly',1,26,10,49),
(4203,1,64.00,64.00,0.00,0.00,0.00,0.00,0.00,'2025-12-08 10:14:05','quarterly',1,26,7,39),
(4204,1,64.00,64.00,0.00,0.00,0.00,0.00,0.00,'2025-12-08 10:14:05','quarterly',1,26,4,1),
(4205,1,64.00,64.00,0.00,0.00,0.00,0.00,0.00,'2025-12-08 10:14:05','quarterly',1,26,6,37),
(4206,1,64.00,64.00,0.00,0.00,0.00,0.00,0.00,'2025-12-08 10:14:05','quarterly',1,26,6,34),
(4207,1,64.00,64.00,0.00,0.00,0.00,0.00,0.00,'2025-12-08 10:14:05','quarterly',1,26,4,3),
(4208,1,64.00,64.00,0.00,0.00,0.00,0.00,0.00,'2025-12-08 10:14:05','quarterly',1,26,10,22),
(4209,1,64.00,64.00,0.00,0.00,0.00,0.00,0.00,'2025-12-08 10:14:05','quarterly',1,26,7,14),
(4210,1,64.00,64.00,0.00,0.00,0.00,0.00,0.00,'2025-12-08 10:14:05','quarterly',1,26,7,12),
(4211,1,64.00,64.00,0.00,0.00,0.00,0.00,0.00,'2025-12-08 10:14:05','quarterly',1,26,9,52),
(4212,1,64.00,64.00,0.00,0.00,0.00,0.00,0.00,'2025-12-08 10:14:05','quarterly',1,26,1,45),
(4213,1,65.00,65.00,0.00,0.00,0.00,0.00,0.00,'2025-12-08 10:14:05','quarterly',1,29,1,44),
(4214,1,65.00,65.00,0.00,0.00,0.00,0.00,0.00,'2025-12-08 10:14:05','quarterly',1,29,2,21),
(4215,1,65.00,65.00,0.00,0.00,0.00,0.00,0.00,'2025-12-08 10:14:05','quarterly',1,29,2,20),
(4216,1,65.00,65.00,0.00,0.00,0.00,0.00,0.00,'2025-12-08 10:14:05','quarterly',1,29,3,48),
(4217,1,65.00,65.00,0.00,0.00,0.00,0.00,0.00,'2025-12-08 10:14:05','quarterly',1,29,4,2),
(4218,1,65.00,65.00,0.00,0.00,0.00,0.00,0.00,'2025-12-08 10:14:05','quarterly',1,29,1,43),
(4219,1,65.00,65.00,0.00,0.00,0.00,0.00,0.00,'2025-12-08 10:14:05','quarterly',1,29,4,31),
(4220,1,65.00,65.00,0.00,0.00,0.00,0.00,0.00,'2025-12-08 10:14:05','quarterly',1,29,4,30),
(4221,1,65.00,65.00,0.00,0.00,0.00,0.00,0.00,'2025-12-08 10:14:05','quarterly',1,29,4,29),
(4222,1,65.00,65.00,0.00,0.00,0.00,0.00,0.00,'2025-12-08 10:14:05','quarterly',1,29,5,51),
(4223,1,65.00,65.00,0.00,0.00,0.00,0.00,0.00,'2025-12-08 10:14:05','quarterly',1,29,2,47),
(4224,1,65.00,65.00,0.00,0.00,0.00,0.00,0.00,'2025-12-08 10:14:05','quarterly',1,29,3,23),
(4225,1,65.00,65.00,0.00,0.00,0.00,0.00,0.00,'2025-12-08 10:14:05','quarterly',1,29,6,10),
(4226,1,65.00,65.00,0.00,0.00,0.00,0.00,0.00,'2025-12-08 10:14:05','quarterly',1,29,6,38),
(4227,1,65.00,65.00,0.00,0.00,0.00,0.00,0.00,'2025-12-08 10:14:05','quarterly',1,29,7,40),
(4228,1,65.00,65.00,0.00,0.00,0.00,0.00,0.00,'2025-12-08 10:14:05','quarterly',1,29,8,24),
(4229,1,65.00,65.00,0.00,0.00,0.00,0.00,0.00,'2025-12-08 10:14:05','quarterly',1,29,6,9),
(4230,1,65.00,65.00,0.00,0.00,0.00,0.00,0.00,'2025-12-08 10:14:05','quarterly',1,29,7,13),
(4231,1,65.00,65.00,0.00,0.00,0.00,0.00,0.00,'2025-12-08 10:14:05','quarterly',1,29,1,17),
(4232,1,65.00,65.00,0.00,0.00,0.00,0.00,0.00,'2025-12-08 10:14:05','quarterly',1,29,6,36),
(4233,1,65.00,65.00,0.00,0.00,0.00,0.00,0.00,'2025-12-08 10:14:05','quarterly',1,29,7,15),
(4234,1,65.00,65.00,0.00,0.00,0.00,0.00,0.00,'2025-12-08 10:14:05','quarterly',1,29,4,4),
(4235,1,65.00,65.00,0.00,0.00,0.00,0.00,0.00,'2025-12-08 10:14:05','quarterly',1,29,3,50),
(4236,1,65.00,65.00,0.00,0.00,0.00,0.00,0.00,'2025-12-08 10:14:05','quarterly',1,29,4,33),
(4237,1,65.00,65.00,0.00,0.00,0.00,0.00,0.00,'2025-12-08 10:14:05','quarterly',1,29,9,26),
(4238,1,65.00,65.00,0.00,0.00,0.00,0.00,0.00,'2025-12-08 10:14:05','quarterly',1,29,4,6),
(4239,1,65.00,65.00,0.00,0.00,0.00,0.00,0.00,'2025-12-08 10:14:05','quarterly',1,29,6,7),
(4240,1,65.00,65.00,0.00,0.00,0.00,0.00,0.00,'2025-12-08 10:14:05','quarterly',1,29,NULL,27),
(4241,1,65.00,65.00,0.00,0.00,0.00,0.00,0.00,'2025-12-08 10:14:05','quarterly',1,29,1,18),
(4242,1,65.00,65.00,0.00,0.00,0.00,0.00,0.00,'2025-12-08 10:14:05','quarterly',1,29,5,25),
(4243,1,65.00,65.00,0.00,0.00,0.00,0.00,0.00,'2025-12-08 10:14:05','quarterly',1,29,1,16),
(4244,1,65.00,65.00,0.00,0.00,0.00,0.00,0.00,'2025-12-08 10:14:05','quarterly',1,29,6,8),
(4245,1,65.00,65.00,0.00,0.00,0.00,0.00,0.00,'2025-12-08 10:14:05','quarterly',1,29,4,28),
(4246,1,65.00,65.00,0.00,0.00,0.00,0.00,0.00,'2025-12-08 10:14:05','quarterly',1,29,6,11),
(4247,1,65.00,65.00,0.00,0.00,0.00,0.00,0.00,'2025-12-08 10:14:05','quarterly',1,29,4,5),
(4248,1,65.00,65.00,0.00,0.00,0.00,0.00,0.00,'2025-12-08 10:14:05','quarterly',1,29,1,46),
(4249,1,65.00,65.00,0.00,0.00,0.00,0.00,0.00,'2025-12-08 10:14:05','quarterly',1,29,4,32),
(4250,1,65.00,65.00,0.00,0.00,0.00,0.00,0.00,'2025-12-08 10:14:05','quarterly',1,29,7,42),
(4251,1,65.00,65.00,0.00,0.00,0.00,0.00,0.00,'2025-12-08 10:14:05','quarterly',1,29,6,35),
(4252,1,65.00,65.00,0.00,0.00,0.00,0.00,0.00,'2025-12-08 10:14:05','quarterly',1,29,7,41),
(4253,1,65.00,65.00,0.00,0.00,0.00,0.00,0.00,'2025-12-08 10:14:05','quarterly',1,29,1,19),
(4254,1,65.00,65.00,0.00,0.00,0.00,0.00,0.00,'2025-12-08 10:14:05','quarterly',1,29,10,49),
(4255,1,65.00,65.00,0.00,0.00,0.00,0.00,0.00,'2025-12-08 10:14:05','quarterly',1,29,7,39),
(4256,1,65.00,65.00,0.00,0.00,0.00,0.00,0.00,'2025-12-08 10:14:05','quarterly',1,29,4,1),
(4257,1,65.00,65.00,0.00,0.00,0.00,0.00,0.00,'2025-12-08 10:14:05','quarterly',1,29,6,37),
(4258,1,65.00,65.00,0.00,0.00,0.00,0.00,0.00,'2025-12-08 10:14:05','quarterly',1,29,6,34),
(4259,1,65.00,65.00,0.00,0.00,0.00,0.00,0.00,'2025-12-08 10:14:05','quarterly',1,29,4,3),
(4260,1,65.00,65.00,0.00,0.00,0.00,0.00,0.00,'2025-12-08 10:14:05','quarterly',1,29,10,22),
(4261,1,65.00,65.00,0.00,0.00,0.00,0.00,0.00,'2025-12-08 10:14:05','quarterly',1,29,7,14),
(4262,1,65.00,65.00,0.00,0.00,0.00,0.00,0.00,'2025-12-08 10:14:05','quarterly',1,29,7,12),
(4263,1,65.00,65.00,0.00,0.00,0.00,0.00,0.00,'2025-12-08 10:14:05','quarterly',1,29,9,52),
(4264,1,65.00,65.00,0.00,0.00,0.00,0.00,0.00,'2025-12-08 10:14:05','quarterly',1,29,1,45),
(4265,1,66.00,66.00,0.00,0.00,0.00,0.00,0.00,'2025-12-08 10:14:05','quarterly',1,32,1,44),
(4266,1,66.00,66.00,0.00,0.00,0.00,0.00,0.00,'2025-12-08 10:14:05','quarterly',1,32,2,21),
(4267,1,66.00,66.00,0.00,0.00,0.00,0.00,0.00,'2025-12-08 10:14:05','quarterly',1,32,2,20),
(4268,1,66.00,66.00,0.00,0.00,0.00,0.00,0.00,'2025-12-08 10:14:05','quarterly',1,32,3,48),
(4269,1,66.00,66.00,0.00,0.00,0.00,0.00,0.00,'2025-12-08 10:14:05','quarterly',1,32,4,2),
(4270,1,66.00,66.00,0.00,0.00,0.00,0.00,0.00,'2025-12-08 10:14:05','quarterly',1,32,1,43),
(4271,1,66.00,66.00,0.00,0.00,0.00,0.00,0.00,'2025-12-08 10:14:05','quarterly',1,32,4,31),
(4272,1,66.00,66.00,0.00,0.00,0.00,0.00,0.00,'2025-12-08 10:14:05','quarterly',1,32,4,30),
(4273,1,66.00,66.00,0.00,0.00,0.00,0.00,0.00,'2025-12-08 10:14:05','quarterly',1,32,4,29),
(4274,1,66.00,66.00,0.00,0.00,0.00,0.00,0.00,'2025-12-08 10:14:05','quarterly',1,32,5,51),
(4275,1,66.00,66.00,0.00,0.00,0.00,0.00,0.00,'2025-12-08 10:14:05','quarterly',1,32,2,47),
(4276,1,66.00,66.00,0.00,0.00,0.00,0.00,0.00,'2025-12-08 10:14:05','quarterly',1,32,3,23),
(4277,1,66.00,66.00,0.00,0.00,0.00,0.00,0.00,'2025-12-08 10:14:05','quarterly',1,32,6,10),
(4278,1,66.00,66.00,0.00,0.00,0.00,0.00,0.00,'2025-12-08 10:14:05','quarterly',1,32,6,38),
(4279,1,66.00,66.00,0.00,0.00,0.00,0.00,0.00,'2025-12-08 10:14:05','quarterly',1,32,7,40),
(4280,1,66.00,66.00,0.00,0.00,0.00,0.00,0.00,'2025-12-08 10:14:05','quarterly',1,32,8,24),
(4281,1,66.00,66.00,0.00,0.00,0.00,0.00,0.00,'2025-12-08 10:14:05','quarterly',1,32,6,9),
(4282,1,66.00,66.00,0.00,0.00,0.00,0.00,0.00,'2025-12-08 10:14:05','quarterly',1,32,7,13),
(4283,1,66.00,66.00,0.00,0.00,0.00,0.00,0.00,'2025-12-08 10:14:05','quarterly',1,32,1,17),
(4284,1,66.00,66.00,0.00,0.00,0.00,0.00,0.00,'2025-12-08 10:14:05','quarterly',1,32,6,36),
(4285,1,66.00,66.00,0.00,0.00,0.00,0.00,0.00,'2025-12-08 10:14:05','quarterly',1,32,7,15),
(4286,1,66.00,66.00,0.00,0.00,0.00,0.00,0.00,'2025-12-08 10:14:05','quarterly',1,32,4,4),
(4287,1,66.00,66.00,0.00,0.00,0.00,0.00,0.00,'2025-12-08 10:14:05','quarterly',1,32,3,50),
(4288,1,66.00,66.00,0.00,0.00,0.00,0.00,0.00,'2025-12-08 10:14:05','quarterly',1,32,4,33),
(4289,1,66.00,66.00,0.00,0.00,0.00,0.00,0.00,'2025-12-08 10:14:05','quarterly',1,32,9,26),
(4290,1,66.00,66.00,0.00,0.00,0.00,0.00,0.00,'2025-12-08 10:14:05','quarterly',1,32,4,6),
(4291,1,66.00,66.00,0.00,0.00,0.00,0.00,0.00,'2025-12-08 10:14:05','quarterly',1,32,6,7),
(4292,1,66.00,66.00,0.00,0.00,0.00,0.00,0.00,'2025-12-08 10:14:05','quarterly',1,32,NULL,27),
(4293,1,66.00,66.00,0.00,0.00,0.00,0.00,0.00,'2025-12-08 10:14:05','quarterly',1,32,1,18),
(4294,1,66.00,66.00,0.00,0.00,0.00,0.00,0.00,'2025-12-08 10:14:05','quarterly',1,32,5,25),
(4295,1,66.00,66.00,0.00,0.00,0.00,0.00,0.00,'2025-12-08 10:14:05','quarterly',1,32,1,16),
(4296,1,66.00,66.00,0.00,0.00,0.00,0.00,0.00,'2025-12-08 10:14:05','quarterly',1,32,6,8),
(4297,1,66.00,66.00,0.00,0.00,0.00,0.00,0.00,'2025-12-08 10:14:05','quarterly',1,32,4,28),
(4298,1,66.00,66.00,0.00,0.00,0.00,0.00,0.00,'2025-12-08 10:14:05','quarterly',1,32,6,11),
(4299,1,66.00,66.00,0.00,0.00,0.00,0.00,0.00,'2025-12-08 10:14:05','quarterly',1,32,4,5),
(4300,1,66.00,66.00,0.00,0.00,0.00,0.00,0.00,'2025-12-08 10:14:05','quarterly',1,32,1,46),
(4301,1,66.00,66.00,0.00,0.00,0.00,0.00,0.00,'2025-12-08 10:14:05','quarterly',1,32,4,32),
(4302,1,66.00,66.00,0.00,0.00,0.00,0.00,0.00,'2025-12-08 10:14:05','quarterly',1,32,7,42),
(4303,1,66.00,66.00,0.00,0.00,0.00,0.00,0.00,'2025-12-08 10:14:05','quarterly',1,32,6,35),
(4304,1,66.00,66.00,0.00,0.00,0.00,0.00,0.00,'2025-12-08 10:14:05','quarterly',1,32,7,41),
(4305,1,66.00,66.00,0.00,0.00,0.00,0.00,0.00,'2025-12-08 10:14:05','quarterly',1,32,1,19),
(4306,1,66.00,66.00,0.00,0.00,0.00,0.00,0.00,'2025-12-08 10:14:05','quarterly',1,32,10,49),
(4307,1,66.00,66.00,0.00,0.00,0.00,0.00,0.00,'2025-12-08 10:14:05','quarterly',1,32,7,39),
(4308,1,66.00,66.00,0.00,0.00,0.00,0.00,0.00,'2025-12-08 10:14:05','quarterly',1,32,4,1),
(4309,1,66.00,66.00,0.00,0.00,0.00,0.00,0.00,'2025-12-08 10:14:05','quarterly',1,32,6,37),
(4310,1,66.00,66.00,0.00,0.00,0.00,0.00,0.00,'2025-12-08 10:14:05','quarterly',1,32,6,34),
(4311,1,66.00,66.00,0.00,0.00,0.00,0.00,0.00,'2025-12-08 10:14:05','quarterly',1,32,4,3),
(4312,1,66.00,66.00,0.00,0.00,0.00,0.00,0.00,'2025-12-08 10:14:05','quarterly',1,32,10,22),
(4313,1,66.00,66.00,0.00,0.00,0.00,0.00,0.00,'2025-12-08 10:14:05','quarterly',1,32,7,14),
(4314,1,66.00,66.00,0.00,0.00,0.00,0.00,0.00,'2025-12-08 10:14:05','quarterly',1,32,7,12),
(4315,1,66.00,66.00,0.00,0.00,0.00,0.00,0.00,'2025-12-08 10:14:05','quarterly',1,32,9,52),
(4316,1,66.00,66.00,0.00,0.00,0.00,0.00,0.00,'2025-12-08 10:14:05','quarterly',1,32,1,45),
(4317,1,66.00,66.00,0.00,0.00,21.44,0.00,32.46,'2025-12-08 10:14:05','quarterly',1,35,1,44),
(4318,1,66.00,66.00,0.00,0.00,17.25,0.00,26.13,'2025-12-08 10:14:05','quarterly',1,35,2,21),
(4319,1,66.00,66.00,0.00,0.00,15.31,0.00,23.19,'2025-12-08 10:14:05','quarterly',1,35,2,20),
(4320,1,66.00,66.00,0.00,0.00,8.78,0.00,13.28,'2025-12-08 10:14:05','quarterly',1,35,3,48),
(4321,1,66.00,66.00,0.00,0.00,27.00,0.00,40.90,'2025-12-08 10:14:05','quarterly',1,35,4,2),
(4322,1,66.00,66.00,0.00,0.00,0.00,0.00,0.00,'2025-12-08 10:14:05','quarterly',1,35,1,43),
(4323,1,66.00,66.00,0.00,0.00,0.00,0.00,0.00,'2025-12-08 10:14:05','quarterly',1,35,4,31),
(4324,1,66.00,66.00,0.00,0.00,0.00,0.00,0.00,'2025-12-08 10:14:05','quarterly',1,35,4,30),
(4325,1,66.00,66.00,0.00,0.00,0.00,0.00,0.00,'2025-12-08 10:14:05','quarterly',1,35,4,29),
(4326,1,66.00,66.00,0.00,0.00,13.13,0.00,19.87,'2025-12-08 10:14:05','quarterly',1,35,5,51),
(4327,1,66.00,66.00,0.00,0.00,31.50,0.00,47.72,'2025-12-08 10:14:05','quarterly',1,35,2,47),
(4328,1,66.00,66.00,0.00,0.00,9.38,0.00,14.19,'2025-12-08 10:14:05','quarterly',1,35,3,23),
(4329,1,66.00,66.00,0.00,0.00,3.88,0.00,5.86,'2025-12-08 10:14:05','quarterly',1,35,6,10),
(4330,1,66.00,66.00,0.00,0.00,22.75,0.00,34.46,'2025-12-08 10:14:05','quarterly',1,35,6,38),
(4331,1,66.00,66.00,0.00,0.00,26.25,0.00,39.77,'2025-12-08 10:14:05','quarterly',1,35,7,40),
(4332,1,66.00,66.00,0.00,0.00,24.25,0.00,36.74,'2025-12-08 10:14:05','quarterly',1,35,8,24),
(4333,1,66.00,66.00,0.00,0.00,8.00,0.00,12.12,'2025-12-08 10:14:05','quarterly',1,35,6,9),
(4334,1,66.00,66.00,0.00,0.00,2.25,0.00,3.40,'2025-12-08 10:14:05','quarterly',1,35,7,13),
(4335,1,66.00,66.00,0.00,0.00,10.63,0.00,16.09,'2025-12-08 10:14:05','quarterly',1,35,1,17),
(4336,1,66.00,66.00,0.00,0.00,0.00,0.00,0.00,'2025-12-08 10:14:05','quarterly',1,35,6,36),
(4337,1,66.00,66.00,0.00,0.00,9.50,0.00,14.39,'2025-12-08 10:14:05','quarterly',1,35,7,15),
(4338,1,66.00,66.00,0.00,0.00,12.00,0.00,18.18,'2025-12-08 10:14:05','quarterly',1,35,4,4),
(4339,1,66.00,66.00,0.00,0.00,0.00,0.00,0.00,'2025-12-08 10:14:05','quarterly',1,35,3,50),
(4340,1,66.00,66.00,0.00,0.00,0.00,0.00,0.00,'2025-12-08 10:14:05','quarterly',1,35,4,33),
(4341,1,66.00,66.00,0.00,0.00,8.88,0.00,13.43,'2025-12-08 10:14:05','quarterly',1,35,9,26),
(4342,1,66.00,66.00,0.00,0.00,3.00,0.00,4.54,'2025-12-08 10:14:05','quarterly',1,35,4,6),
(4343,1,66.00,66.00,0.00,0.00,5.00,0.00,7.57,'2025-12-08 10:14:05','quarterly',1,35,6,7),
(4344,1,66.00,66.00,0.00,0.00,0.00,0.00,0.00,'2025-12-08 10:14:05','quarterly',1,35,NULL,27),
(4345,1,66.00,66.00,0.00,0.00,19.69,0.00,29.81,'2025-12-08 10:14:05','quarterly',1,35,1,18),
(4346,1,66.00,66.00,0.00,0.00,9.00,0.00,13.63,'2025-12-08 10:14:05','quarterly',1,35,5,25),
(4347,1,66.00,66.00,0.00,0.00,24.38,0.00,36.92,'2025-12-08 10:14:05','quarterly',1,35,1,16),
(4348,1,66.00,66.00,0.00,0.00,10.25,0.00,15.53,'2025-12-08 10:14:05','quarterly',1,35,6,8),
(4349,1,66.00,66.00,0.00,0.00,0.00,0.00,0.00,'2025-12-08 10:14:05','quarterly',1,35,4,28),
(4350,1,66.00,66.00,0.00,0.00,11.00,0.00,16.66,'2025-12-08 10:14:05','quarterly',1,35,6,11),
(4351,1,66.00,66.00,0.00,0.00,10.25,0.00,15.53,'2025-12-08 10:14:05','quarterly',1,35,4,5),
(4352,1,66.00,66.00,0.00,0.00,0.00,0.00,0.00,'2025-12-08 10:14:05','quarterly',1,35,1,46),
(4353,1,66.00,66.00,0.00,0.00,0.00,0.00,0.00,'2025-12-08 10:14:05','quarterly',1,35,4,32),
(4354,1,66.00,66.00,0.00,0.00,0.00,0.00,0.00,'2025-12-08 10:14:05','quarterly',1,35,7,42),
(4355,1,66.00,66.00,0.00,0.00,0.00,0.00,0.00,'2025-12-08 10:14:05','quarterly',1,35,6,35),
(4356,1,66.00,66.00,0.00,0.00,0.00,0.00,0.00,'2025-12-08 10:14:05','quarterly',1,35,7,41),
(4357,1,66.00,66.00,0.00,0.00,3.75,0.00,5.68,'2025-12-08 10:14:05','quarterly',1,35,1,19),
(4358,1,66.00,66.00,0.00,0.00,0.00,0.00,0.00,'2025-12-08 10:14:05','quarterly',1,35,10,49),
(4359,1,66.00,66.00,0.00,0.00,0.00,0.00,0.00,'2025-12-08 10:14:05','quarterly',1,35,7,39),
(4360,1,66.00,66.00,0.00,0.00,12.25,0.00,18.56,'2025-12-08 10:14:05','quarterly',1,35,4,1),
(4361,1,66.00,66.00,0.00,0.00,0.00,0.00,0.00,'2025-12-08 10:14:06','quarterly',1,35,6,37),
(4362,1,66.00,66.00,0.00,0.00,0.00,0.00,0.00,'2025-12-08 10:14:06','quarterly',1,35,6,34),
(4363,1,66.00,66.00,0.00,0.00,16.63,0.00,25.18,'2025-12-08 10:14:06','quarterly',1,35,4,3),
(4364,1,66.00,66.00,0.00,0.00,24.25,0.00,36.74,'2025-12-08 10:14:06','quarterly',1,35,10,22),
(4365,1,66.00,66.00,0.00,0.00,25.13,0.00,38.06,'2025-12-08 10:14:06','quarterly',1,35,7,14),
(4366,1,66.00,66.00,0.00,0.00,15.00,0.00,22.72,'2025-12-08 10:14:06','quarterly',1,35,7,12),
(4367,1,66.00,66.00,0.00,0.00,15.75,0.00,23.86,'2025-12-08 10:14:06','quarterly',1,35,9,52),
(4368,1,66.00,66.00,0.00,0.00,0.00,0.00,0.00,'2025-12-08 10:14:06','quarterly',1,35,1,45),
(4369,1,23.00,23.00,0.00,0.00,0.00,0.00,0.00,'2025-12-17 17:22:54','monthly',1,26,1,44),
(4370,1,23.00,23.00,0.00,0.00,0.00,0.00,0.00,'2025-12-17 17:22:54','monthly',1,26,2,21),
(4371,1,23.00,23.00,0.00,0.00,0.00,0.00,0.00,'2025-12-17 17:22:54','monthly',1,26,2,20),
(4372,1,23.00,23.00,0.00,0.00,0.00,0.00,0.00,'2025-12-17 17:22:54','monthly',1,26,3,48),
(4373,1,23.00,23.00,0.00,0.00,0.00,0.00,0.00,'2025-12-17 17:22:54','monthly',1,26,4,2),
(4374,1,23.00,23.00,0.00,0.00,0.00,0.00,0.00,'2025-12-17 17:22:54','monthly',1,26,1,43),
(4375,1,23.00,23.00,0.00,0.00,0.00,0.00,0.00,'2025-12-17 17:22:54','monthly',1,26,4,31),
(4376,1,23.00,23.00,0.00,0.00,0.00,0.00,0.00,'2025-12-17 17:22:54','monthly',1,26,4,30),
(4377,1,23.00,23.00,0.00,0.00,0.00,0.00,0.00,'2025-12-17 17:22:54','monthly',1,26,4,29),
(4378,1,23.00,23.00,0.00,0.00,0.00,0.00,0.00,'2025-12-17 17:22:54','monthly',1,26,5,51),
(4379,1,23.00,23.00,0.00,0.00,0.00,0.00,0.00,'2025-12-17 17:22:54','monthly',1,26,2,47),
(4380,1,23.00,23.00,0.00,0.00,0.00,0.00,0.00,'2025-12-17 17:22:54','monthly',1,26,3,23),
(4381,1,23.00,23.00,0.00,0.00,0.00,0.00,0.00,'2025-12-17 17:22:54','monthly',1,26,NULL,53),
(4382,1,23.00,23.00,0.00,0.00,0.00,0.00,0.00,'2025-12-17 17:22:54','monthly',1,26,NULL,54),
(4383,1,23.00,23.00,0.00,0.00,0.00,0.00,0.00,'2025-12-17 17:22:54','monthly',1,26,6,10),
(4384,1,23.00,23.00,0.00,0.00,0.00,0.00,0.00,'2025-12-17 17:22:54','monthly',1,26,6,38),
(4385,1,23.00,23.00,0.00,0.00,0.00,0.00,0.00,'2025-12-17 17:22:54','monthly',1,26,7,40),
(4386,1,23.00,23.00,0.00,0.00,0.00,0.00,0.00,'2025-12-17 17:22:54','monthly',1,26,8,24),
(4387,1,23.00,23.00,0.00,0.00,0.00,0.00,0.00,'2025-12-17 17:22:54','monthly',1,26,6,9),
(4388,1,23.00,23.00,0.00,0.00,0.00,0.00,0.00,'2025-12-17 17:22:54','monthly',1,26,7,13),
(4389,1,23.00,23.00,0.00,0.00,0.00,0.00,0.00,'2025-12-17 17:22:54','monthly',1,26,1,17),
(4390,1,23.00,23.00,0.00,0.00,0.00,0.00,0.00,'2025-12-17 17:22:54','monthly',1,26,6,36),
(4391,1,23.00,23.00,0.00,0.00,0.00,0.00,0.00,'2025-12-17 17:22:54','monthly',1,26,7,15),
(4392,1,23.00,23.00,0.00,0.00,0.00,0.00,0.00,'2025-12-17 17:22:54','monthly',1,26,4,4),
(4393,1,23.00,23.00,0.00,0.00,0.00,0.00,0.00,'2025-12-17 17:22:54','monthly',1,26,3,50),
(4394,1,23.00,23.00,0.00,0.00,0.00,0.00,0.00,'2025-12-17 17:22:54','monthly',1,26,4,33),
(4395,1,23.00,23.00,0.00,0.00,0.00,0.00,0.00,'2025-12-17 17:22:54','monthly',1,26,9,26),
(4396,1,23.00,23.00,0.00,0.00,0.00,0.00,0.00,'2025-12-17 17:22:54','monthly',1,26,4,6),
(4397,1,23.00,23.00,0.00,0.00,0.00,0.00,0.00,'2025-12-17 17:22:54','monthly',1,26,6,7),
(4398,1,23.00,23.00,0.00,0.00,0.00,0.00,0.00,'2025-12-17 17:22:54','monthly',1,26,NULL,27),
(4399,1,23.00,23.00,0.00,0.00,0.00,0.00,0.00,'2025-12-17 17:22:54','monthly',1,26,1,18),
(4400,1,23.00,23.00,0.00,0.00,0.00,0.00,0.00,'2025-12-17 17:22:54','monthly',1,26,5,25),
(4401,1,23.00,23.00,0.00,0.00,0.00,0.00,0.00,'2025-12-17 17:22:54','monthly',1,26,1,16),
(4402,1,23.00,23.00,0.00,0.00,0.00,0.00,0.00,'2025-12-17 17:22:54','monthly',1,26,6,8),
(4403,1,23.00,23.00,0.00,0.00,0.00,0.00,0.00,'2025-12-17 17:22:54','monthly',1,26,4,28),
(4404,1,23.00,23.00,0.00,0.00,0.00,0.00,0.00,'2025-12-17 17:22:54','monthly',1,26,6,11),
(4405,1,23.00,23.00,0.00,0.00,0.00,0.00,0.00,'2025-12-17 17:22:54','monthly',1,26,4,5),
(4406,1,23.00,23.00,0.00,0.00,0.00,0.00,0.00,'2025-12-17 17:22:54','monthly',1,26,1,46),
(4407,1,23.00,23.00,0.00,0.00,0.00,0.00,0.00,'2025-12-17 17:22:54','monthly',1,26,4,32),
(4408,1,23.00,23.00,0.00,0.00,0.00,0.00,0.00,'2025-12-17 17:22:54','monthly',1,26,7,42),
(4409,1,23.00,23.00,0.00,0.00,0.00,0.00,0.00,'2025-12-17 17:22:54','monthly',1,26,6,35),
(4410,1,23.00,23.00,0.00,0.00,0.00,0.00,0.00,'2025-12-17 17:22:54','monthly',1,26,7,41),
(4411,1,23.00,23.00,0.00,0.00,0.00,0.00,0.00,'2025-12-17 17:22:54','monthly',1,26,1,19),
(4412,1,23.00,23.00,0.00,0.00,0.00,0.00,0.00,'2025-12-17 17:22:54','monthly',1,26,10,49),
(4413,1,23.00,23.00,0.00,0.00,0.00,0.00,0.00,'2025-12-17 17:22:54','monthly',1,26,7,39),
(4414,1,23.00,23.00,0.00,0.00,0.00,0.00,0.00,'2025-12-17 17:22:54','monthly',1,26,4,1),
(4415,1,23.00,23.00,0.00,0.00,0.00,0.00,0.00,'2025-12-17 17:22:54','monthly',1,26,6,37),
(4416,1,23.00,23.00,0.00,0.00,0.00,0.00,0.00,'2025-12-17 17:22:54','monthly',1,26,6,34),
(4417,1,23.00,23.00,0.00,0.00,0.00,0.00,0.00,'2025-12-17 17:22:54','monthly',1,26,4,3),
(4418,1,23.00,23.00,0.00,0.00,0.00,0.00,0.00,'2025-12-17 17:22:54','monthly',1,26,10,22),
(4419,1,23.00,23.00,0.00,0.00,0.00,0.00,0.00,'2025-12-17 17:22:54','monthly',1,26,7,14),
(4420,1,23.00,23.00,0.00,0.00,0.00,0.00,0.00,'2025-12-17 17:22:54','monthly',1,26,7,12),
(4421,1,23.00,23.00,0.00,0.00,0.00,0.00,0.00,'2025-12-17 17:22:54','monthly',1,26,9,52),
(4422,1,23.00,23.00,0.00,0.00,0.00,0.00,0.00,'2025-12-17 17:22:54','monthly',1,26,1,45),
(4423,1,20.00,20.00,0.00,0.00,0.00,0.00,0.00,'2025-12-17 17:22:54','monthly',1,27,1,44),
(4424,1,20.00,20.00,0.00,0.00,0.00,0.00,0.00,'2025-12-17 17:22:54','monthly',1,27,2,21),
(4425,1,20.00,20.00,0.00,0.00,0.00,0.00,0.00,'2025-12-17 17:22:54','monthly',1,27,2,20),
(4426,1,20.00,20.00,0.00,0.00,0.00,0.00,0.00,'2025-12-17 17:22:54','monthly',1,27,3,48),
(4427,1,20.00,20.00,0.00,0.00,0.00,0.00,0.00,'2025-12-17 17:22:54','monthly',1,27,4,2),
(4428,1,20.00,20.00,0.00,0.00,0.00,0.00,0.00,'2025-12-17 17:22:54','monthly',1,27,1,43),
(4429,1,20.00,20.00,0.00,0.00,0.00,0.00,0.00,'2025-12-17 17:22:54','monthly',1,27,4,31),
(4430,1,20.00,20.00,0.00,0.00,0.00,0.00,0.00,'2025-12-17 17:22:54','monthly',1,27,4,30),
(4431,1,20.00,20.00,0.00,0.00,0.00,0.00,0.00,'2025-12-17 17:22:54','monthly',1,27,4,29),
(4432,1,20.00,20.00,0.00,0.00,0.00,0.00,0.00,'2025-12-17 17:22:54','monthly',1,27,5,51),
(4433,1,20.00,20.00,0.00,0.00,0.00,0.00,0.00,'2025-12-17 17:22:54','monthly',1,27,2,47),
(4434,1,20.00,20.00,0.00,0.00,0.00,0.00,0.00,'2025-12-17 17:22:54','monthly',1,27,3,23),
(4435,1,20.00,20.00,0.00,0.00,0.00,0.00,0.00,'2025-12-17 17:22:54','monthly',1,27,NULL,53),
(4436,1,20.00,20.00,0.00,0.00,0.00,0.00,0.00,'2025-12-17 17:22:54','monthly',1,27,NULL,54),
(4437,1,20.00,20.00,0.00,0.00,0.00,0.00,0.00,'2025-12-17 17:22:54','monthly',1,27,6,10),
(4438,1,20.00,20.00,0.00,0.00,0.00,0.00,0.00,'2025-12-17 17:22:54','monthly',1,27,6,38),
(4439,1,20.00,20.00,0.00,0.00,0.00,0.00,0.00,'2025-12-17 17:22:54','monthly',1,27,7,40),
(4440,1,20.00,20.00,0.00,0.00,0.00,0.00,0.00,'2025-12-17 17:22:54','monthly',1,27,8,24),
(4441,1,20.00,20.00,0.00,0.00,0.00,0.00,0.00,'2025-12-17 17:22:54','monthly',1,27,6,9),
(4442,1,20.00,20.00,0.00,0.00,0.00,0.00,0.00,'2025-12-17 17:22:54','monthly',1,27,7,13),
(4443,1,20.00,20.00,0.00,0.00,0.00,0.00,0.00,'2025-12-17 17:22:54','monthly',1,27,1,17),
(4444,1,20.00,20.00,0.00,0.00,0.00,0.00,0.00,'2025-12-17 17:22:54','monthly',1,27,6,36),
(4445,1,20.00,20.00,0.00,0.00,0.00,0.00,0.00,'2025-12-17 17:22:54','monthly',1,27,7,15),
(4446,1,20.00,20.00,0.00,0.00,0.00,0.00,0.00,'2025-12-17 17:22:54','monthly',1,27,4,4),
(4447,1,20.00,20.00,0.00,0.00,0.00,0.00,0.00,'2025-12-17 17:22:54','monthly',1,27,3,50),
(4448,1,20.00,20.00,0.00,0.00,0.00,0.00,0.00,'2025-12-17 17:22:54','monthly',1,27,4,33),
(4449,1,20.00,20.00,0.00,0.00,0.00,0.00,0.00,'2025-12-17 17:22:54','monthly',1,27,9,26),
(4450,1,20.00,20.00,0.00,0.00,0.00,0.00,0.00,'2025-12-17 17:22:54','monthly',1,27,4,6),
(4451,1,20.00,20.00,0.00,0.00,0.00,0.00,0.00,'2025-12-17 17:22:54','monthly',1,27,6,7),
(4452,1,20.00,20.00,0.00,0.00,0.00,0.00,0.00,'2025-12-17 17:22:54','monthly',1,27,NULL,27),
(4453,1,20.00,20.00,0.00,0.00,0.00,0.00,0.00,'2025-12-17 17:22:54','monthly',1,27,1,18),
(4454,1,20.00,20.00,0.00,0.00,0.00,0.00,0.00,'2025-12-17 17:22:54','monthly',1,27,5,25),
(4455,1,20.00,20.00,0.00,0.00,0.00,0.00,0.00,'2025-12-17 17:22:54','monthly',1,27,1,16),
(4456,1,20.00,20.00,0.00,0.00,0.00,0.00,0.00,'2025-12-17 17:22:54','monthly',1,27,6,8),
(4457,1,20.00,20.00,0.00,0.00,0.00,0.00,0.00,'2025-12-17 17:22:54','monthly',1,27,4,28),
(4458,1,20.00,20.00,0.00,0.00,0.00,0.00,0.00,'2025-12-17 17:22:54','monthly',1,27,6,11),
(4459,1,20.00,20.00,0.00,0.00,0.00,0.00,0.00,'2025-12-17 17:22:54','monthly',1,27,4,5),
(4460,1,20.00,20.00,0.00,0.00,0.00,0.00,0.00,'2025-12-17 17:22:54','monthly',1,27,1,46),
(4461,1,20.00,20.00,0.00,0.00,0.00,0.00,0.00,'2025-12-17 17:22:54','monthly',1,27,4,32),
(4462,1,20.00,20.00,0.00,0.00,0.00,0.00,0.00,'2025-12-17 17:22:54','monthly',1,27,7,42),
(4463,1,20.00,20.00,0.00,0.00,0.00,0.00,0.00,'2025-12-17 17:22:54','monthly',1,27,6,35),
(4464,1,20.00,20.00,0.00,0.00,0.00,0.00,0.00,'2025-12-17 17:22:54','monthly',1,27,7,41),
(4465,1,20.00,20.00,0.00,0.00,0.00,0.00,0.00,'2025-12-17 17:22:54','monthly',1,27,1,19),
(4466,1,20.00,20.00,0.00,0.00,0.00,0.00,0.00,'2025-12-17 17:22:54','monthly',1,27,10,49),
(4467,1,20.00,20.00,0.00,0.00,0.00,0.00,0.00,'2025-12-17 17:22:54','monthly',1,27,7,39),
(4468,1,20.00,20.00,0.00,0.00,0.00,0.00,0.00,'2025-12-17 17:22:54','monthly',1,27,4,1),
(4469,1,20.00,20.00,0.00,0.00,0.00,0.00,0.00,'2025-12-17 17:22:54','monthly',1,27,6,37),
(4470,1,20.00,20.00,0.00,0.00,0.00,0.00,0.00,'2025-12-17 17:22:54','monthly',1,27,6,34),
(4471,1,20.00,20.00,0.00,0.00,0.00,0.00,0.00,'2025-12-17 17:22:54','monthly',1,27,4,3),
(4472,1,20.00,20.00,0.00,0.00,0.00,0.00,0.00,'2025-12-17 17:22:54','monthly',1,27,10,22),
(4473,1,20.00,20.00,0.00,0.00,0.00,0.00,0.00,'2025-12-17 17:22:54','monthly',1,27,7,14),
(4474,1,20.00,20.00,0.00,0.00,0.00,0.00,0.00,'2025-12-17 17:22:54','monthly',1,27,7,12),
(4475,1,20.00,20.00,0.00,0.00,0.00,0.00,0.00,'2025-12-17 17:22:54','monthly',1,27,9,52),
(4476,1,20.00,20.00,0.00,0.00,0.00,0.00,0.00,'2025-12-17 17:22:54','monthly',1,27,1,45),
(4477,1,21.00,21.00,0.00,0.00,0.00,0.00,0.00,'2025-12-17 17:22:54','monthly',1,28,1,44),
(4478,1,21.00,21.00,0.00,0.00,0.00,0.00,0.00,'2025-12-17 17:22:54','monthly',1,28,2,21),
(4479,1,21.00,21.00,0.00,0.00,0.00,0.00,0.00,'2025-12-17 17:22:54','monthly',1,28,2,20),
(4480,1,21.00,21.00,0.00,0.00,0.00,0.00,0.00,'2025-12-17 17:22:54','monthly',1,28,3,48),
(4481,1,21.00,21.00,0.00,0.00,0.00,0.00,0.00,'2025-12-17 17:22:54','monthly',1,28,4,2),
(4482,1,21.00,21.00,0.00,0.00,0.00,0.00,0.00,'2025-12-17 17:22:54','monthly',1,28,1,43),
(4483,1,21.00,21.00,0.00,0.00,0.00,0.00,0.00,'2025-12-17 17:22:54','monthly',1,28,4,31),
(4484,1,21.00,21.00,0.00,0.00,0.00,0.00,0.00,'2025-12-17 17:22:54','monthly',1,28,4,30),
(4485,1,21.00,21.00,0.00,0.00,0.00,0.00,0.00,'2025-12-17 17:22:54','monthly',1,28,4,29),
(4486,1,21.00,21.00,0.00,0.00,0.00,0.00,0.00,'2025-12-17 17:22:54','monthly',1,28,5,51),
(4487,1,21.00,21.00,0.00,0.00,0.00,0.00,0.00,'2025-12-17 17:22:54','monthly',1,28,2,47),
(4488,1,21.00,21.00,0.00,0.00,0.00,0.00,0.00,'2025-12-17 17:22:54','monthly',1,28,3,23),
(4489,1,21.00,21.00,0.00,0.00,0.00,0.00,0.00,'2025-12-17 17:22:54','monthly',1,28,NULL,53),
(4490,1,21.00,21.00,0.00,0.00,0.00,0.00,0.00,'2025-12-17 17:22:54','monthly',1,28,NULL,54),
(4491,1,21.00,21.00,0.00,0.00,0.00,0.00,0.00,'2025-12-17 17:22:54','monthly',1,28,6,10),
(4492,1,21.00,21.00,0.00,0.00,0.00,0.00,0.00,'2025-12-17 17:22:54','monthly',1,28,6,38),
(4493,1,21.00,21.00,0.00,0.00,0.00,0.00,0.00,'2025-12-17 17:22:54','monthly',1,28,7,40),
(4494,1,21.00,21.00,0.00,0.00,0.00,0.00,0.00,'2025-12-17 17:22:54','monthly',1,28,8,24),
(4495,1,21.00,21.00,0.00,0.00,0.00,0.00,0.00,'2025-12-17 17:22:54','monthly',1,28,6,9),
(4496,1,21.00,21.00,0.00,0.00,0.00,0.00,0.00,'2025-12-17 17:22:54','monthly',1,28,7,13),
(4497,1,21.00,21.00,0.00,0.00,0.00,0.00,0.00,'2025-12-17 17:22:54','monthly',1,28,1,17),
(4498,1,21.00,21.00,0.00,0.00,0.00,0.00,0.00,'2025-12-17 17:22:54','monthly',1,28,6,36),
(4499,1,21.00,21.00,0.00,0.00,0.00,0.00,0.00,'2025-12-17 17:22:54','monthly',1,28,7,15),
(4500,1,21.00,21.00,0.00,0.00,0.00,0.00,0.00,'2025-12-17 17:22:54','monthly',1,28,4,4),
(4501,1,21.00,21.00,0.00,0.00,0.00,0.00,0.00,'2025-12-17 17:22:54','monthly',1,28,3,50),
(4502,1,21.00,21.00,0.00,0.00,0.00,0.00,0.00,'2025-12-17 17:22:54','monthly',1,28,4,33),
(4503,1,21.00,21.00,0.00,0.00,0.00,0.00,0.00,'2025-12-17 17:22:54','monthly',1,28,9,26),
(4504,1,21.00,21.00,0.00,0.00,0.00,0.00,0.00,'2025-12-17 17:22:54','monthly',1,28,4,6),
(4505,1,21.00,21.00,0.00,0.00,0.00,0.00,0.00,'2025-12-17 17:22:54','monthly',1,28,6,7),
(4506,1,21.00,21.00,0.00,0.00,0.00,0.00,0.00,'2025-12-17 17:22:54','monthly',1,28,NULL,27),
(4507,1,21.00,21.00,0.00,0.00,0.00,0.00,0.00,'2025-12-17 17:22:54','monthly',1,28,1,18),
(4508,1,21.00,21.00,0.00,0.00,0.00,0.00,0.00,'2025-12-17 17:22:54','monthly',1,28,5,25),
(4509,1,21.00,21.00,0.00,0.00,0.00,0.00,0.00,'2025-12-17 17:22:54','monthly',1,28,1,16),
(4510,1,21.00,21.00,0.00,0.00,0.00,0.00,0.00,'2025-12-17 17:22:54','monthly',1,28,6,8),
(4511,1,21.00,21.00,0.00,0.00,0.00,0.00,0.00,'2025-12-17 17:22:54','monthly',1,28,4,28),
(4512,1,21.00,21.00,0.00,0.00,0.00,0.00,0.00,'2025-12-17 17:22:54','monthly',1,28,6,11),
(4513,1,21.00,21.00,0.00,0.00,0.00,0.00,0.00,'2025-12-17 17:22:54','monthly',1,28,4,5),
(4514,1,21.00,21.00,0.00,0.00,0.00,0.00,0.00,'2025-12-17 17:22:54','monthly',1,28,1,46),
(4515,1,21.00,21.00,0.00,0.00,0.00,0.00,0.00,'2025-12-17 17:22:54','monthly',1,28,4,32),
(4516,1,21.00,21.00,0.00,0.00,0.00,0.00,0.00,'2025-12-17 17:22:54','monthly',1,28,7,42),
(4517,1,21.00,21.00,0.00,0.00,0.00,0.00,0.00,'2025-12-17 17:22:54','monthly',1,28,6,35),
(4518,1,21.00,21.00,0.00,0.00,0.00,0.00,0.00,'2025-12-17 17:22:54','monthly',1,28,7,41),
(4519,1,21.00,21.00,0.00,0.00,0.00,0.00,0.00,'2025-12-17 17:22:54','monthly',1,28,1,19),
(4520,1,21.00,21.00,0.00,0.00,0.00,0.00,0.00,'2025-12-17 17:22:54','monthly',1,28,10,49),
(4521,1,21.00,21.00,0.00,0.00,0.00,0.00,0.00,'2025-12-17 17:22:54','monthly',1,28,7,39),
(4522,1,21.00,21.00,0.00,0.00,0.00,0.00,0.00,'2025-12-17 17:22:54','monthly',1,28,4,1),
(4523,1,21.00,21.00,0.00,0.00,0.00,0.00,0.00,'2025-12-17 17:22:54','monthly',1,28,6,37),
(4524,1,21.00,21.00,0.00,0.00,0.00,0.00,0.00,'2025-12-17 17:22:54','monthly',1,28,6,34),
(4525,1,21.00,21.00,0.00,0.00,0.00,0.00,0.00,'2025-12-17 17:22:54','monthly',1,28,4,3),
(4526,1,21.00,21.00,0.00,0.00,0.00,0.00,0.00,'2025-12-17 17:22:54','monthly',1,28,10,22),
(4527,1,21.00,21.00,0.00,0.00,0.00,0.00,0.00,'2025-12-17 17:22:54','monthly',1,28,7,14),
(4528,1,21.00,21.00,0.00,0.00,0.00,0.00,0.00,'2025-12-17 17:22:54','monthly',1,28,7,12),
(4529,1,21.00,21.00,0.00,0.00,0.00,0.00,0.00,'2025-12-17 17:22:54','monthly',1,28,9,52),
(4530,1,21.00,21.00,0.00,0.00,0.00,0.00,0.00,'2025-12-17 17:22:54','monthly',1,28,1,45),
(4531,1,22.00,22.00,0.00,0.00,0.00,0.00,0.00,'2025-12-17 17:22:54','monthly',1,29,1,44),
(4532,1,22.00,22.00,0.00,0.00,0.00,0.00,0.00,'2025-12-17 17:22:54','monthly',1,29,2,21),
(4533,1,22.00,22.00,0.00,0.00,0.00,0.00,0.00,'2025-12-17 17:22:54','monthly',1,29,2,20),
(4534,1,22.00,22.00,0.00,0.00,0.00,0.00,0.00,'2025-12-17 17:22:54','monthly',1,29,3,48),
(4535,1,22.00,22.00,0.00,0.00,0.00,0.00,0.00,'2025-12-17 17:22:54','monthly',1,29,4,2),
(4536,1,22.00,22.00,0.00,0.00,0.00,0.00,0.00,'2025-12-17 17:22:54','monthly',1,29,1,43),
(4537,1,22.00,22.00,0.00,0.00,0.00,0.00,0.00,'2025-12-17 17:22:54','monthly',1,29,4,31),
(4538,1,22.00,22.00,0.00,0.00,0.00,0.00,0.00,'2025-12-17 17:22:54','monthly',1,29,4,30),
(4539,1,22.00,22.00,0.00,0.00,0.00,0.00,0.00,'2025-12-17 17:22:54','monthly',1,29,4,29),
(4540,1,22.00,22.00,0.00,0.00,0.00,0.00,0.00,'2025-12-17 17:22:54','monthly',1,29,5,51),
(4541,1,22.00,22.00,0.00,0.00,0.00,0.00,0.00,'2025-12-17 17:22:54','monthly',1,29,2,47),
(4542,1,22.00,22.00,0.00,0.00,0.00,0.00,0.00,'2025-12-17 17:22:54','monthly',1,29,3,23),
(4543,1,22.00,22.00,0.00,0.00,0.00,0.00,0.00,'2025-12-17 17:22:54','monthly',1,29,NULL,53),
(4544,1,22.00,22.00,0.00,0.00,0.00,0.00,0.00,'2025-12-17 17:22:54','monthly',1,29,NULL,54),
(4545,1,22.00,22.00,0.00,0.00,0.00,0.00,0.00,'2025-12-17 17:22:54','monthly',1,29,6,10),
(4546,1,22.00,22.00,0.00,0.00,0.00,0.00,0.00,'2025-12-17 17:22:54','monthly',1,29,6,38),
(4547,1,22.00,22.00,0.00,0.00,0.00,0.00,0.00,'2025-12-17 17:22:54','monthly',1,29,7,40),
(4548,1,22.00,22.00,0.00,0.00,0.00,0.00,0.00,'2025-12-17 17:22:54','monthly',1,29,8,24),
(4549,1,22.00,22.00,0.00,0.00,0.00,0.00,0.00,'2025-12-17 17:22:54','monthly',1,29,6,9),
(4550,1,22.00,22.00,0.00,0.00,0.00,0.00,0.00,'2025-12-17 17:22:54','monthly',1,29,7,13),
(4551,1,22.00,22.00,0.00,0.00,0.00,0.00,0.00,'2025-12-17 17:22:54','monthly',1,29,1,17),
(4552,1,22.00,22.00,0.00,0.00,0.00,0.00,0.00,'2025-12-17 17:22:54','monthly',1,29,6,36),
(4553,1,22.00,22.00,0.00,0.00,0.00,0.00,0.00,'2025-12-17 17:22:54','monthly',1,29,7,15),
(4554,1,22.00,22.00,0.00,0.00,0.00,0.00,0.00,'2025-12-17 17:22:54','monthly',1,29,4,4),
(4555,1,22.00,22.00,0.00,0.00,0.00,0.00,0.00,'2025-12-17 17:22:54','monthly',1,29,3,50),
(4556,1,22.00,22.00,0.00,0.00,0.00,0.00,0.00,'2025-12-17 17:22:54','monthly',1,29,4,33),
(4557,1,22.00,22.00,0.00,0.00,0.00,0.00,0.00,'2025-12-17 17:22:54','monthly',1,29,9,26),
(4558,1,22.00,22.00,0.00,0.00,0.00,0.00,0.00,'2025-12-17 17:22:54','monthly',1,29,4,6),
(4559,1,22.00,22.00,0.00,0.00,0.00,0.00,0.00,'2025-12-17 17:22:54','monthly',1,29,6,7),
(4560,1,22.00,22.00,0.00,0.00,0.00,0.00,0.00,'2025-12-17 17:22:54','monthly',1,29,NULL,27),
(4561,1,22.00,22.00,0.00,0.00,0.00,0.00,0.00,'2025-12-17 17:22:54','monthly',1,29,1,18),
(4562,1,22.00,22.00,0.00,0.00,0.00,0.00,0.00,'2025-12-17 17:22:54','monthly',1,29,5,25),
(4563,1,22.00,22.00,0.00,0.00,0.00,0.00,0.00,'2025-12-17 17:22:54','monthly',1,29,1,16),
(4564,1,22.00,22.00,0.00,0.00,0.00,0.00,0.00,'2025-12-17 17:22:54','monthly',1,29,6,8),
(4565,1,22.00,22.00,0.00,0.00,0.00,0.00,0.00,'2025-12-17 17:22:54','monthly',1,29,4,28),
(4566,1,22.00,22.00,0.00,0.00,0.00,0.00,0.00,'2025-12-17 17:22:54','monthly',1,29,6,11),
(4567,1,22.00,22.00,0.00,0.00,0.00,0.00,0.00,'2025-12-17 17:22:54','monthly',1,29,4,5),
(4568,1,22.00,22.00,0.00,0.00,0.00,0.00,0.00,'2025-12-17 17:22:54','monthly',1,29,1,46),
(4569,1,22.00,22.00,0.00,0.00,0.00,0.00,0.00,'2025-12-17 17:22:54','monthly',1,29,4,32),
(4570,1,22.00,22.00,0.00,0.00,0.00,0.00,0.00,'2025-12-17 17:22:54','monthly',1,29,7,42),
(4571,1,22.00,22.00,0.00,0.00,0.00,0.00,0.00,'2025-12-17 17:22:54','monthly',1,29,6,35),
(4572,1,22.00,22.00,0.00,0.00,0.00,0.00,0.00,'2025-12-17 17:22:54','monthly',1,29,7,41),
(4573,1,22.00,22.00,0.00,0.00,0.00,0.00,0.00,'2025-12-17 17:22:54','monthly',1,29,1,19),
(4574,1,22.00,22.00,0.00,0.00,0.00,0.00,0.00,'2025-12-17 17:22:54','monthly',1,29,10,49),
(4575,1,22.00,22.00,0.00,0.00,0.00,0.00,0.00,'2025-12-17 17:22:54','monthly',1,29,7,39),
(4576,1,22.00,22.00,0.00,0.00,0.00,0.00,0.00,'2025-12-17 17:22:54','monthly',1,29,4,1),
(4577,1,22.00,22.00,0.00,0.00,0.00,0.00,0.00,'2025-12-17 17:22:54','monthly',1,29,6,37),
(4578,1,22.00,22.00,0.00,0.00,0.00,0.00,0.00,'2025-12-17 17:22:54','monthly',1,29,6,34),
(4579,1,22.00,22.00,0.00,0.00,0.00,0.00,0.00,'2025-12-17 17:22:54','monthly',1,29,4,3),
(4580,1,22.00,22.00,0.00,0.00,0.00,0.00,0.00,'2025-12-17 17:22:54','monthly',1,29,10,22),
(4581,1,22.00,22.00,0.00,0.00,0.00,0.00,0.00,'2025-12-17 17:22:54','monthly',1,29,7,14),
(4582,1,22.00,22.00,0.00,0.00,0.00,0.00,0.00,'2025-12-17 17:22:54','monthly',1,29,7,12),
(4583,1,22.00,22.00,0.00,0.00,0.00,0.00,0.00,'2025-12-17 17:22:54','monthly',1,29,9,52),
(4584,1,22.00,22.00,0.00,0.00,0.00,0.00,0.00,'2025-12-17 17:22:54','monthly',1,29,1,45),
(4585,1,22.00,22.00,0.00,0.00,0.00,0.00,0.00,'2025-12-17 17:22:54','monthly',1,30,1,44),
(4586,1,22.00,22.00,0.00,0.00,0.00,0.00,0.00,'2025-12-17 17:22:54','monthly',1,30,2,21),
(4587,1,22.00,22.00,0.00,0.00,0.00,0.00,0.00,'2025-12-17 17:22:54','monthly',1,30,2,20),
(4588,1,22.00,22.00,0.00,0.00,0.00,0.00,0.00,'2025-12-17 17:22:54','monthly',1,30,3,48),
(4589,1,22.00,22.00,0.00,0.00,0.00,0.00,0.00,'2025-12-17 17:22:54','monthly',1,30,4,2),
(4590,1,22.00,22.00,0.00,0.00,0.00,0.00,0.00,'2025-12-17 17:22:54','monthly',1,30,1,43),
(4591,1,22.00,22.00,0.00,0.00,0.00,0.00,0.00,'2025-12-17 17:22:54','monthly',1,30,4,31),
(4592,1,22.00,22.00,0.00,0.00,0.00,0.00,0.00,'2025-12-17 17:22:54','monthly',1,30,4,30),
(4593,1,22.00,22.00,0.00,0.00,0.00,0.00,0.00,'2025-12-17 17:22:54','monthly',1,30,4,29),
(4594,1,22.00,22.00,0.00,0.00,0.00,0.00,0.00,'2025-12-17 17:22:54','monthly',1,30,5,51),
(4595,1,22.00,22.00,0.00,0.00,0.00,0.00,0.00,'2025-12-17 17:22:54','monthly',1,30,2,47),
(4596,1,22.00,22.00,0.00,0.00,0.00,0.00,0.00,'2025-12-17 17:22:54','monthly',1,30,3,23),
(4597,1,22.00,22.00,0.00,0.00,0.00,0.00,0.00,'2025-12-17 17:22:54','monthly',1,30,NULL,53),
(4598,1,22.00,22.00,0.00,0.00,0.00,0.00,0.00,'2025-12-17 17:22:54','monthly',1,30,NULL,54),
(4599,1,22.00,22.00,0.00,0.00,0.00,0.00,0.00,'2025-12-17 17:22:54','monthly',1,30,6,10),
(4600,1,22.00,22.00,0.00,0.00,0.00,0.00,0.00,'2025-12-17 17:22:54','monthly',1,30,6,38),
(4601,1,22.00,22.00,0.00,0.00,0.00,0.00,0.00,'2025-12-17 17:22:54','monthly',1,30,7,40),
(4602,1,22.00,22.00,0.00,0.00,0.00,0.00,0.00,'2025-12-17 17:22:54','monthly',1,30,8,24),
(4603,1,22.00,22.00,0.00,0.00,0.00,0.00,0.00,'2025-12-17 17:22:54','monthly',1,30,6,9),
(4604,1,22.00,22.00,0.00,0.00,0.00,0.00,0.00,'2025-12-17 17:22:54','monthly',1,30,7,13),
(4605,1,22.00,22.00,0.00,0.00,0.00,0.00,0.00,'2025-12-17 17:22:54','monthly',1,30,1,17),
(4606,1,22.00,22.00,0.00,0.00,0.00,0.00,0.00,'2025-12-17 17:22:54','monthly',1,30,6,36),
(4607,1,22.00,22.00,0.00,0.00,0.00,0.00,0.00,'2025-12-17 17:22:54','monthly',1,30,7,15),
(4608,1,22.00,22.00,0.00,0.00,0.00,0.00,0.00,'2025-12-17 17:22:54','monthly',1,30,4,4),
(4609,1,22.00,22.00,0.00,0.00,0.00,0.00,0.00,'2025-12-17 17:22:54','monthly',1,30,3,50),
(4610,1,22.00,22.00,0.00,0.00,0.00,0.00,0.00,'2025-12-17 17:22:54','monthly',1,30,4,33),
(4611,1,22.00,22.00,0.00,0.00,0.00,0.00,0.00,'2025-12-17 17:22:54','monthly',1,30,9,26),
(4612,1,22.00,22.00,0.00,0.00,0.00,0.00,0.00,'2025-12-17 17:22:54','monthly',1,30,4,6),
(4613,1,22.00,22.00,0.00,0.00,0.00,0.00,0.00,'2025-12-17 17:22:54','monthly',1,30,6,7),
(4614,1,22.00,22.00,0.00,0.00,0.00,0.00,0.00,'2025-12-17 17:22:54','monthly',1,30,NULL,27),
(4615,1,22.00,22.00,0.00,0.00,0.00,0.00,0.00,'2025-12-17 17:22:54','monthly',1,30,1,18),
(4616,1,22.00,22.00,0.00,0.00,0.00,0.00,0.00,'2025-12-17 17:22:54','monthly',1,30,5,25),
(4617,1,22.00,22.00,0.00,0.00,0.00,0.00,0.00,'2025-12-17 17:22:54','monthly',1,30,1,16),
(4618,1,22.00,22.00,0.00,0.00,0.00,0.00,0.00,'2025-12-17 17:22:54','monthly',1,30,6,8),
(4619,1,22.00,22.00,0.00,0.00,0.00,0.00,0.00,'2025-12-17 17:22:54','monthly',1,30,4,28),
(4620,1,22.00,22.00,0.00,0.00,0.00,0.00,0.00,'2025-12-17 17:22:54','monthly',1,30,6,11),
(4621,1,22.00,22.00,0.00,0.00,0.00,0.00,0.00,'2025-12-17 17:22:54','monthly',1,30,4,5),
(4622,1,22.00,22.00,0.00,0.00,0.00,0.00,0.00,'2025-12-17 17:22:54','monthly',1,30,1,46),
(4623,1,22.00,22.00,0.00,0.00,0.00,0.00,0.00,'2025-12-17 17:22:54','monthly',1,30,4,32),
(4624,1,22.00,22.00,0.00,0.00,0.00,0.00,0.00,'2025-12-17 17:22:54','monthly',1,30,7,42),
(4625,1,22.00,22.00,0.00,0.00,0.00,0.00,0.00,'2025-12-17 17:22:54','monthly',1,30,6,35),
(4626,1,22.00,22.00,0.00,0.00,0.00,0.00,0.00,'2025-12-17 17:22:54','monthly',1,30,7,41),
(4627,1,22.00,22.00,0.00,0.00,0.00,0.00,0.00,'2025-12-17 17:22:54','monthly',1,30,1,19),
(4628,1,22.00,22.00,0.00,0.00,0.00,0.00,0.00,'2025-12-17 17:22:54','monthly',1,30,10,49),
(4629,1,22.00,22.00,0.00,0.00,0.00,0.00,0.00,'2025-12-17 17:22:54','monthly',1,30,7,39),
(4630,1,22.00,22.00,0.00,0.00,0.00,0.00,0.00,'2025-12-17 17:22:54','monthly',1,30,4,1),
(4631,1,22.00,22.00,0.00,0.00,0.00,0.00,0.00,'2025-12-17 17:22:54','monthly',1,30,6,37),
(4632,1,22.00,22.00,0.00,0.00,0.00,0.00,0.00,'2025-12-17 17:22:54','monthly',1,30,6,34),
(4633,1,22.00,22.00,0.00,0.00,0.00,0.00,0.00,'2025-12-17 17:22:54','monthly',1,30,4,3),
(4634,1,22.00,22.00,0.00,0.00,0.00,0.00,0.00,'2025-12-17 17:22:54','monthly',1,30,10,22),
(4635,1,22.00,22.00,0.00,0.00,0.00,0.00,0.00,'2025-12-17 17:22:54','monthly',1,30,7,14),
(4636,1,22.00,22.00,0.00,0.00,0.00,0.00,0.00,'2025-12-17 17:22:54','monthly',1,30,7,12),
(4637,1,22.00,22.00,0.00,0.00,0.00,0.00,0.00,'2025-12-17 17:22:54','monthly',1,30,9,52),
(4638,1,22.00,22.00,0.00,0.00,0.00,0.00,0.00,'2025-12-17 17:22:54','monthly',1,30,1,45),
(4639,1,21.00,21.00,0.00,0.00,0.00,0.00,0.00,'2025-12-17 17:22:54','monthly',1,31,1,44),
(4640,1,21.00,21.00,0.00,0.00,0.00,0.00,0.00,'2025-12-17 17:22:54','monthly',1,31,2,21),
(4641,1,21.00,21.00,0.00,0.00,0.00,0.00,0.00,'2025-12-17 17:22:54','monthly',1,31,2,20),
(4642,1,21.00,21.00,0.00,0.00,0.00,0.00,0.00,'2025-12-17 17:22:54','monthly',1,31,3,48),
(4643,1,21.00,21.00,0.00,0.00,0.00,0.00,0.00,'2025-12-17 17:22:54','monthly',1,31,4,2),
(4644,1,21.00,21.00,0.00,0.00,0.00,0.00,0.00,'2025-12-17 17:22:54','monthly',1,31,1,43),
(4645,1,21.00,21.00,0.00,0.00,0.00,0.00,0.00,'2025-12-17 17:22:54','monthly',1,31,4,31),
(4646,1,21.00,21.00,0.00,0.00,0.00,0.00,0.00,'2025-12-17 17:22:54','monthly',1,31,4,30),
(4647,1,21.00,21.00,0.00,0.00,0.00,0.00,0.00,'2025-12-17 17:22:54','monthly',1,31,4,29),
(4648,1,21.00,21.00,0.00,0.00,0.00,0.00,0.00,'2025-12-17 17:22:54','monthly',1,31,5,51),
(4649,1,21.00,21.00,0.00,0.00,0.00,0.00,0.00,'2025-12-17 17:22:54','monthly',1,31,2,47),
(4650,1,21.00,21.00,0.00,0.00,0.00,0.00,0.00,'2025-12-17 17:22:54','monthly',1,31,3,23),
(4651,1,21.00,21.00,0.00,0.00,0.00,0.00,0.00,'2025-12-17 17:22:54','monthly',1,31,NULL,53),
(4652,1,21.00,21.00,0.00,0.00,0.00,0.00,0.00,'2025-12-17 17:22:54','monthly',1,31,NULL,54),
(4653,1,21.00,21.00,0.00,0.00,0.00,0.00,0.00,'2025-12-17 17:22:54','monthly',1,31,6,10),
(4654,1,21.00,21.00,0.00,0.00,0.00,0.00,0.00,'2025-12-17 17:22:54','monthly',1,31,6,38),
(4655,1,21.00,21.00,0.00,0.00,0.00,0.00,0.00,'2025-12-17 17:22:54','monthly',1,31,7,40),
(4656,1,21.00,21.00,0.00,0.00,0.00,0.00,0.00,'2025-12-17 17:22:54','monthly',1,31,8,24),
(4657,1,21.00,21.00,0.00,0.00,0.00,0.00,0.00,'2025-12-17 17:22:54','monthly',1,31,6,9),
(4658,1,21.00,21.00,0.00,0.00,0.00,0.00,0.00,'2025-12-17 17:22:54','monthly',1,31,7,13),
(4659,1,21.00,21.00,0.00,0.00,0.00,0.00,0.00,'2025-12-17 17:22:54','monthly',1,31,1,17),
(4660,1,21.00,21.00,0.00,0.00,0.00,0.00,0.00,'2025-12-17 17:22:54','monthly',1,31,6,36),
(4661,1,21.00,21.00,0.00,0.00,0.00,0.00,0.00,'2025-12-17 17:22:54','monthly',1,31,7,15),
(4662,1,21.00,21.00,0.00,0.00,0.00,0.00,0.00,'2025-12-17 17:22:54','monthly',1,31,4,4),
(4663,1,21.00,21.00,0.00,0.00,0.00,0.00,0.00,'2025-12-17 17:22:54','monthly',1,31,3,50),
(4664,1,21.00,21.00,0.00,0.00,0.00,0.00,0.00,'2025-12-17 17:22:54','monthly',1,31,4,33),
(4665,1,21.00,21.00,0.00,0.00,0.00,0.00,0.00,'2025-12-17 17:22:54','monthly',1,31,9,26),
(4666,1,21.00,21.00,0.00,0.00,0.00,0.00,0.00,'2025-12-17 17:22:54','monthly',1,31,4,6),
(4667,1,21.00,21.00,0.00,0.00,0.00,0.00,0.00,'2025-12-17 17:22:54','monthly',1,31,6,7),
(4668,1,21.00,21.00,0.00,0.00,0.00,0.00,0.00,'2025-12-17 17:22:54','monthly',1,31,NULL,27),
(4669,1,21.00,21.00,0.00,0.00,0.00,0.00,0.00,'2025-12-17 17:22:54','monthly',1,31,1,18),
(4670,1,21.00,21.00,0.00,0.00,0.00,0.00,0.00,'2025-12-17 17:22:54','monthly',1,31,5,25),
(4671,1,21.00,21.00,0.00,0.00,0.00,0.00,0.00,'2025-12-17 17:22:54','monthly',1,31,1,16),
(4672,1,21.00,21.00,0.00,0.00,0.00,0.00,0.00,'2025-12-17 17:22:54','monthly',1,31,6,8),
(4673,1,21.00,21.00,0.00,0.00,0.00,0.00,0.00,'2025-12-17 17:22:54','monthly',1,31,4,28),
(4674,1,21.00,21.00,0.00,0.00,0.00,0.00,0.00,'2025-12-17 17:22:54','monthly',1,31,6,11),
(4675,1,21.00,21.00,0.00,0.00,0.00,0.00,0.00,'2025-12-17 17:22:54','monthly',1,31,4,5),
(4676,1,21.00,21.00,0.00,0.00,0.00,0.00,0.00,'2025-12-17 17:22:54','monthly',1,31,1,46),
(4677,1,21.00,21.00,0.00,0.00,0.00,0.00,0.00,'2025-12-17 17:22:54','monthly',1,31,4,32),
(4678,1,21.00,21.00,0.00,0.00,0.00,0.00,0.00,'2025-12-17 17:22:54','monthly',1,31,7,42),
(4679,1,21.00,21.00,0.00,0.00,0.00,0.00,0.00,'2025-12-17 17:22:54','monthly',1,31,6,35),
(4680,1,21.00,21.00,0.00,0.00,0.00,0.00,0.00,'2025-12-17 17:22:54','monthly',1,31,7,41),
(4681,1,21.00,21.00,0.00,0.00,0.00,0.00,0.00,'2025-12-17 17:22:54','monthly',1,31,1,19),
(4682,1,21.00,21.00,0.00,0.00,0.00,0.00,0.00,'2025-12-17 17:22:54','monthly',1,31,10,49),
(4683,1,21.00,21.00,0.00,0.00,0.00,0.00,0.00,'2025-12-17 17:22:54','monthly',1,31,7,39),
(4684,1,21.00,21.00,0.00,0.00,0.00,0.00,0.00,'2025-12-17 17:22:54','monthly',1,31,4,1),
(4685,1,21.00,21.00,0.00,0.00,0.00,0.00,0.00,'2025-12-17 17:22:54','monthly',1,31,6,37),
(4686,1,21.00,21.00,0.00,0.00,0.00,0.00,0.00,'2025-12-17 17:22:54','monthly',1,31,6,34),
(4687,1,21.00,21.00,0.00,0.00,0.00,0.00,0.00,'2025-12-17 17:22:54','monthly',1,31,4,3),
(4688,1,21.00,21.00,0.00,0.00,0.00,0.00,0.00,'2025-12-17 17:22:54','monthly',1,31,10,22),
(4689,1,21.00,21.00,0.00,0.00,0.00,0.00,0.00,'2025-12-17 17:22:54','monthly',1,31,7,14),
(4690,1,21.00,21.00,0.00,0.00,0.00,0.00,0.00,'2025-12-17 17:22:54','monthly',1,31,7,12),
(4691,1,21.00,21.00,0.00,0.00,0.00,0.00,0.00,'2025-12-17 17:22:54','monthly',1,31,9,52),
(4692,1,21.00,21.00,0.00,0.00,0.00,0.00,0.00,'2025-12-17 17:22:54','monthly',1,31,1,45),
(4693,1,23.00,23.00,0.00,0.00,0.00,0.00,0.00,'2025-12-17 17:22:54','monthly',1,32,1,44),
(4694,1,23.00,23.00,0.00,0.00,0.00,0.00,0.00,'2025-12-17 17:22:54','monthly',1,32,2,21),
(4695,1,23.00,23.00,0.00,0.00,0.00,0.00,0.00,'2025-12-17 17:22:54','monthly',1,32,2,20),
(4696,1,23.00,23.00,0.00,0.00,0.00,0.00,0.00,'2025-12-17 17:22:54','monthly',1,32,3,48),
(4697,1,23.00,23.00,0.00,0.00,0.00,0.00,0.00,'2025-12-17 17:22:54','monthly',1,32,4,2),
(4698,1,23.00,23.00,0.00,0.00,0.00,0.00,0.00,'2025-12-17 17:22:54','monthly',1,32,1,43),
(4699,1,23.00,23.00,0.00,0.00,0.00,0.00,0.00,'2025-12-17 17:22:54','monthly',1,32,4,31),
(4700,1,23.00,23.00,0.00,0.00,0.00,0.00,0.00,'2025-12-17 17:22:54','monthly',1,32,4,30),
(4701,1,23.00,23.00,0.00,0.00,0.00,0.00,0.00,'2025-12-17 17:22:54','monthly',1,32,4,29),
(4702,1,23.00,23.00,0.00,0.00,0.00,0.00,0.00,'2025-12-17 17:22:54','monthly',1,32,5,51),
(4703,1,23.00,23.00,0.00,0.00,0.00,0.00,0.00,'2025-12-17 17:22:54','monthly',1,32,2,47),
(4704,1,23.00,23.00,0.00,0.00,0.00,0.00,0.00,'2025-12-17 17:22:54','monthly',1,32,3,23),
(4705,1,23.00,23.00,0.00,0.00,0.00,0.00,0.00,'2025-12-17 17:22:54','monthly',1,32,NULL,53),
(4706,1,23.00,23.00,0.00,0.00,0.00,0.00,0.00,'2025-12-17 17:22:54','monthly',1,32,NULL,54),
(4707,1,23.00,23.00,0.00,0.00,0.00,0.00,0.00,'2025-12-17 17:22:54','monthly',1,32,6,10),
(4708,1,23.00,23.00,0.00,0.00,0.00,0.00,0.00,'2025-12-17 17:22:54','monthly',1,32,6,38),
(4709,1,23.00,23.00,0.00,0.00,0.00,0.00,0.00,'2025-12-17 17:22:54','monthly',1,32,7,40),
(4710,1,23.00,23.00,0.00,0.00,0.00,0.00,0.00,'2025-12-17 17:22:54','monthly',1,32,8,24),
(4711,1,23.00,23.00,0.00,0.00,0.00,0.00,0.00,'2025-12-17 17:22:54','monthly',1,32,6,9),
(4712,1,23.00,23.00,0.00,0.00,0.00,0.00,0.00,'2025-12-17 17:22:54','monthly',1,32,7,13),
(4713,1,23.00,23.00,0.00,0.00,0.00,0.00,0.00,'2025-12-17 17:22:54','monthly',1,32,1,17),
(4714,1,23.00,23.00,0.00,0.00,0.00,0.00,0.00,'2025-12-17 17:22:54','monthly',1,32,6,36),
(4715,1,23.00,23.00,0.00,0.00,0.00,0.00,0.00,'2025-12-17 17:22:54','monthly',1,32,7,15),
(4716,1,23.00,23.00,0.00,0.00,0.00,0.00,0.00,'2025-12-17 17:22:54','monthly',1,32,4,4),
(4717,1,23.00,23.00,0.00,0.00,0.00,0.00,0.00,'2025-12-17 17:22:54','monthly',1,32,3,50),
(4718,1,23.00,23.00,0.00,0.00,0.00,0.00,0.00,'2025-12-17 17:22:54','monthly',1,32,4,33),
(4719,1,23.00,23.00,0.00,0.00,0.00,0.00,0.00,'2025-12-17 17:22:54','monthly',1,32,9,26),
(4720,1,23.00,23.00,0.00,0.00,0.00,0.00,0.00,'2025-12-17 17:22:54','monthly',1,32,4,6),
(4721,1,23.00,23.00,0.00,0.00,0.00,0.00,0.00,'2025-12-17 17:22:54','monthly',1,32,6,7),
(4722,1,23.00,23.00,0.00,0.00,0.00,0.00,0.00,'2025-12-17 17:22:54','monthly',1,32,NULL,27),
(4723,1,23.00,23.00,0.00,0.00,0.00,0.00,0.00,'2025-12-17 17:22:54','monthly',1,32,1,18),
(4724,1,23.00,23.00,0.00,0.00,0.00,0.00,0.00,'2025-12-17 17:22:54','monthly',1,32,5,25),
(4725,1,23.00,23.00,0.00,0.00,0.00,0.00,0.00,'2025-12-17 17:22:54','monthly',1,32,1,16),
(4726,1,23.00,23.00,0.00,0.00,0.00,0.00,0.00,'2025-12-17 17:22:54','monthly',1,32,6,8),
(4727,1,23.00,23.00,0.00,0.00,0.00,0.00,0.00,'2025-12-17 17:22:54','monthly',1,32,4,28),
(4728,1,23.00,23.00,0.00,0.00,0.00,0.00,0.00,'2025-12-17 17:22:54','monthly',1,32,6,11),
(4729,1,23.00,23.00,0.00,0.00,0.00,0.00,0.00,'2025-12-17 17:22:54','monthly',1,32,4,5),
(4730,1,23.00,23.00,0.00,0.00,0.00,0.00,0.00,'2025-12-17 17:22:54','monthly',1,32,1,46),
(4731,1,23.00,23.00,0.00,0.00,0.00,0.00,0.00,'2025-12-17 17:22:54','monthly',1,32,4,32),
(4732,1,23.00,23.00,0.00,0.00,0.00,0.00,0.00,'2025-12-17 17:22:54','monthly',1,32,7,42),
(4733,1,23.00,23.00,0.00,0.00,0.00,0.00,0.00,'2025-12-17 17:22:54','monthly',1,32,6,35),
(4734,1,23.00,23.00,0.00,0.00,0.00,0.00,0.00,'2025-12-17 17:22:54','monthly',1,32,7,41),
(4735,1,23.00,23.00,0.00,0.00,0.00,0.00,0.00,'2025-12-17 17:22:54','monthly',1,32,1,19),
(4736,1,23.00,23.00,0.00,0.00,0.00,0.00,0.00,'2025-12-17 17:22:54','monthly',1,32,10,49),
(4737,1,23.00,23.00,0.00,0.00,0.00,0.00,0.00,'2025-12-17 17:22:54','monthly',1,32,7,39),
(4738,1,23.00,23.00,0.00,0.00,0.00,0.00,0.00,'2025-12-17 17:22:54','monthly',1,32,4,1),
(4739,1,23.00,23.00,0.00,0.00,0.00,0.00,0.00,'2025-12-17 17:22:54','monthly',1,32,6,37),
(4740,1,23.00,23.00,0.00,0.00,0.00,0.00,0.00,'2025-12-17 17:22:54','monthly',1,32,6,34),
(4741,1,23.00,23.00,0.00,0.00,0.00,0.00,0.00,'2025-12-17 17:22:54','monthly',1,32,4,3),
(4742,1,23.00,23.00,0.00,0.00,0.00,0.00,0.00,'2025-12-17 17:22:54','monthly',1,32,10,22),
(4743,1,23.00,23.00,0.00,0.00,0.00,0.00,0.00,'2025-12-17 17:22:54','monthly',1,32,7,14),
(4744,1,23.00,23.00,0.00,0.00,0.00,0.00,0.00,'2025-12-17 17:22:54','monthly',1,32,7,12),
(4745,1,23.00,23.00,0.00,0.00,0.00,0.00,0.00,'2025-12-17 17:22:54','monthly',1,32,9,52),
(4746,1,23.00,23.00,0.00,0.00,0.00,0.00,0.00,'2025-12-17 17:22:54','monthly',1,32,1,45),
(4747,1,21.00,21.00,0.00,0.00,0.00,0.00,0.00,'2025-12-17 17:22:54','monthly',1,33,1,44),
(4748,1,21.00,21.00,0.00,0.00,0.00,0.00,0.00,'2025-12-17 17:22:54','monthly',1,33,2,21),
(4749,1,21.00,21.00,0.00,0.00,0.00,0.00,0.00,'2025-12-17 17:22:54','monthly',1,33,2,20),
(4750,1,21.00,21.00,0.00,0.00,0.00,0.00,0.00,'2025-12-17 17:22:54','monthly',1,33,3,48),
(4751,1,21.00,21.00,0.00,0.00,0.00,0.00,0.00,'2025-12-17 17:22:54','monthly',1,33,4,2),
(4752,1,21.00,21.00,0.00,0.00,0.00,0.00,0.00,'2025-12-17 17:22:54','monthly',1,33,1,43),
(4753,1,21.00,21.00,0.00,0.00,0.00,0.00,0.00,'2025-12-17 17:22:54','monthly',1,33,4,31),
(4754,1,21.00,21.00,0.00,0.00,0.00,0.00,0.00,'2025-12-17 17:22:54','monthly',1,33,4,30),
(4755,1,21.00,21.00,0.00,0.00,0.00,0.00,0.00,'2025-12-17 17:22:54','monthly',1,33,4,29),
(4756,1,21.00,21.00,0.00,0.00,0.00,0.00,0.00,'2025-12-17 17:22:54','monthly',1,33,5,51),
(4757,1,21.00,21.00,0.00,0.00,0.00,0.00,0.00,'2025-12-17 17:22:54','monthly',1,33,2,47),
(4758,1,21.00,21.00,0.00,0.00,0.00,0.00,0.00,'2025-12-17 17:22:54','monthly',1,33,3,23),
(4759,1,21.00,21.00,0.00,0.00,0.00,0.00,0.00,'2025-12-17 17:22:54','monthly',1,33,NULL,53),
(4760,1,21.00,21.00,0.00,0.00,0.00,0.00,0.00,'2025-12-17 17:22:54','monthly',1,33,NULL,54),
(4761,1,21.00,21.00,0.00,0.00,0.00,0.00,0.00,'2025-12-17 17:22:54','monthly',1,33,6,10),
(4762,1,21.00,21.00,0.00,0.00,0.00,0.00,0.00,'2025-12-17 17:22:54','monthly',1,33,6,38),
(4763,1,21.00,21.00,0.00,0.00,0.00,0.00,0.00,'2025-12-17 17:22:54','monthly',1,33,7,40),
(4764,1,21.00,21.00,0.00,0.00,0.00,0.00,0.00,'2025-12-17 17:22:54','monthly',1,33,8,24),
(4765,1,21.00,21.00,0.00,0.00,0.00,0.00,0.00,'2025-12-17 17:22:54','monthly',1,33,6,9),
(4766,1,21.00,21.00,0.00,0.00,0.00,0.00,0.00,'2025-12-17 17:22:54','monthly',1,33,7,13),
(4767,1,21.00,21.00,0.00,0.00,0.00,0.00,0.00,'2025-12-17 17:22:54','monthly',1,33,1,17),
(4768,1,21.00,21.00,0.00,0.00,0.00,0.00,0.00,'2025-12-17 17:22:54','monthly',1,33,6,36),
(4769,1,21.00,21.00,0.00,0.00,0.00,0.00,0.00,'2025-12-17 17:22:54','monthly',1,33,7,15),
(4770,1,21.00,21.00,0.00,0.00,0.00,0.00,0.00,'2025-12-17 17:22:54','monthly',1,33,4,4),
(4771,1,21.00,21.00,0.00,0.00,0.00,0.00,0.00,'2025-12-17 17:22:54','monthly',1,33,3,50),
(4772,1,21.00,21.00,0.00,0.00,0.00,0.00,0.00,'2025-12-17 17:22:54','monthly',1,33,4,33),
(4773,1,21.00,21.00,0.00,0.00,0.00,0.00,0.00,'2025-12-17 17:22:54','monthly',1,33,9,26),
(4774,1,21.00,21.00,0.00,0.00,0.00,0.00,0.00,'2025-12-17 17:22:54','monthly',1,33,4,6),
(4775,1,21.00,21.00,0.00,0.00,0.00,0.00,0.00,'2025-12-17 17:22:54','monthly',1,33,6,7),
(4776,1,21.00,21.00,0.00,0.00,0.00,0.00,0.00,'2025-12-17 17:22:54','monthly',1,33,NULL,27),
(4777,1,21.00,21.00,0.00,0.00,0.00,0.00,0.00,'2025-12-17 17:22:54','monthly',1,33,1,18),
(4778,1,21.00,21.00,0.00,0.00,0.00,0.00,0.00,'2025-12-17 17:22:54','monthly',1,33,5,25),
(4779,1,21.00,21.00,0.00,0.00,0.00,0.00,0.00,'2025-12-17 17:22:54','monthly',1,33,1,16),
(4780,1,21.00,21.00,0.00,0.00,0.00,0.00,0.00,'2025-12-17 17:22:54','monthly',1,33,6,8),
(4781,1,21.00,21.00,0.00,0.00,0.00,0.00,0.00,'2025-12-17 17:22:54','monthly',1,33,4,28),
(4782,1,21.00,21.00,0.00,0.00,0.00,0.00,0.00,'2025-12-17 17:22:54','monthly',1,33,6,11),
(4783,1,21.00,21.00,0.00,0.00,0.00,0.00,0.00,'2025-12-17 17:22:54','monthly',1,33,4,5),
(4784,1,21.00,21.00,0.00,0.00,0.00,0.00,0.00,'2025-12-17 17:22:54','monthly',1,33,1,46),
(4785,1,21.00,21.00,0.00,0.00,0.00,0.00,0.00,'2025-12-17 17:22:54','monthly',1,33,4,32),
(4786,1,21.00,21.00,0.00,0.00,0.00,0.00,0.00,'2025-12-17 17:22:54','monthly',1,33,7,42),
(4787,1,21.00,21.00,0.00,0.00,0.00,0.00,0.00,'2025-12-17 17:22:54','monthly',1,33,6,35),
(4788,1,21.00,21.00,0.00,0.00,0.00,0.00,0.00,'2025-12-17 17:22:54','monthly',1,33,7,41),
(4789,1,21.00,21.00,0.00,0.00,0.00,0.00,0.00,'2025-12-17 17:22:54','monthly',1,33,1,19),
(4790,1,21.00,21.00,0.00,0.00,0.00,0.00,0.00,'2025-12-17 17:22:54','monthly',1,33,10,49),
(4791,1,21.00,21.00,0.00,0.00,0.00,0.00,0.00,'2025-12-17 17:22:54','monthly',1,33,7,39),
(4792,1,21.00,21.00,0.00,0.00,0.00,0.00,0.00,'2025-12-17 17:22:54','monthly',1,33,4,1),
(4793,1,21.00,21.00,0.00,0.00,0.00,0.00,0.00,'2025-12-17 17:22:54','monthly',1,33,6,37),
(4794,1,21.00,21.00,0.00,0.00,0.00,0.00,0.00,'2025-12-17 17:22:54','monthly',1,33,6,34),
(4795,1,21.00,21.00,0.00,0.00,0.00,0.00,0.00,'2025-12-17 17:22:54','monthly',1,33,4,3),
(4796,1,21.00,21.00,0.00,0.00,0.00,0.00,0.00,'2025-12-17 17:22:54','monthly',1,33,10,22),
(4797,1,21.00,21.00,0.00,0.00,0.00,0.00,0.00,'2025-12-17 17:22:54','monthly',1,33,7,14),
(4798,1,21.00,21.00,0.00,0.00,0.00,0.00,0.00,'2025-12-17 17:22:54','monthly',1,33,7,12),
(4799,1,21.00,21.00,0.00,0.00,0.00,0.00,0.00,'2025-12-17 17:22:54','monthly',1,33,9,52),
(4800,1,21.00,21.00,0.00,0.00,0.00,0.00,0.00,'2025-12-17 17:22:54','monthly',1,33,1,45),
(4801,1,22.00,22.00,0.00,0.00,0.00,0.00,0.00,'2025-12-17 17:22:54','monthly',1,34,1,44),
(4802,1,22.00,22.00,0.00,0.00,0.00,0.00,0.00,'2025-12-17 17:22:54','monthly',1,34,2,21),
(4803,1,22.00,22.00,0.00,0.00,0.00,0.00,0.00,'2025-12-17 17:22:54','monthly',1,34,2,20),
(4804,1,22.00,22.00,0.00,0.00,0.00,0.00,0.00,'2025-12-17 17:22:54','monthly',1,34,3,48),
(4805,1,22.00,22.00,0.00,0.00,0.00,0.00,0.00,'2025-12-17 17:22:54','monthly',1,34,4,2),
(4806,1,22.00,22.00,0.00,0.00,0.00,0.00,0.00,'2025-12-17 17:22:54','monthly',1,34,1,43),
(4807,1,22.00,22.00,0.00,0.00,0.00,0.00,0.00,'2025-12-17 17:22:54','monthly',1,34,4,31),
(4808,1,22.00,22.00,0.00,0.00,0.00,0.00,0.00,'2025-12-17 17:22:54','monthly',1,34,4,30),
(4809,1,22.00,22.00,0.00,0.00,0.00,0.00,0.00,'2025-12-17 17:22:54','monthly',1,34,4,29),
(4810,1,22.00,22.00,0.00,0.00,0.00,0.00,0.00,'2025-12-17 17:22:54','monthly',1,34,5,51),
(4811,1,22.00,22.00,0.00,0.00,0.00,0.00,0.00,'2025-12-17 17:22:54','monthly',1,34,2,47),
(4812,1,22.00,22.00,0.00,0.00,0.00,0.00,0.00,'2025-12-17 17:22:54','monthly',1,34,3,23),
(4813,1,22.00,22.00,0.00,0.00,0.00,0.00,0.00,'2025-12-17 17:22:54','monthly',1,34,NULL,53),
(4814,1,22.00,22.00,0.00,0.00,0.00,0.00,0.00,'2025-12-17 17:22:54','monthly',1,34,NULL,54),
(4815,1,22.00,22.00,0.00,0.00,0.00,0.00,0.00,'2025-12-17 17:22:54','monthly',1,34,6,10),
(4816,1,22.00,22.00,0.00,0.00,0.00,0.00,0.00,'2025-12-17 17:22:54','monthly',1,34,6,38),
(4817,1,22.00,22.00,0.00,0.00,0.00,0.00,0.00,'2025-12-17 17:22:54','monthly',1,34,7,40),
(4818,1,22.00,22.00,0.00,0.00,0.00,0.00,0.00,'2025-12-17 17:22:54','monthly',1,34,8,24),
(4819,1,22.00,22.00,0.00,0.00,0.00,0.00,0.00,'2025-12-17 17:22:54','monthly',1,34,6,9),
(4820,1,22.00,22.00,0.00,0.00,0.00,0.00,0.00,'2025-12-17 17:22:54','monthly',1,34,7,13),
(4821,1,22.00,22.00,0.00,0.00,0.00,0.00,0.00,'2025-12-17 17:22:54','monthly',1,34,1,17),
(4822,1,22.00,22.00,0.00,0.00,0.00,0.00,0.00,'2025-12-17 17:22:54','monthly',1,34,6,36),
(4823,1,22.00,22.00,0.00,0.00,0.00,0.00,0.00,'2025-12-17 17:22:54','monthly',1,34,7,15),
(4824,1,22.00,22.00,0.00,0.00,0.00,0.00,0.00,'2025-12-17 17:22:54','monthly',1,34,4,4),
(4825,1,22.00,22.00,0.00,0.00,0.00,0.00,0.00,'2025-12-17 17:22:54','monthly',1,34,3,50),
(4826,1,22.00,22.00,0.00,0.00,0.00,0.00,0.00,'2025-12-17 17:22:54','monthly',1,34,4,33),
(4827,1,22.00,22.00,0.00,0.00,0.00,0.00,0.00,'2025-12-17 17:22:54','monthly',1,34,9,26),
(4828,1,22.00,22.00,0.00,0.00,0.00,0.00,0.00,'2025-12-17 17:22:54','monthly',1,34,4,6),
(4829,1,22.00,22.00,0.00,0.00,0.00,0.00,0.00,'2025-12-17 17:22:54','monthly',1,34,6,7),
(4830,1,22.00,22.00,0.00,0.00,0.00,0.00,0.00,'2025-12-17 17:22:54','monthly',1,34,NULL,27),
(4831,1,22.00,22.00,0.00,0.00,0.00,0.00,0.00,'2025-12-17 17:22:54','monthly',1,34,1,18),
(4832,1,22.00,22.00,0.00,0.00,0.00,0.00,0.00,'2025-12-17 17:22:54','monthly',1,34,5,25),
(4833,1,22.00,22.00,0.00,0.00,0.00,0.00,0.00,'2025-12-17 17:22:54','monthly',1,34,1,16),
(4834,1,22.00,22.00,0.00,0.00,0.00,0.00,0.00,'2025-12-17 17:22:54','monthly',1,34,6,8),
(4835,1,22.00,22.00,0.00,0.00,0.00,0.00,0.00,'2025-12-17 17:22:54','monthly',1,34,4,28),
(4836,1,22.00,22.00,0.00,0.00,0.00,0.00,0.00,'2025-12-17 17:22:54','monthly',1,34,6,11),
(4837,1,22.00,22.00,0.00,0.00,0.00,0.00,0.00,'2025-12-17 17:22:54','monthly',1,34,4,5),
(4838,1,22.00,22.00,0.00,0.00,0.00,0.00,0.00,'2025-12-17 17:22:54','monthly',1,34,1,46),
(4839,1,22.00,22.00,0.00,0.00,0.00,0.00,0.00,'2025-12-17 17:22:54','monthly',1,34,4,32),
(4840,1,22.00,22.00,0.00,0.00,0.00,0.00,0.00,'2025-12-17 17:22:54','monthly',1,34,7,42),
(4841,1,22.00,22.00,0.00,0.00,0.00,0.00,0.00,'2025-12-17 17:22:54','monthly',1,34,6,35),
(4842,1,22.00,22.00,0.00,0.00,0.00,0.00,0.00,'2025-12-17 17:22:54','monthly',1,34,7,41),
(4843,1,22.00,22.00,0.00,0.00,0.00,0.00,0.00,'2025-12-17 17:22:54','monthly',1,34,1,19),
(4844,1,22.00,22.00,0.00,0.00,0.00,0.00,0.00,'2025-12-17 17:22:54','monthly',1,34,10,49),
(4845,1,22.00,22.00,0.00,0.00,0.00,0.00,0.00,'2025-12-17 17:22:54','monthly',1,34,7,39),
(4846,1,22.00,22.00,0.00,0.00,0.00,0.00,0.00,'2025-12-17 17:22:54','monthly',1,34,4,1),
(4847,1,22.00,22.00,0.00,0.00,0.00,0.00,0.00,'2025-12-17 17:22:54','monthly',1,34,6,37),
(4848,1,22.00,22.00,0.00,0.00,0.00,0.00,0.00,'2025-12-17 17:22:54','monthly',1,34,6,34),
(4849,1,22.00,22.00,0.00,0.00,0.00,0.00,0.00,'2025-12-17 17:22:54','monthly',1,34,4,3),
(4850,1,22.00,22.00,0.00,0.00,0.00,0.00,0.00,'2025-12-17 17:22:54','monthly',1,34,10,22),
(4851,1,22.00,22.00,0.00,0.00,0.00,0.00,0.00,'2025-12-17 17:22:54','monthly',1,34,7,14),
(4852,1,22.00,22.00,0.00,0.00,0.00,0.00,0.00,'2025-12-17 17:22:54','monthly',1,34,7,12),
(4853,1,22.00,22.00,0.00,0.00,0.00,0.00,0.00,'2025-12-17 17:22:54','monthly',1,34,9,52),
(4854,1,22.00,22.00,0.00,0.00,0.00,0.00,0.00,'2025-12-17 17:22:54','monthly',1,34,1,45),
(4855,1,23.00,23.00,0.00,0.00,0.00,0.00,0.00,'2025-12-17 17:22:55','monthly',1,35,1,44),
(4856,1,23.00,23.00,0.00,0.00,0.00,0.00,0.00,'2025-12-17 17:22:55','monthly',1,35,2,21),
(4857,1,23.00,23.00,0.00,0.00,0.00,0.00,0.00,'2025-12-17 17:22:55','monthly',1,35,2,20),
(4858,1,23.00,23.00,0.00,0.00,0.00,0.00,0.00,'2025-12-17 17:22:55','monthly',1,35,3,48),
(4859,1,23.00,23.00,0.00,0.00,0.00,0.00,0.00,'2025-12-17 17:22:55','monthly',1,35,4,2),
(4860,1,23.00,23.00,0.00,0.00,0.00,0.00,0.00,'2025-12-17 17:22:55','monthly',1,35,1,43),
(4861,1,23.00,23.00,0.00,0.00,0.00,0.00,0.00,'2025-12-17 17:22:55','monthly',1,35,4,31),
(4862,1,23.00,23.00,0.00,0.00,0.00,0.00,0.00,'2025-12-17 17:22:55','monthly',1,35,4,30),
(4863,1,23.00,23.00,0.00,0.00,0.00,0.00,0.00,'2025-12-17 17:22:55','monthly',1,35,4,29),
(4864,1,23.00,23.00,0.00,0.00,0.00,0.00,0.00,'2025-12-17 17:22:55','monthly',1,35,5,51),
(4865,1,23.00,23.00,0.00,0.00,0.00,0.00,0.00,'2025-12-17 17:22:55','monthly',1,35,2,47),
(4866,1,23.00,23.00,0.00,0.00,0.00,0.00,0.00,'2025-12-17 17:22:55','monthly',1,35,3,23),
(4867,1,23.00,23.00,0.00,0.00,0.00,0.00,0.00,'2025-12-17 17:22:55','monthly',1,35,NULL,53),
(4868,1,23.00,23.00,0.00,0.00,0.00,0.00,0.00,'2025-12-17 17:22:55','monthly',1,35,NULL,54),
(4869,1,23.00,23.00,0.00,0.00,0.00,0.00,0.00,'2025-12-17 17:22:55','monthly',1,35,6,10),
(4870,1,23.00,23.00,0.00,0.00,0.00,0.00,0.00,'2025-12-17 17:22:55','monthly',1,35,6,38),
(4871,1,23.00,23.00,0.00,0.00,0.00,0.00,0.00,'2025-12-17 17:22:55','monthly',1,35,7,40),
(4872,1,23.00,23.00,0.00,0.00,0.00,0.00,0.00,'2025-12-17 17:22:55','monthly',1,35,8,24),
(4873,1,23.00,23.00,0.00,0.00,0.00,0.00,0.00,'2025-12-17 17:22:55','monthly',1,35,6,9),
(4874,1,23.00,23.00,0.00,0.00,0.00,0.00,0.00,'2025-12-17 17:22:55','monthly',1,35,7,13),
(4875,1,23.00,23.00,0.00,0.00,0.00,0.00,0.00,'2025-12-17 17:22:55','monthly',1,35,1,17),
(4876,1,23.00,23.00,0.00,0.00,0.00,0.00,0.00,'2025-12-17 17:22:55','monthly',1,35,6,36),
(4877,1,23.00,23.00,0.00,0.00,0.00,0.00,0.00,'2025-12-17 17:22:55','monthly',1,35,7,15),
(4878,1,23.00,23.00,0.00,0.00,0.00,0.00,0.00,'2025-12-17 17:22:55','monthly',1,35,4,4),
(4879,1,23.00,23.00,0.00,0.00,0.00,0.00,0.00,'2025-12-17 17:22:55','monthly',1,35,3,50),
(4880,1,23.00,23.00,0.00,0.00,0.00,0.00,0.00,'2025-12-17 17:22:55','monthly',1,35,4,33),
(4881,1,23.00,23.00,0.00,0.00,0.00,0.00,0.00,'2025-12-17 17:22:55','monthly',1,35,9,26),
(4882,1,23.00,23.00,0.00,0.00,0.00,0.00,0.00,'2025-12-17 17:22:55','monthly',1,35,4,6),
(4883,1,23.00,23.00,0.00,0.00,0.00,0.00,0.00,'2025-12-17 17:22:55','monthly',1,35,6,7),
(4884,1,23.00,23.00,0.00,0.00,0.00,0.00,0.00,'2025-12-17 17:22:55','monthly',1,35,NULL,27),
(4885,1,23.00,23.00,0.00,0.00,0.00,0.00,0.00,'2025-12-17 17:22:55','monthly',1,35,1,18),
(4886,1,23.00,23.00,0.00,0.00,0.00,0.00,0.00,'2025-12-17 17:22:55','monthly',1,35,5,25),
(4887,1,23.00,23.00,0.00,0.00,0.00,0.00,0.00,'2025-12-17 17:22:55','monthly',1,35,1,16),
(4888,1,23.00,23.00,0.00,0.00,0.00,0.00,0.00,'2025-12-17 17:22:55','monthly',1,35,6,8),
(4889,1,23.00,23.00,0.00,0.00,0.00,0.00,0.00,'2025-12-17 17:22:55','monthly',1,35,4,28),
(4890,1,23.00,23.00,0.00,0.00,0.00,0.00,0.00,'2025-12-17 17:22:55','monthly',1,35,6,11),
(4891,1,23.00,23.00,0.00,0.00,0.00,0.00,0.00,'2025-12-17 17:22:55','monthly',1,35,4,5),
(4892,1,23.00,23.00,0.00,0.00,0.00,0.00,0.00,'2025-12-17 17:22:55','monthly',1,35,1,46),
(4893,1,23.00,23.00,0.00,0.00,0.00,0.00,0.00,'2025-12-17 17:22:55','monthly',1,35,4,32),
(4894,1,23.00,23.00,0.00,0.00,0.00,0.00,0.00,'2025-12-17 17:22:55','monthly',1,35,7,42),
(4895,1,23.00,23.00,0.00,0.00,0.00,0.00,0.00,'2025-12-17 17:22:55','monthly',1,35,6,35),
(4896,1,23.00,23.00,0.00,0.00,0.00,0.00,0.00,'2025-12-17 17:22:55','monthly',1,35,7,41),
(4897,1,23.00,23.00,0.00,0.00,0.00,0.00,0.00,'2025-12-17 17:22:55','monthly',1,35,1,19),
(4898,1,23.00,23.00,0.00,0.00,0.00,0.00,0.00,'2025-12-17 17:22:55','monthly',1,35,10,49),
(4899,1,23.00,23.00,0.00,0.00,0.00,0.00,0.00,'2025-12-17 17:22:55','monthly',1,35,7,39),
(4900,1,23.00,23.00,0.00,0.00,0.00,0.00,0.00,'2025-12-17 17:22:55','monthly',1,35,4,1),
(4901,1,23.00,23.00,0.00,0.00,0.00,0.00,0.00,'2025-12-17 17:22:55','monthly',1,35,6,37),
(4902,1,23.00,23.00,0.00,0.00,0.00,0.00,0.00,'2025-12-17 17:22:55','monthly',1,35,6,34),
(4903,1,23.00,23.00,0.00,0.00,0.00,0.00,0.00,'2025-12-17 17:22:55','monthly',1,35,4,3),
(4904,1,23.00,23.00,0.00,0.00,0.00,0.00,0.00,'2025-12-17 17:22:55','monthly',1,35,10,22),
(4905,1,23.00,23.00,0.00,0.00,0.00,0.00,0.00,'2025-12-17 17:22:55','monthly',1,35,7,14),
(4906,1,23.00,23.00,0.00,0.00,0.00,0.00,0.00,'2025-12-17 17:22:55','monthly',1,35,7,12),
(4907,1,23.00,23.00,0.00,0.00,0.00,0.00,0.00,'2025-12-17 17:22:55','monthly',1,35,9,52),
(4908,1,23.00,23.00,0.00,0.00,0.00,0.00,0.00,'2025-12-17 17:22:55','monthly',1,35,1,45),
(4909,1,20.00,20.00,0.00,0.00,0.00,0.00,0.00,'2025-12-17 17:22:55','monthly',1,36,1,44),
(4910,1,20.00,20.00,0.00,0.00,0.00,0.00,0.00,'2025-12-17 17:22:55','monthly',1,36,2,21),
(4911,1,20.00,20.00,0.00,0.00,0.00,0.00,0.00,'2025-12-17 17:22:55','monthly',1,36,2,20),
(4912,1,20.00,20.00,0.00,0.00,0.00,0.00,0.00,'2025-12-17 17:22:55','monthly',1,36,3,48),
(4913,1,20.00,20.00,0.00,0.00,0.00,0.00,0.00,'2025-12-17 17:22:55','monthly',1,36,4,2),
(4914,1,20.00,20.00,0.00,0.00,0.00,0.00,0.00,'2025-12-17 17:22:55','monthly',1,36,1,43),
(4915,1,20.00,20.00,0.00,0.00,0.00,0.00,0.00,'2025-12-17 17:22:55','monthly',1,36,4,31),
(4916,1,20.00,20.00,0.00,0.00,0.00,0.00,0.00,'2025-12-17 17:22:55','monthly',1,36,4,30),
(4917,1,20.00,20.00,0.00,0.00,0.00,0.00,0.00,'2025-12-17 17:22:55','monthly',1,36,4,29),
(4918,1,20.00,20.00,0.00,0.00,0.00,0.00,0.00,'2025-12-17 17:22:55','monthly',1,36,5,51),
(4919,1,20.00,20.00,0.00,0.00,0.00,0.00,0.00,'2025-12-17 17:22:55','monthly',1,36,2,47),
(4920,1,20.00,20.00,0.00,0.00,0.00,0.00,0.00,'2025-12-17 17:22:55','monthly',1,36,3,23),
(4921,1,20.00,20.00,0.00,0.00,0.00,0.00,0.00,'2025-12-17 17:22:55','monthly',1,36,NULL,53),
(4922,1,20.00,20.00,0.00,0.00,0.00,0.00,0.00,'2025-12-17 17:22:55','monthly',1,36,NULL,54),
(4923,1,20.00,20.00,0.00,0.00,0.00,0.00,0.00,'2025-12-17 17:22:55','monthly',1,36,6,10),
(4924,1,20.00,20.00,0.00,0.00,0.00,0.00,0.00,'2025-12-17 17:22:55','monthly',1,36,6,38),
(4925,1,20.00,20.00,0.00,0.00,0.00,0.00,0.00,'2025-12-17 17:22:55','monthly',1,36,7,40),
(4926,1,20.00,20.00,0.00,0.00,0.00,0.00,0.00,'2025-12-17 17:22:55','monthly',1,36,8,24),
(4927,1,20.00,20.00,0.00,0.00,0.00,0.00,0.00,'2025-12-17 17:22:55','monthly',1,36,6,9),
(4928,1,20.00,20.00,0.00,0.00,0.00,0.00,0.00,'2025-12-17 17:22:55','monthly',1,36,7,13),
(4929,1,20.00,20.00,0.00,0.00,0.00,0.00,0.00,'2025-12-17 17:22:55','monthly',1,36,1,17),
(4930,1,20.00,20.00,0.00,0.00,0.00,0.00,0.00,'2025-12-17 17:22:55','monthly',1,36,6,36),
(4931,1,20.00,20.00,0.00,0.00,0.00,0.00,0.00,'2025-12-17 17:22:55','monthly',1,36,7,15),
(4932,1,20.00,20.00,0.00,0.00,0.00,0.00,0.00,'2025-12-17 17:22:55','monthly',1,36,4,4),
(4933,1,20.00,20.00,0.00,0.00,0.00,0.00,0.00,'2025-12-17 17:22:55','monthly',1,36,3,50),
(4934,1,20.00,20.00,0.00,0.00,0.00,0.00,0.00,'2025-12-17 17:22:55','monthly',1,36,4,33),
(4935,1,20.00,20.00,0.00,0.00,0.00,0.00,0.00,'2025-12-17 17:22:55','monthly',1,36,9,26),
(4936,1,20.00,20.00,0.00,0.00,0.00,0.00,0.00,'2025-12-17 17:22:55','monthly',1,36,4,6),
(4937,1,20.00,20.00,0.00,0.00,0.00,0.00,0.00,'2025-12-17 17:22:55','monthly',1,36,6,7),
(4938,1,20.00,20.00,0.00,0.00,0.00,0.00,0.00,'2025-12-17 17:22:55','monthly',1,36,NULL,27),
(4939,1,20.00,20.00,0.00,0.00,0.00,0.00,0.00,'2025-12-17 17:22:55','monthly',1,36,1,18),
(4940,1,20.00,20.00,0.00,0.00,0.00,0.00,0.00,'2025-12-17 17:22:55','monthly',1,36,5,25),
(4941,1,20.00,20.00,0.00,0.00,0.00,0.00,0.00,'2025-12-17 17:22:55','monthly',1,36,1,16),
(4942,1,20.00,20.00,0.00,0.00,0.00,0.00,0.00,'2025-12-17 17:22:55','monthly',1,36,6,8),
(4943,1,20.00,20.00,0.00,0.00,0.00,0.00,0.00,'2025-12-17 17:22:55','monthly',1,36,4,28),
(4944,1,20.00,20.00,0.00,0.00,0.00,0.00,0.00,'2025-12-17 17:22:55','monthly',1,36,6,11),
(4945,1,20.00,20.00,0.00,0.00,0.00,0.00,0.00,'2025-12-17 17:22:55','monthly',1,36,4,5),
(4946,1,20.00,20.00,0.00,0.00,0.00,0.00,0.00,'2025-12-17 17:22:55','monthly',1,36,1,46),
(4947,1,20.00,20.00,0.00,0.00,0.00,0.00,0.00,'2025-12-17 17:22:55','monthly',1,36,4,32),
(4948,1,20.00,20.00,0.00,0.00,0.00,0.00,0.00,'2025-12-17 17:22:55','monthly',1,36,7,42),
(4949,1,20.00,20.00,0.00,0.00,0.00,0.00,0.00,'2025-12-17 17:22:55','monthly',1,36,6,35),
(4950,1,20.00,20.00,0.00,0.00,0.00,0.00,0.00,'2025-12-17 17:22:55','monthly',1,36,7,41),
(4951,1,20.00,20.00,0.00,0.00,0.00,0.00,0.00,'2025-12-17 17:22:55','monthly',1,36,1,19),
(4952,1,20.00,20.00,0.00,0.00,0.00,0.00,0.00,'2025-12-17 17:22:55','monthly',1,36,10,49),
(4953,1,20.00,20.00,0.00,0.00,0.00,0.00,0.00,'2025-12-17 17:22:55','monthly',1,36,7,39),
(4954,1,20.00,20.00,0.00,0.00,0.00,0.00,0.00,'2025-12-17 17:22:55','monthly',1,36,4,1),
(4955,1,20.00,20.00,0.00,0.00,0.00,0.00,0.00,'2025-12-17 17:22:55','monthly',1,36,6,37),
(4956,1,20.00,20.00,0.00,0.00,0.00,0.00,0.00,'2025-12-17 17:22:55','monthly',1,36,6,34),
(4957,1,20.00,20.00,0.00,0.00,0.00,0.00,0.00,'2025-12-17 17:22:55','monthly',1,36,4,3),
(4958,1,20.00,20.00,0.00,0.00,0.00,0.00,0.00,'2025-12-17 17:22:55','monthly',1,36,10,22),
(4959,1,20.00,20.00,0.00,0.00,0.00,0.00,0.00,'2025-12-17 17:22:55','monthly',1,36,7,14),
(4960,1,20.00,20.00,0.00,0.00,0.00,0.00,0.00,'2025-12-17 17:22:55','monthly',1,36,7,12),
(4961,1,20.00,20.00,0.00,0.00,0.00,0.00,0.00,'2025-12-17 17:22:55','monthly',1,36,9,52),
(4962,1,20.00,20.00,0.00,0.00,0.00,0.00,0.00,'2025-12-17 17:22:55','monthly',1,36,1,45),
(4963,1,23.00,23.00,0.00,0.00,21.44,0.00,93.17,'2025-12-17 17:22:55','monthly',1,37,1,44),
(4964,1,23.00,23.00,0.00,0.00,17.25,0.00,75.00,'2025-12-17 17:22:55','monthly',1,37,2,21),
(4965,1,23.00,23.00,0.00,0.00,15.31,0.00,66.56,'2025-12-17 17:22:55','monthly',1,37,2,20),
(4966,1,23.00,23.00,0.00,0.00,8.78,0.00,38.13,'2025-12-17 17:22:55','monthly',1,37,3,48),
(4967,1,23.00,23.00,0.00,0.00,27.00,0.00,117.39,'2025-12-17 17:22:55','monthly',1,37,4,2),
(4968,1,23.00,23.00,0.00,0.00,0.00,0.00,0.00,'2025-12-17 17:22:55','monthly',1,37,1,43),
(4969,1,23.00,23.00,0.00,0.00,0.00,0.00,0.00,'2025-12-17 17:22:55','monthly',1,37,4,31),
(4970,1,23.00,23.00,0.00,0.00,0.00,0.00,0.00,'2025-12-17 17:22:55','monthly',1,37,4,30),
(4971,1,23.00,23.00,0.00,0.00,0.00,0.00,0.00,'2025-12-17 17:22:55','monthly',1,37,4,29),
(4972,1,23.00,23.00,0.00,0.00,13.13,0.00,57.04,'2025-12-17 17:22:55','monthly',1,37,5,51),
(4973,1,23.00,23.00,0.00,0.00,31.50,0.00,136.95,'2025-12-17 17:22:55','monthly',1,37,2,47),
(4974,1,23.00,23.00,0.00,0.00,9.38,0.00,40.73,'2025-12-17 17:22:55','monthly',1,37,3,23),
(4975,1,23.00,23.00,0.00,0.00,0.00,0.00,0.00,'2025-12-17 17:22:55','monthly',1,37,4,53),
(4976,1,23.00,23.00,0.00,0.00,0.00,0.00,0.00,'2025-12-17 17:22:55','monthly',1,37,NULL,54),
(4977,1,23.00,23.00,0.00,0.00,3.88,0.00,16.82,'2025-12-17 17:22:55','monthly',1,37,6,10),
(4978,1,23.00,23.00,0.00,0.00,22.75,0.00,98.91,'2025-12-17 17:22:55','monthly',1,37,6,38),
(4979,1,23.00,23.00,0.00,0.00,26.25,0.00,114.13,'2025-12-17 17:22:55','monthly',1,37,7,40),
(4980,1,23.00,23.00,0.00,0.00,24.25,0.00,105.43,'2025-12-17 17:22:55','monthly',1,37,8,24),
(4981,1,23.00,23.00,0.00,0.00,8.00,0.00,34.78,'2025-12-17 17:22:55','monthly',1,37,6,9),
(4982,1,23.00,23.00,0.00,0.00,2.25,0.00,9.78,'2025-12-17 17:22:55','monthly',1,37,7,13),
(4983,1,23.00,23.00,0.00,0.00,10.63,0.00,46.17,'2025-12-17 17:22:55','monthly',1,37,1,17),
(4984,1,23.00,23.00,0.00,0.00,0.00,0.00,0.00,'2025-12-17 17:22:55','monthly',1,37,6,36),
(4985,1,23.00,23.00,0.00,0.00,9.50,0.00,41.30,'2025-12-17 17:22:55','monthly',1,37,7,15),
(4986,1,23.00,23.00,0.00,0.00,12.00,0.00,52.17,'2025-12-17 17:22:55','monthly',1,37,4,4),
(4987,1,23.00,23.00,0.00,0.00,0.00,0.00,0.00,'2025-12-17 17:22:55','monthly',1,37,3,50),
(4988,1,23.00,23.00,0.00,0.00,0.00,0.00,0.00,'2025-12-17 17:22:55','monthly',1,37,4,33),
(4989,1,23.00,23.00,0.00,0.00,8.88,0.00,38.56,'2025-12-17 17:22:55','monthly',1,37,9,26),
(4990,1,23.00,23.00,0.00,0.00,3.00,0.00,13.04,'2025-12-17 17:22:55','monthly',1,37,4,6),
(4991,1,23.00,23.00,0.00,0.00,5.00,0.00,21.73,'2025-12-17 17:22:55','monthly',1,37,6,7),
(4992,1,23.00,23.00,0.00,0.00,0.00,0.00,0.00,'2025-12-17 17:22:55','monthly',1,37,NULL,27),
(4993,1,23.00,23.00,0.00,0.00,19.69,0.00,85.56,'2025-12-17 17:22:55','monthly',1,37,1,18),
(4994,1,23.00,23.00,0.00,0.00,9.00,0.00,39.13,'2025-12-17 17:22:55','monthly',1,37,5,25),
(4995,1,23.00,23.00,0.00,0.00,24.38,0.00,105.95,'2025-12-17 17:22:55','monthly',1,37,1,16),
(4996,1,23.00,23.00,0.00,0.00,10.25,0.00,44.56,'2025-12-17 17:22:55','monthly',1,37,6,8),
(4997,1,23.00,23.00,0.00,0.00,0.00,0.00,0.00,'2025-12-17 17:22:55','monthly',1,37,4,28),
(4998,1,23.00,23.00,0.00,0.00,11.00,0.00,47.82,'2025-12-17 17:22:55','monthly',1,37,6,11),
(4999,1,23.00,23.00,0.00,0.00,10.25,0.00,44.56,'2025-12-17 17:22:55','monthly',1,37,4,5),
(5000,1,23.00,23.00,0.00,0.00,0.00,0.00,0.00,'2025-12-17 17:22:55','monthly',1,37,1,46),
(5001,1,23.00,23.00,0.00,0.00,0.00,0.00,0.00,'2025-12-17 17:22:55','monthly',1,37,4,32),
(5002,1,23.00,23.00,0.00,0.00,0.00,0.00,0.00,'2025-12-17 17:22:55','monthly',1,37,7,42),
(5003,1,23.00,23.00,0.00,0.00,0.00,0.00,0.00,'2025-12-17 17:22:55','monthly',1,37,6,35),
(5004,1,23.00,23.00,0.00,0.00,0.00,0.00,0.00,'2025-12-17 17:22:55','monthly',1,37,7,41),
(5005,1,23.00,23.00,0.00,0.00,3.75,0.00,16.30,'2025-12-17 17:22:55','monthly',1,37,1,19),
(5006,1,23.00,23.00,0.00,0.00,0.00,0.00,0.00,'2025-12-17 17:22:55','monthly',1,37,10,49),
(5007,1,23.00,23.00,0.00,0.00,0.00,0.00,0.00,'2025-12-17 17:22:55','monthly',1,37,7,39),
(5008,1,23.00,23.00,0.00,0.00,12.25,0.00,53.26,'2025-12-17 17:22:55','monthly',1,37,4,1),
(5009,1,23.00,23.00,0.00,0.00,0.00,0.00,0.00,'2025-12-17 17:22:55','monthly',1,37,6,37),
(5010,1,23.00,23.00,0.00,0.00,0.00,0.00,0.00,'2025-12-17 17:22:55','monthly',1,37,6,34),
(5011,1,23.00,23.00,0.00,0.00,16.63,0.00,72.26,'2025-12-17 17:22:55','monthly',1,37,4,3),
(5012,1,23.00,23.00,0.00,0.00,24.25,0.00,105.43,'2025-12-17 17:22:55','monthly',1,37,10,22),
(5013,1,23.00,23.00,0.00,0.00,25.13,0.00,109.21,'2025-12-17 17:22:55','monthly',1,37,7,14),
(5014,1,23.00,23.00,0.00,0.00,15.00,0.00,65.21,'2025-12-17 17:22:55','monthly',1,37,7,12),
(5015,1,23.00,23.00,0.00,0.00,15.75,0.00,68.47,'2025-12-17 17:22:55','monthly',1,37,9,52),
(5016,1,23.00,23.00,0.00,0.00,0.00,0.00,0.00,'2025-12-17 17:22:55','monthly',1,37,1,45);
/*!40000 ALTER TABLE `fact_staffing_metrics` ENABLE KEYS */;
UNLOCK TABLES;

--
-- Table structure for table `invoice_lines`
--

DROP TABLE IF EXISTS `invoice_lines`;
/*!40101 SET @saved_cs_client     = @@character_set_client */;
/*!40101 SET character_set_client = utf8mb4 */;
CREATE TABLE `invoice_lines` (
  `id` int(11) NOT NULL AUTO_INCREMENT,
  `description` longtext NOT NULL,
  `quantity` decimal(10,2) NOT NULL,
  `unit` varchar(50) NOT NULL,
  `unit_price_ht` decimal(12,2) NOT NULL,
  `total_ht` decimal(12,2) NOT NULL,
  `tva_rate` decimal(5,2) NOT NULL,
  `tva_amount` decimal(12,2) NOT NULL,
  `total_ttc` decimal(12,2) NOT NULL,
  `display_order` int(11) NOT NULL,
  `invoice_id` int(11) NOT NULL,
  PRIMARY KEY (`id`),
  KEY `IDX_72DBDC232989F1FD` (`invoice_id`),
  CONSTRAINT `FK_72DBDC232989F1FD` FOREIGN KEY (`invoice_id`) REFERENCES `invoices` (`id`) ON DELETE CASCADE
) ENGINE=InnoDB DEFAULT CHARSET=utf8mb4 COLLATE=utf8mb4_uca1400_ai_ci;
/*!40101 SET character_set_client = @saved_cs_client */;

--
-- Dumping data for table `invoice_lines`
--

LOCK TABLES `invoice_lines` WRITE;
/*!40000 ALTER TABLE `invoice_lines` DISABLE KEYS */;
/*!40000 ALTER TABLE `invoice_lines` ENABLE KEYS */;
UNLOCK TABLES;

--
-- Table structure for table `invoices`
--

DROP TABLE IF EXISTS `invoices`;
/*!40101 SET @saved_cs_client     = @@character_set_client */;
/*!40101 SET character_set_client = utf8mb4 */;
CREATE TABLE `invoices` (
  `id` int(11) NOT NULL AUTO_INCREMENT,
  `invoice_number` varchar(50) NOT NULL,
  `status` varchar(20) NOT NULL,
  `issued_at` date NOT NULL,
  `due_date` date NOT NULL,
  `paid_at` date DEFAULT NULL,
  `amount_ht` decimal(12,2) NOT NULL,
  `amount_tva` decimal(12,2) NOT NULL,
  `tva_rate` decimal(5,2) NOT NULL,
  `amount_ttc` decimal(12,2) NOT NULL,
  `internal_notes` longtext DEFAULT NULL,
  `payment_terms` longtext DEFAULT NULL,
  `created_at` datetime NOT NULL,
  `updated_at` datetime NOT NULL,
  `order_id` int(11) DEFAULT NULL,
  `project_id` int(11) DEFAULT NULL,
  `client_id` int(11) NOT NULL,
  `payment_schedule_id` int(11) DEFAULT NULL,
  PRIMARY KEY (`id`),
  UNIQUE KEY `UNIQ_6A2F2F952DA68207` (`invoice_number`),
  KEY `IDX_6A2F2F958D9F6D38` (`order_id`),
  KEY `IDX_6A2F2F95166D1F9C` (`project_id`),
  KEY `IDX_6A2F2F9519EB6921` (`client_id`),
  KEY `IDX_6A2F2F955287120F` (`payment_schedule_id`),
  CONSTRAINT `FK_6A2F2F95166D1F9C` FOREIGN KEY (`project_id`) REFERENCES `projects` (`id`) ON DELETE SET NULL,
  CONSTRAINT `FK_6A2F2F9519EB6921` FOREIGN KEY (`client_id`) REFERENCES `clients` (`id`),
  CONSTRAINT `FK_6A2F2F955287120F` FOREIGN KEY (`payment_schedule_id`) REFERENCES `order_payment_schedules` (`id`) ON DELETE SET NULL,
  CONSTRAINT `FK_6A2F2F958D9F6D38` FOREIGN KEY (`order_id`) REFERENCES `orders` (`id`) ON DELETE SET NULL
) ENGINE=InnoDB AUTO_INCREMENT=21 DEFAULT CHARSET=utf8mb4 COLLATE=utf8mb4_uca1400_ai_ci;
/*!40101 SET character_set_client = @saved_cs_client */;

--
-- Dumping data for table `invoices`
--

LOCK TABLES `invoices` WRITE;
/*!40000 ALTER TABLE `invoices` DISABLE KEYS */;
INSERT INTO `invoices` VALUES
(1,'FAC-TEST-202512-027','payee','2025-09-29','2025-10-29','2025-10-19',24473.00,4894.60,20.00,29367.60,NULL,NULL,'2025-12-06 15:53:46','2025-12-06 15:53:46',NULL,3,2,NULL),
(2,'FAC-TEST-202512-028','payee','2025-11-29','2025-12-29','2025-12-22',5863.00,1172.60,20.00,7035.60,NULL,NULL,'2025-12-06 15:53:46','2025-12-06 15:53:46',NULL,2,3,NULL),
(3,'FAC-TEST-202512-029','envoyee','2025-05-15','2025-06-14',NULL,8297.00,1659.40,20.00,9956.40,NULL,NULL,'2025-12-06 15:53:46','2025-12-06 15:53:46',NULL,1,4,NULL),
(4,'FAC-TEST-202512-030','envoyee','2025-08-24','2025-09-23',NULL,13189.00,2637.80,20.00,15826.80,NULL,NULL,'2025-12-06 15:53:46','2025-12-06 15:53:46',NULL,1,1,NULL),
(5,'FAC-TEST-202512-031','payee','2025-05-16','2025-06-15','2025-06-08',7260.00,1452.00,20.00,8712.00,NULL,NULL,'2025-12-06 15:53:46','2025-12-06 15:53:46',NULL,1,3,NULL),
(6,'FAC-TEST-202512-032','envoyee','2025-08-15','2025-09-14',NULL,20377.00,4075.40,20.00,24452.40,NULL,NULL,'2025-12-06 15:53:46','2025-12-06 15:53:46',NULL,3,1,NULL),
(7,'FAC-TEST-202512-033','en_retard','2025-10-21','2025-11-20',NULL,3828.00,765.60,20.00,4593.60,NULL,NULL,'2025-12-06 15:53:46','2025-12-06 15:53:46',NULL,3,2,NULL),
(8,'FAC-TEST-202512-034','en_retard','2025-09-12','2025-10-12',NULL,21639.00,4327.80,20.00,25966.80,NULL,NULL,'2025-12-06 15:53:46','2025-12-06 15:53:46',NULL,3,4,NULL),
(9,'FAC-TEST-202512-035','envoyee','2025-09-26','2025-10-26',NULL,20315.00,4063.00,20.00,24378.00,NULL,NULL,'2025-12-06 15:53:46','2025-12-06 15:53:46',NULL,3,4,NULL),
(10,'FAC-TEST-202512-036','envoyee','2025-11-27','2025-12-27',NULL,22678.00,4535.60,20.00,27213.60,NULL,NULL,'2025-12-06 15:53:46','2025-12-06 15:53:46',NULL,3,5,NULL),
(11,'FAC-TEST-202512-037','en_retard','2025-05-30','2025-06-29',NULL,16813.00,3362.60,20.00,20175.60,NULL,NULL,'2025-12-06 15:53:46','2025-12-06 15:53:46',NULL,1,2,NULL),
(12,'FAC-TEST-202512-038','payee','2025-08-03','2025-09-02','2025-09-01',5605.00,1121.00,20.00,6726.00,NULL,NULL,'2025-12-06 15:53:46','2025-12-06 15:53:46',NULL,3,5,NULL),
(13,'FAC-TEST-202512-039','envoyee','2025-09-02','2025-10-02',NULL,3680.00,736.00,20.00,4416.00,NULL,NULL,'2025-12-06 15:53:46','2025-12-06 15:53:46',NULL,1,1,NULL),
(14,'FAC-TEST-202512-040','envoyee','2025-07-14','2025-08-13',NULL,9566.00,1913.20,20.00,11479.20,NULL,NULL,'2025-12-06 15:53:46','2025-12-06 15:53:46',NULL,4,5,NULL),
(15,'FAC-TEST-202512-041','payee','2025-11-06','2025-12-06','2025-11-27',12927.00,2585.40,20.00,15512.40,NULL,NULL,'2025-12-06 15:53:46','2025-12-06 15:53:46',NULL,4,1,NULL),
(16,'FAC-TEST-202512-042','envoyee','2025-10-09','2025-11-08',NULL,2532.00,506.40,20.00,3038.40,NULL,NULL,'2025-12-06 15:53:46','2025-12-06 15:53:46',NULL,4,3,NULL),
(17,'FAC-TEST-202512-043','envoyee','2025-09-19','2025-10-19',NULL,4423.00,884.60,20.00,5307.60,NULL,NULL,'2025-12-06 15:53:46','2025-12-06 15:53:46',NULL,2,2,NULL),
(18,'FAC-TEST-202512-044','en_retard','2025-11-26','2025-12-26',NULL,19672.00,3934.40,20.00,23606.40,NULL,NULL,'2025-12-06 15:53:46','2025-12-06 15:53:46',NULL,4,3,NULL),
(19,'FAC-TEST-202512-045','en_retard','2025-07-24','2025-08-23',NULL,11247.00,2249.40,20.00,13496.40,NULL,NULL,'2025-12-06 15:53:46','2025-12-06 15:53:46',NULL,4,1,NULL),
(20,'FAC-TEST-202512-046','envoyee','2025-05-20','2025-06-19',NULL,7763.00,1552.60,20.00,9315.60,NULL,NULL,'2025-12-06 15:53:46','2025-12-06 15:53:46',NULL,1,3,NULL);
/*!40000 ALTER TABLE `invoices` ENABLE KEYS */;
UNLOCK TABLES;

--
-- Table structure for table `lead_captures`
--

DROP TABLE IF EXISTS `lead_captures`;
/*!40101 SET @saved_cs_client     = @@character_set_client */;
/*!40101 SET character_set_client = utf8mb4 */;
CREATE TABLE `lead_captures` (
  `id` int(11) NOT NULL AUTO_INCREMENT,
  `email` varchar(255) NOT NULL,
  `first_name` varchar(100) NOT NULL,
  `last_name` varchar(100) NOT NULL,
  `company` varchar(255) DEFAULT NULL,
  `phone` varchar(50) DEFAULT NULL,
  `source` varchar(50) NOT NULL,
  `content_type` varchar(100) NOT NULL,
  `downloaded_at` datetime DEFAULT NULL,
  `download_count` int(11) NOT NULL DEFAULT 0,
  `marketing_consent` tinyint(4) NOT NULL DEFAULT 0,
  `internal_notes` longtext DEFAULT NULL,
  `created_at` datetime NOT NULL,
  `updated_at` datetime DEFAULT NULL,
  `status` varchar(50) NOT NULL DEFAULT 'new',
  `nurturing_day1_sent_at` datetime DEFAULT NULL,
  `nurturing_day3_sent_at` datetime DEFAULT NULL,
  `nurturing_day7_sent_at` datetime DEFAULT NULL,
  PRIMARY KEY (`id`),
  KEY `idx_lead_email` (`email`),
  KEY `idx_lead_source` (`source`),
  KEY `idx_lead_created_at` (`created_at`)
) ENGINE=InnoDB DEFAULT CHARSET=utf8mb4 COLLATE=utf8mb4_uca1400_ai_ci;
/*!40101 SET character_set_client = @saved_cs_client */;

--
-- Dumping data for table `lead_captures`
--

LOCK TABLES `lead_captures` WRITE;
/*!40000 ALTER TABLE `lead_captures` DISABLE KEYS */;
/*!40000 ALTER TABLE `lead_captures` ENABLE KEYS */;
UNLOCK TABLES;

--
-- Table structure for table `messenger_messages`
--

DROP TABLE IF EXISTS `messenger_messages`;
/*!40101 SET @saved_cs_client     = @@character_set_client */;
/*!40101 SET character_set_client = utf8mb4 */;
CREATE TABLE `messenger_messages` (
  `id` bigint(20) NOT NULL AUTO_INCREMENT,
  `body` longtext NOT NULL,
  `headers` longtext NOT NULL,
  `queue_name` varchar(190) NOT NULL,
  `created_at` datetime NOT NULL,
  `available_at` datetime NOT NULL,
  `delivered_at` datetime DEFAULT NULL,
  PRIMARY KEY (`id`),
  KEY `IDX_75EA56E0FB7336F0` (`queue_name`),
  KEY `IDX_75EA56E0E3BD61CE` (`available_at`),
  KEY `IDX_75EA56E016BA31DB` (`delivered_at`)
) ENGINE=InnoDB DEFAULT CHARSET=utf8mb4 COLLATE=utf8mb4_uca1400_ai_ci;
/*!40101 SET character_set_client = @saved_cs_client */;

--
-- Dumping data for table `messenger_messages`
--

LOCK TABLES `messenger_messages` WRITE;
/*!40000 ALTER TABLE `messenger_messages` DISABLE KEYS */;
/*!40000 ALTER TABLE `messenger_messages` ENABLE KEYS */;
UNLOCK TABLES;

--
-- Table structure for table `notification_preferences`
--

DROP TABLE IF EXISTS `notification_preferences`;
/*!40101 SET @saved_cs_client     = @@character_set_client */;
/*!40101 SET character_set_client = utf8mb4 */;
CREATE TABLE `notification_preferences` (
  `id` int(11) NOT NULL AUTO_INCREMENT,
  `event_type` varchar(255) NOT NULL,
  `in_app` tinyint(4) NOT NULL,
  `email` tinyint(4) NOT NULL,
  `webhook` tinyint(4) NOT NULL,
  `user_id` int(11) NOT NULL,
  PRIMARY KEY (`id`),
  UNIQUE KEY `user_event_unique` (`user_id`,`event_type`),
  KEY `IDX_3CAA95B4A76ED395` (`user_id`),
  CONSTRAINT `FK_3CAA95B4A76ED395` FOREIGN KEY (`user_id`) REFERENCES `users` (`id`) ON DELETE CASCADE
) ENGINE=InnoDB DEFAULT CHARSET=utf8mb4 COLLATE=utf8mb4_uca1400_ai_ci;
/*!40101 SET character_set_client = @saved_cs_client */;

--
-- Dumping data for table `notification_preferences`
--

LOCK TABLES `notification_preferences` WRITE;
/*!40000 ALTER TABLE `notification_preferences` DISABLE KEYS */;
/*!40000 ALTER TABLE `notification_preferences` ENABLE KEYS */;
UNLOCK TABLES;

--
-- Table structure for table `notification_settings`
--

DROP TABLE IF EXISTS `notification_settings`;
/*!40101 SET @saved_cs_client     = @@character_set_client */;
/*!40101 SET character_set_client = utf8mb4 */;
CREATE TABLE `notification_settings` (
  `id` int(11) NOT NULL AUTO_INCREMENT,
  `setting_key` varchar(100) NOT NULL,
  `setting_value` longtext CHARACTER SET utf8mb4 COLLATE utf8mb4_bin NOT NULL CHECK (json_valid(`setting_value`)),
  PRIMARY KEY (`id`),
  UNIQUE KEY `UNIQ_B05598605FA1E697` (`setting_key`)
) ENGINE=InnoDB DEFAULT CHARSET=utf8mb4 COLLATE=utf8mb4_uca1400_ai_ci;
/*!40101 SET character_set_client = @saved_cs_client */;

--
-- Dumping data for table `notification_settings`
--

LOCK TABLES `notification_settings` WRITE;
/*!40000 ALTER TABLE `notification_settings` DISABLE KEYS */;
/*!40000 ALTER TABLE `notification_settings` ENABLE KEYS */;
UNLOCK TABLES;

--
-- Table structure for table `notifications`
--

DROP TABLE IF EXISTS `notifications`;
/*!40101 SET @saved_cs_client     = @@character_set_client */;
/*!40101 SET character_set_client = utf8mb4 */;
CREATE TABLE `notifications` (
  `id` int(11) NOT NULL AUTO_INCREMENT,
  `type` varchar(255) NOT NULL,
  `title` varchar(255) NOT NULL,
  `message` longtext NOT NULL,
  `data` longtext CHARACTER SET utf8mb4 COLLATE utf8mb4_bin DEFAULT NULL CHECK (json_valid(`data`)),
  `entity_type` varchar(100) DEFAULT NULL,
  `entity_id` int(11) DEFAULT NULL,
  `read_at` datetime DEFAULT NULL,
  `created_at` datetime NOT NULL,
  `recipient_id` int(11) NOT NULL,
  PRIMARY KEY (`id`),
  KEY `IDX_6000B0D3E92F8F78` (`recipient_id`),
  CONSTRAINT `FK_6000B0D3E92F8F78` FOREIGN KEY (`recipient_id`) REFERENCES `users` (`id`) ON DELETE CASCADE
) ENGINE=InnoDB DEFAULT CHARSET=utf8mb4 COLLATE=utf8mb4_uca1400_ai_ci;
/*!40101 SET character_set_client = @saved_cs_client */;

--
-- Dumping data for table `notifications`
--

LOCK TABLES `notifications` WRITE;
/*!40000 ALTER TABLE `notifications` DISABLE KEYS */;
/*!40000 ALTER TABLE `notifications` ENABLE KEYS */;
UNLOCK TABLES;

--
-- Table structure for table `nps_surveys`
--

DROP TABLE IF EXISTS `nps_surveys`;
/*!40101 SET @saved_cs_client     = @@character_set_client */;
/*!40101 SET character_set_client = utf8mb4 */;
CREATE TABLE `nps_surveys` (
  `id` int(11) NOT NULL AUTO_INCREMENT,
  `token` varchar(64) NOT NULL,
  `sent_at` datetime NOT NULL,
  `responded_at` datetime DEFAULT NULL,
  `score` int(11) DEFAULT NULL,
  `comment` longtext DEFAULT NULL,
  `status` varchar(20) NOT NULL,
  `recipient_email` varchar(255) NOT NULL,
  `recipient_name` varchar(255) DEFAULT NULL,
  `expires_at` datetime NOT NULL,
  `created_at` datetime NOT NULL,
  `project_id` int(11) NOT NULL,
  PRIMARY KEY (`id`),
  UNIQUE KEY `UNIQ_E88066E95F37A13B` (`token`),
  KEY `IDX_E88066E9166D1F9C` (`project_id`),
  CONSTRAINT `FK_E88066E9166D1F9C` FOREIGN KEY (`project_id`) REFERENCES `projects` (`id`) ON DELETE CASCADE
) ENGINE=InnoDB DEFAULT CHARSET=utf8mb4 COLLATE=utf8mb4_uca1400_ai_ci;
/*!40101 SET character_set_client = @saved_cs_client */;

--
-- Dumping data for table `nps_surveys`
--

LOCK TABLES `nps_surveys` WRITE;
/*!40000 ALTER TABLE `nps_surveys` DISABLE KEYS */;
/*!40000 ALTER TABLE `nps_surveys` ENABLE KEYS */;
UNLOCK TABLES;

--
-- Table structure for table `onboarding_tasks`
--

DROP TABLE IF EXISTS `onboarding_tasks`;
/*!40101 SET @saved_cs_client     = @@character_set_client */;
/*!40101 SET character_set_client = utf8mb4 */;
CREATE TABLE `onboarding_tasks` (
  `id` int(11) NOT NULL AUTO_INCREMENT,
  `title` varchar(255) NOT NULL,
  `description` longtext DEFAULT NULL,
  `order_num` int(11) NOT NULL,
  `assigned_to` varchar(50) NOT NULL,
  `type` varchar(50) NOT NULL,
  `days_after_start` int(11) NOT NULL,
  `due_date` datetime DEFAULT NULL,
  `status` varchar(50) NOT NULL,
  `completed_at` datetime DEFAULT NULL,
  `comments` longtext DEFAULT NULL,
  `created_at` datetime NOT NULL,
  `updated_at` datetime NOT NULL,
  `contributor_id` int(11) NOT NULL,
  `template_id` int(11) DEFAULT NULL,
  PRIMARY KEY (`id`),
  KEY `IDX_6DCA087B7A19A357` (`contributor_id`),
  KEY `IDX_6DCA087B5DA0FB8` (`template_id`),
  KEY `idx_onboarding_task_status` (`status`),
  KEY `idx_onboarding_task_due_date` (`due_date`),
  CONSTRAINT `FK_6DCA087B5DA0FB8` FOREIGN KEY (`template_id`) REFERENCES `onboarding_templates` (`id`) ON DELETE SET NULL,
  CONSTRAINT `FK_6DCA087B7A19A357` FOREIGN KEY (`contributor_id`) REFERENCES `contributors` (`id`) ON DELETE CASCADE
) ENGINE=InnoDB DEFAULT CHARSET=utf8mb4 COLLATE=utf8mb4_uca1400_ai_ci;
/*!40101 SET character_set_client = @saved_cs_client */;

--
-- Dumping data for table `onboarding_tasks`
--

LOCK TABLES `onboarding_tasks` WRITE;
/*!40000 ALTER TABLE `onboarding_tasks` DISABLE KEYS */;
/*!40000 ALTER TABLE `onboarding_tasks` ENABLE KEYS */;
UNLOCK TABLES;

--
-- Table structure for table `onboarding_templates`
--

DROP TABLE IF EXISTS `onboarding_templates`;
/*!40101 SET @saved_cs_client     = @@character_set_client */;
/*!40101 SET character_set_client = utf8mb4 */;
CREATE TABLE `onboarding_templates` (
  `id` int(11) NOT NULL AUTO_INCREMENT,
  `name` varchar(255) NOT NULL,
  `description` longtext DEFAULT NULL,
  `tasks` longtext CHARACTER SET utf8mb4 COLLATE utf8mb4_bin NOT NULL CHECK (json_valid(`tasks`)),
  `active` tinyint(4) NOT NULL,
  `created_at` datetime NOT NULL,
  `updated_at` datetime NOT NULL,
  `profile_id` int(11) DEFAULT NULL,
  PRIMARY KEY (`id`),
  KEY `IDX_A8917FF4CCFA12B8` (`profile_id`),
  CONSTRAINT `FK_A8917FF4CCFA12B8` FOREIGN KEY (`profile_id`) REFERENCES `profiles` (`id`) ON DELETE SET NULL
) ENGINE=InnoDB AUTO_INCREMENT=2 DEFAULT CHARSET=utf8mb4 COLLATE=utf8mb4_uca1400_ai_ci;
/*!40101 SET character_set_client = @saved_cs_client */;

--
-- Dumping data for table `onboarding_templates`
--

LOCK TABLES `onboarding_templates` WRITE;
/*!40000 ALTER TABLE `onboarding_templates` DISABLE KEYS */;
INSERT INTO `onboarding_templates` VALUES
(1,'Onboarding développeur','','[{\"title\":\"Pr\\u00e9sentation \\u00e0 l\'\\u00e9quipe\",\"description\":\"\",\"assigned_to\":\"manager\",\"type\":\"action\",\"days_after_start\":0,\"order\":0},{\"title\":\"Pr\\u00e9sentation des rituels\",\"description\":\"\",\"assigned_to\":\"manager\",\"type\":\"action\",\"days_after_start\":0,\"order\":1},{\"title\":\"Ouverture des acc\\u00e8s aux outils\",\"description\":\"la demande est r\\u00e9alis\\u00e9e par le manager\",\"assigned_to\":\"manager\",\"type\":\"action\",\"days_after_start\":0,\"order\":2}]',1,'2025-12-11 07:25:31','2025-12-11 07:25:31',NULL);
/*!40000 ALTER TABLE `onboarding_templates` ENABLE KEYS */;
UNLOCK TABLES;

--
-- Table structure for table `order_lines`
--

DROP TABLE IF EXISTS `order_lines`;
/*!40101 SET @saved_cs_client     = @@character_set_client */;
/*!40101 SET character_set_client = utf8mb4 */;
CREATE TABLE `order_lines` (
  `id` int(11) NOT NULL AUTO_INCREMENT,
  `company_id` int(11) NOT NULL,
  `description` varchar(255) NOT NULL,
  `position` int(11) NOT NULL,
  `daily_rate` decimal(10,2) DEFAULT NULL,
  `days` decimal(8,2) DEFAULT NULL,
  `direct_amount` decimal(12,2) DEFAULT NULL,
  `attached_purchase_amount` decimal(12,2) DEFAULT NULL,
  `type` varchar(50) NOT NULL,
  `notes` longtext DEFAULT NULL,
  `section_id` int(11) NOT NULL,
  `profile_id` int(11) DEFAULT NULL,
  PRIMARY KEY (`id`),
  KEY `IDX_CC9FF86BD823E37A` (`section_id`),
  KEY `IDX_CC9FF86BCCFA12B8` (`profile_id`),
  KEY `idx_order_line_company` (`company_id`),
  CONSTRAINT `FK_CC9FF86BCCFA12B8` FOREIGN KEY (`profile_id`) REFERENCES `profiles` (`id`),
  CONSTRAINT `FK_CC9FF86BD823E37A` FOREIGN KEY (`section_id`) REFERENCES `order_sections` (`id`),
  CONSTRAINT `fk_order_line_company` FOREIGN KEY (`company_id`) REFERENCES `companies` (`id`) ON DELETE CASCADE
) ENGINE=InnoDB AUTO_INCREMENT=49 DEFAULT CHARSET=utf8mb4 COLLATE=utf8mb4_uca1400_ai_ci;
/*!40101 SET character_set_client = @saved_cs_client */;

--
-- Dumping data for table `order_lines`
--

LOCK TABLES `order_lines` WRITE;
/*!40000 ALTER TABLE `order_lines` DISABLE KEYS */;
INSERT INTO `order_lines` VALUES
(1,1,'Immersion métier',1,1000.00,2.00,NULL,NULL,'service',NULL,1,9),
(2,1,'Immersion métier',2,700.00,1.00,NULL,NULL,'service',NULL,1,6),
(3,1,'Immersion métier',3,600.00,2.00,NULL,NULL,'service',NULL,1,13),
(4,1,'Atelier1',4,1000.00,1.50,NULL,NULL,'service',NULL,1,9),
(5,1,'Atelier1',5,750.00,1.50,NULL,NULL,'service',NULL,1,6),
(6,1,'Atelier2',6,1000.00,2.00,NULL,NULL,'service',NULL,1,9),
(7,1,'Atelier2',7,750.00,2.00,NULL,NULL,'service',NULL,1,6),
(8,1,'Présentation livrables',8,1000.00,0.50,NULL,NULL,'service',NULL,1,9),
(9,1,'Présentation livrables',9,750.00,0.50,NULL,NULL,'service',NULL,1,6),
(10,1,'Pilotage cadrage',1,600.00,2.00,NULL,NULL,'service',NULL,5,5),
(11,1,'Wireframing',1,650.00,10.00,NULL,NULL,'service',NULL,2,13),
(12,1,'Maquettage',2,650.00,15.00,NULL,NULL,'service',NULL,2,14),
(13,1,'Concepts graphiques',3,800.00,4.00,NULL,NULL,'service',NULL,2,15),
(14,1,'Spécifications fonctionnelles',4,750.00,10.00,NULL,NULL,'service',NULL,2,6),
(15,1,'Spécifications techniques',5,700.00,3.00,NULL,NULL,'service',NULL,2,4),
(16,1,'DAT',6,700.00,1.00,NULL,NULL,'service',NULL,2,4),
(17,1,'PIlotage conception',2,600.00,4.00,NULL,NULL,'service',NULL,5,5),
(18,1,'développements frontend',1,550.00,75.00,NULL,NULL,'service',NULL,3,2),
(19,1,'Développements backend',2,550.00,100.00,NULL,NULL,'service',NULL,3,3),
(20,1,'Recette interne',3,750.00,15.00,NULL,NULL,'service',NULL,3,6),
(21,1,'Traitement des retours de recette',1,550.00,10.00,NULL,NULL,'service',NULL,4,3),
(22,1,'Traitements des retours de recette',2,550.00,7.00,NULL,NULL,'service',NULL,4,2),
(23,1,'Accompagnement recette client',3,750.00,10.00,NULL,NULL,'service',NULL,4,6),
(24,1,'Pilotage développements/recette',3,600.00,22.00,NULL,NULL,'service',NULL,5,5),
(25,1,'Immersion métier',1,1000.00,2.00,NULL,NULL,'service',NULL,6,9),
(26,1,'Immersion métier',2,700.00,1.00,NULL,NULL,'service',NULL,6,6),
(27,1,'Immersion métier',3,600.00,2.00,NULL,NULL,'service',NULL,6,13),
(28,1,'Atelier1',4,1000.00,1.50,NULL,NULL,'service',NULL,6,9),
(29,1,'Atelier1',5,750.00,1.50,NULL,NULL,'service',NULL,6,6),
(30,1,'Atelier2',6,1000.00,2.00,NULL,NULL,'service',NULL,6,9),
(31,1,'Atelier2',7,750.00,2.00,NULL,NULL,'service',NULL,6,6),
(32,1,'Présentation livrables',8,1000.00,0.50,NULL,NULL,'service',NULL,6,9),
(33,1,'Présentation livrables',9,750.00,0.50,NULL,NULL,'service',NULL,6,6),
(34,1,'Wireframing',1,650.00,10.00,NULL,NULL,'service',NULL,7,13),
(35,1,'Maquettage',2,650.00,15.00,NULL,NULL,'service',NULL,7,14),
(36,1,'Concepts graphiques',3,800.00,4.00,NULL,NULL,'service',NULL,7,15),
(37,1,'Spécifications fonctionnelles',4,750.00,10.00,NULL,NULL,'service',NULL,7,6),
(38,1,'Spécifications techniques',5,700.00,3.00,NULL,NULL,'service',NULL,7,4),
(39,1,'DAT',6,700.00,1.00,NULL,NULL,'service',NULL,7,4),
(40,1,'développements frontend',1,550.00,75.00,NULL,NULL,'service',NULL,8,2),
(41,1,'Développements backend',2,550.00,100.00,NULL,NULL,'service',NULL,8,3),
(42,1,'Recette interne',3,750.00,15.00,NULL,NULL,'service',NULL,8,6),
(43,1,'Traitement des retours de recette',1,550.00,10.00,NULL,NULL,'service',NULL,9,3),
(44,1,'Traitements des retours de recette',2,550.00,7.00,NULL,NULL,'service',NULL,9,2),
(45,1,'Accompagnement recette client',3,750.00,10.00,NULL,NULL,'service',NULL,9,6),
(46,1,'Pilotage cadrage',1,600.00,2.00,NULL,NULL,'service',NULL,10,5),
(47,1,'PIlotage conception',2,600.00,4.00,NULL,NULL,'service',NULL,10,5),
(48,1,'Pilotage développements/recette',3,600.00,22.00,NULL,NULL,'service',NULL,10,5);
/*!40000 ALTER TABLE `order_lines` ENABLE KEYS */;
UNLOCK TABLES;

--
-- Table structure for table `order_payment_schedules`
--

DROP TABLE IF EXISTS `order_payment_schedules`;
/*!40101 SET @saved_cs_client     = @@character_set_client */;
/*!40101 SET character_set_client = utf8mb4 */;
CREATE TABLE `order_payment_schedules` (
  `id` int(11) NOT NULL AUTO_INCREMENT,
  `company_id` int(11) NOT NULL,
  `label` varchar(255) DEFAULT NULL,
  `billing_date` date NOT NULL,
  `amount_type` varchar(20) NOT NULL,
  `percent` decimal(5,2) DEFAULT NULL,
  `fixed_amount` decimal(12,2) DEFAULT NULL,
  `order_id` int(11) NOT NULL,
  PRIMARY KEY (`id`),
  KEY `IDX_6671B9FD8D9F6D38` (`order_id`),
  KEY `idx_order_payment_schedule_company` (`company_id`),
  CONSTRAINT `FK_6671B9FD8D9F6D38` FOREIGN KEY (`order_id`) REFERENCES `orders` (`id`) ON DELETE CASCADE,
  CONSTRAINT `fk_order_payment_schedule_company` FOREIGN KEY (`company_id`) REFERENCES `companies` (`id`) ON DELETE CASCADE
) ENGINE=InnoDB AUTO_INCREMENT=5 DEFAULT CHARSET=utf8mb4 COLLATE=utf8mb4_uca1400_ai_ci;
/*!40101 SET character_set_client = @saved_cs_client */;

--
-- Dumping data for table `order_payment_schedules`
--

LOCK TABLES `order_payment_schedules` WRITE;
/*!40000 ALTER TABLE `order_payment_schedules` DISABLE KEYS */;
INSERT INTO `order_payment_schedules` VALUES
(1,1,'Acompte de 30% à la commande','2025-12-08','percent',30.00,NULL,71),
(2,1,'Acompte de 20% à la recepetion des specs','2026-01-26','percent',20.00,NULL,71),
(3,1,'Acompte de 20% à la recepetion des devs','2026-04-30','percent',20.00,NULL,71),
(4,1,'Acompte de 30% à la mise en ligne','2026-04-30','percent',30.00,NULL,71);
/*!40000 ALTER TABLE `order_payment_schedules` ENABLE KEYS */;
UNLOCK TABLES;

--
-- Table structure for table `order_sections`
--

DROP TABLE IF EXISTS `order_sections`;
/*!40101 SET @saved_cs_client     = @@character_set_client */;
/*!40101 SET character_set_client = utf8mb4 */;
CREATE TABLE `order_sections` (
  `id` int(11) NOT NULL AUTO_INCREMENT,
  `company_id` int(11) NOT NULL,
  `title` varchar(255) NOT NULL,
  `description` longtext DEFAULT NULL,
  `position` int(11) NOT NULL,
  `order_id` int(11) NOT NULL,
  PRIMARY KEY (`id`),
  KEY `IDX_CA6EA1298D9F6D38` (`order_id`),
  KEY `idx_order_section_company` (`company_id`),
  CONSTRAINT `FK_CA6EA1298D9F6D38` FOREIGN KEY (`order_id`) REFERENCES `orders` (`id`),
  CONSTRAINT `fk_order_section_company` FOREIGN KEY (`company_id`) REFERENCES `companies` (`id`) ON DELETE CASCADE
) ENGINE=InnoDB AUTO_INCREMENT=11 DEFAULT CHARSET=utf8mb4 COLLATE=utf8mb4_uca1400_ai_ci;
/*!40101 SET character_set_client = @saved_cs_client */;

--
-- Dumping data for table `order_sections`
--

LOCK TABLES `order_sections` WRITE;
/*!40000 ALTER TABLE `order_sections` DISABLE KEYS */;
INSERT INTO `order_sections` VALUES
(1,1,'Cadrage','',1,3),
(2,1,'Conception','',2,3),
(3,1,'Réalisation','',3,3),
(4,1,'Réception','',4,3),
(5,1,'Pilotage','',5,3),
(6,1,'Cadrage','',1,71),
(7,1,'Conception','',2,71),
(8,1,'Réalisation','',3,71),
(9,1,'Réception','',4,71),
(10,1,'Pilotage','',5,71);
/*!40000 ALTER TABLE `order_sections` ENABLE KEYS */;
UNLOCK TABLES;

--
-- Table structure for table `order_tasks`
--

DROP TABLE IF EXISTS `order_tasks`;
/*!40101 SET @saved_cs_client     = @@character_set_client */;
/*!40101 SET character_set_client = utf8mb4 */;
CREATE TABLE `order_tasks` (
  `id` int(11) NOT NULL AUTO_INCREMENT,
  `name` varchar(180) NOT NULL,
  `description` longtext DEFAULT NULL,
  `sold_days` decimal(8,2) NOT NULL,
  `sold_daily_rate` decimal(10,2) NOT NULL,
  `total_amount` decimal(12,2) NOT NULL,
  `order_id` int(11) NOT NULL,
  `profile_id` int(11) NOT NULL,
  PRIMARY KEY (`id`),
  KEY `IDX_D3C6116A8D9F6D38` (`order_id`),
  KEY `IDX_D3C6116ACCFA12B8` (`profile_id`),
  CONSTRAINT `FK_D3C6116A8D9F6D38` FOREIGN KEY (`order_id`) REFERENCES `orders` (`id`) ON DELETE CASCADE,
  CONSTRAINT `FK_D3C6116ACCFA12B8` FOREIGN KEY (`profile_id`) REFERENCES `profiles` (`id`)
) ENGINE=InnoDB DEFAULT CHARSET=utf8mb4 COLLATE=utf8mb4_uca1400_ai_ci;
/*!40101 SET character_set_client = @saved_cs_client */;

--
-- Dumping data for table `order_tasks`
--

LOCK TABLES `order_tasks` WRITE;
/*!40000 ALTER TABLE `order_tasks` DISABLE KEYS */;
/*!40000 ALTER TABLE `order_tasks` ENABLE KEYS */;
UNLOCK TABLES;

--
-- Table structure for table `orders`
--

DROP TABLE IF EXISTS `orders`;
/*!40101 SET @saved_cs_client     = @@character_set_client */;
/*!40101 SET character_set_client = utf8mb4 */;
CREATE TABLE `orders` (
  `id` int(11) NOT NULL AUTO_INCREMENT,
  `company_id` int(11) NOT NULL,
  `name` varchar(180) DEFAULT NULL,
  `description` longtext DEFAULT NULL,
  `contingency_percentage` decimal(5,2) DEFAULT NULL,
  `valid_until` date DEFAULT NULL,
  `order_number` varchar(50) NOT NULL,
  `notes` longtext DEFAULT NULL,
  `contingence_amount` decimal(12,2) DEFAULT NULL,
  `contingence_reason` longtext DEFAULT NULL,
  `total_amount` decimal(12,2) DEFAULT NULL,
  `created_at` date NOT NULL,
  `validated_at` date DEFAULT NULL,
  `status` varchar(20) NOT NULL,
  `contract_type` varchar(20) NOT NULL DEFAULT 'forfait',
  `project_id` int(11) DEFAULT NULL,
  `expenses_rebillable` tinyint(1) NOT NULL DEFAULT 0,
  `expense_management_fee_rate` decimal(5,2) NOT NULL DEFAULT 0.00,
  PRIMARY KEY (`id`),
  UNIQUE KEY `order_number_company_unique` (`order_number`,`company_id`),
  KEY `IDX_E52FFDEE166D1F9C` (`project_id`),
  KEY `idx_order_company` (`company_id`),
  CONSTRAINT `FK_E52FFDEE166D1F9C` FOREIGN KEY (`project_id`) REFERENCES `projects` (`id`),
  CONSTRAINT `fk_order_company` FOREIGN KEY (`company_id`) REFERENCES `companies` (`id`) ON DELETE CASCADE
) ENGINE=InnoDB AUTO_INCREMENT=72 DEFAULT CHARSET=utf8mb4 COLLATE=utf8mb4_uca1400_ai_ci;
/*!40101 SET character_set_client = @saved_cs_client */;

--
-- Dumping data for table `orders`
--

LOCK TABLES `orders` WRITE;
/*!40000 ALTER TABLE `orders` DISABLE KEYS */;
INSERT INTO `orders` VALUES
(1,1,'Devis principal',NULL,NULL,'2024-02-16','DEV-202401-196',NULL,NULL,NULL,71400.00,'2024-01-16','2025-12-06','a_signer','forfait',5,0,0.00),
(2,1,'Devis principal',NULL,NULL,'2024-02-09','DEV-202401-197',NULL,NULL,NULL,35700.00,'2024-01-09','2025-12-06','a_signer','forfait',6,0,0.00),
(3,1,'Devis principal',NULL,NULL,'2024-02-07','DEV-202401-198',NULL,NULL,NULL,168600.00,'2024-01-07','2025-12-06','signe','forfait',7,0,0.00),
(4,1,'Devis principal',NULL,NULL,'2024-03-18','DEV-202402-199',NULL,NULL,NULL,88400.00,'2024-02-18','2025-12-06','a_signer','forfait',8,0,0.00),
(5,1,'Devis principal',NULL,NULL,'2024-03-10','DEV-202402-200',NULL,NULL,NULL,46800.00,'2024-02-10','2025-12-06','signe','forfait',9,0,0.00),
(6,1,'Devis principal',NULL,NULL,'2024-03-12','DEV-202402-201',NULL,NULL,NULL,62400.00,'2024-02-12','2025-12-06','gagne','forfait',10,0,0.00),
(7,1,'Devis principal',NULL,NULL,'2024-04-11','DEV-202403-202',NULL,NULL,NULL,111300.00,'2024-03-11','2025-12-06','a_signer','forfait',11,0,0.00),
(8,1,'Devis principal',NULL,NULL,'2024-04-15','DEV-202403-203',NULL,NULL,NULL,148400.00,'2024-03-15','2025-12-06','signe','forfait',12,0,0.00),
(9,1,'Devis principal',NULL,NULL,'2024-04-03','DEV-202403-204',NULL,NULL,NULL,100700.00,'2024-03-03','2025-12-06','signe','regie',13,0,0.00),
(10,1,'Devis principal',NULL,NULL,'2024-05-26','DEV-202404-205',NULL,NULL,NULL,140400.00,'2024-04-26','2025-12-06','signe','forfait',14,0,0.00),
(11,1,'Devis principal',NULL,NULL,'2024-05-16','DEV-202404-206',NULL,NULL,NULL,10800.00,'2024-04-16','2025-12-06','signe','regie',15,0,0.00),
(12,1,'Devis principal',NULL,NULL,'2024-05-05','DEV-202404-207',NULL,NULL,NULL,54000.00,'2024-04-05','2025-12-06','signe','forfait',16,0,0.00),
(13,1,'Devis principal',NULL,NULL,'2024-06-16','DEV-202405-208',NULL,NULL,NULL,143000.00,'2024-05-16','2025-12-06','signe','forfait',17,0,0.00),
(14,1,'Devis principal',NULL,NULL,'2024-06-08','DEV-202405-209',NULL,NULL,NULL,77000.00,'2024-05-08','2025-12-06','signe','forfait',18,0,0.00),
(15,1,'Devis principal',NULL,NULL,'2024-06-08','DEV-202405-210',NULL,NULL,NULL,148500.00,'2024-05-08','2025-12-06','signe','forfait',19,0,0.00),
(16,1,'Devis principal',NULL,NULL,'2024-07-04','DEV-202406-211',NULL,NULL,NULL,72800.00,'2024-06-04','2025-12-06','signe','forfait',20,0,0.00),
(17,1,'Devis principal',NULL,NULL,'2024-07-16','DEV-202406-212',NULL,NULL,NULL,28000.00,'2024-06-16','2025-12-06','signe','forfait',21,0,0.00),
(18,1,'Devis principal',NULL,NULL,'2024-07-03','DEV-202406-213',NULL,NULL,NULL,50400.00,'2024-06-03','2025-12-06','signe','forfait',22,0,0.00),
(19,1,'Devis principal',NULL,NULL,'2024-08-07','DEV-202407-214',NULL,NULL,NULL,51300.00,'2024-07-07','2025-12-06','signe','forfait',23,0,0.00),
(20,1,'Devis principal',NULL,NULL,'2024-08-28','DEV-202407-215',NULL,NULL,NULL,22800.00,'2024-07-28','2025-12-06','gagne','forfait',24,0,0.00),
(21,1,'Devis principal',NULL,NULL,'2024-09-26','DEV-202408-216',NULL,NULL,NULL,162400.00,'2024-08-26','2025-12-06','gagne','regie',25,0,0.00),
(22,1,'Devis principal',NULL,NULL,'2024-09-03','DEV-202408-217',NULL,NULL,NULL,133400.00,'2024-08-03','2025-12-06','signe','forfait',26,0,0.00),
(23,1,'Devis principal',NULL,NULL,'2024-10-26','DEV-202409-218',NULL,NULL,NULL,94400.00,'2024-09-26','2025-12-06','signe','forfait',27,0,0.00),
(24,1,'Devis principal',NULL,NULL,'2024-10-11','DEV-202409-219',NULL,NULL,NULL,171100.00,'2024-09-11','2025-12-06','signe','forfait',28,0,0.00),
(25,1,'Devis principal',NULL,NULL,'2024-10-06','DEV-202409-220',NULL,NULL,NULL,11800.00,'2024-09-06','2025-12-06','signe','forfait',29,0,0.00),
(26,1,'Devis principal',NULL,NULL,'2024-11-09','DEV-202410-221',NULL,NULL,NULL,156000.00,'2024-10-09','2025-12-06','signe','forfait',30,0,0.00),
(27,1,'Devis principal',NULL,NULL,'2024-11-11','DEV-202410-222',NULL,NULL,NULL,24000.00,'2024-10-11','2025-12-06','signe','forfait',31,0,0.00),
(28,1,'Devis principal',NULL,NULL,'2024-11-26','DEV-202410-223',NULL,NULL,NULL,108000.00,'2024-10-26','2025-12-06','gagne','forfait',32,0,0.00),
(29,1,'Devis principal',NULL,NULL,'2024-11-13','DEV-202410-224',NULL,NULL,NULL,168000.00,'2024-10-13','2025-12-06','signe','regie',33,0,0.00),
(30,1,'Devis principal',NULL,NULL,'2024-12-04','DEV-202411-225',NULL,NULL,NULL,176900.00,'2024-11-04','2025-12-06','signe','forfait',34,0,0.00),
(31,1,'Devis principal',NULL,NULL,'2024-12-28','DEV-202411-226',NULL,NULL,NULL,146400.00,'2024-11-28','2025-12-06','signe','regie',35,0,0.00),
(32,1,'Devis principal',NULL,NULL,'2024-12-18','DEV-202411-227',NULL,NULL,NULL,146400.00,'2024-11-18','2025-12-06','signe','forfait',36,0,0.00),
(33,1,'Devis principal',NULL,NULL,'2025-01-18','DEV-202412-228',NULL,NULL,NULL,49600.00,'2024-12-18','2025-12-06','signe','regie',37,0,0.00),
(34,1,'Devis principal',NULL,NULL,'2025-01-09','DEV-202412-229',NULL,NULL,NULL,179800.00,'2024-12-09','2025-12-06','gagne','forfait',38,0,0.00),
(35,1,'Devis principal',NULL,NULL,'2025-01-28','DEV-202412-230',NULL,NULL,NULL,93000.00,'2024-12-28','2025-12-06','signe','forfait',39,0,0.00),
(36,1,'Devis principal',NULL,NULL,'2025-02-22','DEV-202501-231',NULL,NULL,NULL,126000.00,'2025-01-22','2025-12-06','gagne','forfait',40,0,0.00),
(37,1,'Devis principal',NULL,NULL,'2025-02-10','DEV-202501-232',NULL,NULL,NULL,50400.00,'2025-01-10','2025-12-06','signe','forfait',41,0,0.00),
(38,1,'Devis principal',NULL,NULL,'2025-02-03','DEV-202501-233',NULL,NULL,NULL,88200.00,'2025-01-03','2025-12-06','signe','regie',42,0,0.00),
(39,1,'Devis principal',NULL,NULL,'2025-03-27','DEV-202502-234',NULL,NULL,NULL,153600.00,'2025-02-27','2025-12-06','signe','forfait',43,0,0.00),
(40,1,'Devis principal',NULL,NULL,'2025-03-16','DEV-202502-235',NULL,NULL,NULL,57600.00,'2025-02-16','2025-12-06','signe','regie',44,0,0.00),
(41,1,'Devis principal',NULL,NULL,'2025-03-05','DEV-202502-236',NULL,NULL,NULL,153600.00,'2025-02-05','2025-12-06','signe','forfait',45,0,0.00),
(42,1,'Devis principal',NULL,NULL,'2025-04-08','DEV-202503-237',NULL,NULL,NULL,78000.00,'2025-03-08','2025-12-06','signe','forfait',46,0,0.00),
(43,1,'Devis principal',NULL,NULL,'2025-04-04','DEV-202503-238',NULL,NULL,NULL,71500.00,'2025-03-04','2025-12-06','signe','regie',47,0,0.00),
(44,1,'Devis principal',NULL,NULL,'2025-04-14','DEV-202503-239',NULL,NULL,NULL,156000.00,'2025-03-14','2025-12-06','signe','forfait',48,0,0.00),
(45,1,'Devis principal',NULL,NULL,'2025-05-27','DEV-202504-240',NULL,NULL,NULL,132000.00,'2025-04-27','2025-12-06','signe','forfait',49,0,0.00),
(46,1,'Devis principal',NULL,NULL,'2025-05-14','DEV-202504-241',NULL,NULL,NULL,158400.00,'2025-04-14','2025-12-06','signe','regie',50,0,0.00),
(47,1,'Devis principal',NULL,NULL,'2025-05-22','DEV-202504-242',NULL,NULL,NULL,118800.00,'2025-04-22','2025-12-06','signe','forfait',51,0,0.00),
(48,1,'Devis principal',NULL,NULL,'2025-06-18','DEV-202505-243',NULL,NULL,NULL,67000.00,'2025-05-18','2025-12-06','gagne','regie',52,0,0.00),
(49,1,'Devis principal',NULL,NULL,'2025-06-21','DEV-202505-244',NULL,NULL,NULL,46900.00,'2025-05-21','2025-12-06','signe','forfait',53,0,0.00),
(50,1,'Devis principal',NULL,NULL,'2025-06-01','DEV-202505-245',NULL,NULL,NULL,201000.00,'2025-05-01','2025-12-06','signe','forfait',54,0,0.00),
(51,1,'Devis principal',NULL,NULL,'2025-07-11','DEV-202506-246',NULL,NULL,NULL,81599.00,'2025-06-11','2025-12-06','signe','forfait',55,0,0.00),
(52,1,'Devis principal',NULL,NULL,'2025-07-02','DEV-202506-247',NULL,NULL,NULL,122399.00,'2025-06-02','2025-12-06','signe','forfait',56,0,0.00),
(53,1,'Devis principal',NULL,NULL,'2025-07-15','DEV-202506-248',NULL,NULL,NULL,129199.00,'2025-06-15','2025-12-06','signe','regie',57,0,0.00),
(54,1,'Devis principal',NULL,NULL,'2025-08-22','DEV-202507-249',NULL,NULL,NULL,103499.00,'2025-07-22','2025-12-06','signe','forfait',58,0,0.00),
(55,1,'Devis principal',NULL,NULL,'2025-08-28','DEV-202507-250',NULL,NULL,NULL,55199.00,'2025-07-28','2025-12-06','signe','regie',59,0,0.00),
(56,1,'Devis principal',NULL,NULL,'2025-09-27','DEV-202508-251',NULL,NULL,NULL,154000.00,'2025-08-27','2025-12-06','signe','forfait',60,0,0.00),
(57,1,'Devis principal',NULL,NULL,'2025-09-26','DEV-202508-252',NULL,NULL,NULL,175000.00,'2025-08-26','2025-12-06','signe','forfait',61,0,0.00),
(58,1,'Devis principal',NULL,NULL,'2025-10-07','DEV-202509-253',NULL,NULL,NULL,63900.00,'2025-09-07','2025-12-06','signe','forfait',62,0,0.00),
(59,1,'Devis principal',NULL,NULL,'2025-10-15','DEV-202509-254',NULL,NULL,NULL,149100.00,'2025-09-15','2025-12-06','signe','regie',63,0,0.00),
(60,1,'Devis principal',NULL,NULL,'2025-10-22','DEV-202509-255',NULL,NULL,NULL,163300.00,'2025-09-22','2025-12-06','signe','regie',64,0,0.00),
(61,1,'Devis principal',NULL,NULL,'2025-11-24','DEV-202510-256',NULL,NULL,NULL,64800.00,'2025-10-24','2025-12-06','signe','forfait',65,0,0.00),
(62,1,'Devis principal',NULL,NULL,'2025-11-12','DEV-202510-257',NULL,NULL,NULL,50400.00,'2025-10-12','2025-12-06','signe','forfait',66,0,0.00),
(63,1,'Devis principal',NULL,NULL,'2025-11-10','DEV-202510-258',NULL,NULL,NULL,100800.00,'2025-10-10','2025-12-06','signe','forfait',67,0,0.00),
(64,1,'Devis principal',NULL,NULL,'2025-11-26','DEV-202510-259',NULL,NULL,NULL,172800.00,'2025-10-26','2025-12-06','signe','regie',68,0,0.00),
(65,1,'Devis principal',NULL,NULL,'2025-12-27','DEV-202511-260',NULL,NULL,NULL,153300.00,'2025-11-27','2025-12-06','signe','forfait',69,0,0.00),
(66,1,'Devis principal',NULL,NULL,'2025-12-12','DEV-202511-261',NULL,NULL,NULL,160600.00,'2025-11-12','2025-12-06','signe','forfait',70,0,0.00),
(67,1,'Devis principal',NULL,NULL,'2025-12-04','DEV-202511-262',NULL,NULL,NULL,175200.00,'2025-11-04','2025-12-06','gagne','forfait',71,0,0.00),
(68,1,'Devis principal',NULL,NULL,'2026-01-01','DEV-202512-263',NULL,NULL,NULL,96200.00,'2025-12-01','2025-12-06','signe','forfait',72,0,0.00),
(69,1,'Devis principal',NULL,NULL,'2026-01-07','DEV-202512-264',NULL,NULL,NULL,170200.00,'2025-12-07','2025-12-06','signe','forfait',73,0,0.00),
(70,1,'Devis principal',NULL,NULL,'2026-01-11','DEV-202512-265',NULL,NULL,NULL,44400.00,'2025-12-11','2025-12-06','signe','regie',74,0,0.00),
(71,1,'D202512001-1','(Copie)',4.00,'2026-02-01','D202512001',NULL,NULL,NULL,0.00,'2025-12-08',NULL,'Signé','forfait',75,0,0.00);
/*!40000 ALTER TABLE `orders` ENABLE KEYS */;
UNLOCK TABLES;

--
-- Table structure for table `performance_reviews`
--

DROP TABLE IF EXISTS `performance_reviews`;
/*!40101 SET @saved_cs_client     = @@character_set_client */;
/*!40101 SET character_set_client = utf8mb4 */;
CREATE TABLE `performance_reviews` (
  `id` int(11) NOT NULL AUTO_INCREMENT,
  `year` int(11) NOT NULL,
  `status` varchar(50) NOT NULL,
  `self_evaluation` longtext CHARACTER SET utf8mb4 COLLATE utf8mb4_bin DEFAULT NULL CHECK (json_valid(`self_evaluation`)),
  `manager_evaluation` longtext CHARACTER SET utf8mb4 COLLATE utf8mb4_bin DEFAULT NULL CHECK (json_valid(`manager_evaluation`)),
  `objectives` longtext CHARACTER SET utf8mb4 COLLATE utf8mb4_bin DEFAULT NULL CHECK (json_valid(`objectives`)),
  `overall_rating` int(11) DEFAULT NULL,
  `interview_date` datetime DEFAULT NULL,
  `comments` longtext DEFAULT NULL,
  `created_at` datetime NOT NULL,
  `updated_at` datetime NOT NULL,
  `validated_at` datetime DEFAULT NULL,
  `contributor_id` int(11) NOT NULL,
  `manager_id` int(11) NOT NULL,
  PRIMARY KEY (`id`),
  KEY `IDX_CAAC03557A19A357` (`contributor_id`),
  KEY `IDX_CAAC0355783E3463` (`manager_id`),
  KEY `idx_performance_review_year` (`year`),
  KEY `idx_performance_review_status` (`status`),
  CONSTRAINT `FK_CAAC0355783E3463` FOREIGN KEY (`manager_id`) REFERENCES `users` (`id`),
  CONSTRAINT `FK_CAAC03557A19A357` FOREIGN KEY (`contributor_id`) REFERENCES `contributors` (`id`) ON DELETE CASCADE
) ENGINE=InnoDB AUTO_INCREMENT=2 DEFAULT CHARSET=utf8mb4 COLLATE=utf8mb4_uca1400_ai_ci;
/*!40101 SET character_set_client = @saved_cs_client */;

--
-- Dumping data for table `performance_reviews`
--

LOCK TABLES `performance_reviews` WRITE;
/*!40000 ALTER TABLE `performance_reviews` DISABLE KEYS */;
INSERT INTO `performance_reviews` VALUES
(1,2025,'validee','{\"achievements\":\"j\'ai fait plein de trucs\",\"strengths\":\"le vibecoding\",\"improvements\":\"le multitasking\",\"completed_at\":\"2025-12-11 07:08:33\"}','{\"achievements\":\"c\'\\u00e9tait super\",\"strengths\":\"il est tr\\u00e8s fort\",\"improvements\":\"va falloir se surpasser\",\"feedback\":\"moi je suis bien content\",\"completed_at\":\"2025-12-11 07:09:11\"}','[{\"title\":\"Ma\\u00eetriser l\'IA\",\"description\":\"\",\"deadline\":\"S2 2026\"},{\"title\":\"Mise en place de MCP et de LLM\",\"description\":\"formation etc...\",\"deadline\":\"S2 2026\"}]',5,'2025-12-11 00:00:00','','2025-12-11 07:07:23','2025-12-11 07:10:17','2025-12-11 07:10:17',27,6);
/*!40000 ALTER TABLE `performance_reviews` ENABLE KEYS */;
UNLOCK TABLES;

--
-- Table structure for table `planning`
--

DROP TABLE IF EXISTS `planning`;
/*!40101 SET @saved_cs_client     = @@character_set_client */;
/*!40101 SET character_set_client = utf8mb4 */;
CREATE TABLE `planning` (
  `id` int(11) NOT NULL AUTO_INCREMENT,
  `company_id` int(11) NOT NULL,
  `start_date` date NOT NULL,
  `end_date` date NOT NULL,
  `daily_hours` decimal(4,2) NOT NULL,
  `notes` longtext DEFAULT NULL,
  `status` varchar(20) NOT NULL,
  `created_at` datetime NOT NULL,
  `updated_at` datetime DEFAULT NULL,
  `contributor_id` int(11) NOT NULL,
  `project_id` int(11) NOT NULL,
  `profile_id` int(11) DEFAULT NULL,
  PRIMARY KEY (`id`),
  KEY `IDX_D499BFF67A19A357` (`contributor_id`),
  KEY `IDX_D499BFF6166D1F9C` (`project_id`),
  KEY `IDX_D499BFF6CCFA12B8` (`profile_id`),
  KEY `idx_planning_company` (`company_id`),
  CONSTRAINT `FK_D499BFF6166D1F9C` FOREIGN KEY (`project_id`) REFERENCES `projects` (`id`),
  CONSTRAINT `FK_D499BFF67A19A357` FOREIGN KEY (`contributor_id`) REFERENCES `contributors` (`id`),
  CONSTRAINT `FK_D499BFF6CCFA12B8` FOREIGN KEY (`profile_id`) REFERENCES `profiles` (`id`),
  CONSTRAINT `fk_planning_company` FOREIGN KEY (`company_id`) REFERENCES `companies` (`id`) ON DELETE CASCADE
) ENGINE=InnoDB AUTO_INCREMENT=95 DEFAULT CHARSET=utf8mb4 COLLATE=utf8mb4_uca1400_ai_ci;
/*!40101 SET character_set_client = @saved_cs_client */;

--
-- Dumping data for table `planning`
--

LOCK TABLES `planning` WRITE;
/*!40000 ALTER TABLE `planning` DISABLE KEYS */;
INSERT INTO `planning` VALUES
(1,1,'2025-12-08','2025-12-11',7.00,'Bloc prévisionnel','planned','2025-12-06 15:52:16',NULL,1,1,NULL),
(2,1,'2025-12-08','2025-12-13',6.00,'Bloc prévisionnel','planned','2025-12-06 15:52:16',NULL,1,2,NULL),
(3,1,'2025-12-15','2025-12-20',8.00,'Bloc prévisionnel','planned','2025-12-06 15:52:16',NULL,1,2,NULL),
(4,1,'2025-12-10','2025-12-15',6.00,'Bloc prévisionnel','confirmed','2025-12-06 15:52:16',NULL,2,1,NULL),
(5,1,'2025-12-16','2025-12-22',7.00,'Bloc prévisionnel','planned','2025-12-06 15:52:16',NULL,2,1,NULL),
(6,1,'2025-12-04','2025-12-10',7.00,'Bloc prévisionnel','planned','2025-12-06 15:52:16',NULL,2,2,NULL),
(7,1,'2025-12-12','2025-12-21',7.00,'Bloc prévisionnel','confirmed','2025-12-06 15:52:16',NULL,2,2,NULL),
(8,1,'2025-12-02','2025-12-06',6.00,'Bloc prévisionnel','planned','2025-12-06 15:52:16',NULL,2,4,NULL),
(9,1,'2025-12-09','2025-12-18',7.00,'Bloc prévisionnel','planned','2025-12-06 15:52:16',NULL,2,4,NULL),
(10,1,'2025-12-15','2025-12-24',7.00,'Bloc prévisionnel','confirmed','2025-12-06 15:52:16',NULL,3,1,NULL),
(11,1,'2025-12-27','2026-01-04',8.00,'Bloc prévisionnel','planned','2025-12-06 15:52:16',NULL,3,1,NULL),
(12,1,'2025-12-13','2025-12-19',7.00,'Bloc prévisionnel','planned','2025-12-06 15:52:16',NULL,3,3,NULL),
(13,1,'2025-12-22','2025-12-24',6.00,'Bloc prévisionnel','confirmed','2025-12-06 15:52:16',NULL,3,3,NULL),
(14,1,'2025-12-02','2025-12-06',8.00,'Bloc prévisionnel','confirmed','2025-12-06 15:52:16',NULL,4,1,NULL),
(15,1,'2025-12-13','2025-12-19',8.00,'Bloc prévisionnel','planned','2025-12-06 15:52:16',NULL,4,2,NULL),
(16,1,'2025-12-20','2025-12-24',8.00,'Bloc prévisionnel','confirmed','2025-12-06 15:52:16',NULL,4,2,NULL),
(17,1,'2025-12-13','2025-12-15',8.00,'Bloc prévisionnel','planned','2025-12-06 15:52:16',NULL,5,1,NULL),
(18,1,'2025-12-11','2025-12-13',7.00,'Bloc prévisionnel','planned','2025-12-06 15:52:16',NULL,5,2,NULL),
(19,1,'2025-12-12','2025-12-15',7.00,'Bloc prévisionnel','planned','2025-12-06 15:52:16',NULL,5,4,NULL),
(20,1,'2025-12-16','2025-12-19',8.00,'Bloc prévisionnel','confirmed','2025-12-06 15:52:16',NULL,5,4,NULL),
(21,1,'2025-12-13','2025-12-17',8.00,'Bloc prévisionnel','confirmed','2025-12-06 15:52:16',NULL,6,1,NULL),
(22,1,'2025-12-14','2025-12-19',8.00,'Bloc prévisionnel','planned','2025-12-06 15:52:16',NULL,7,4,NULL),
(23,1,'2025-12-01','2025-12-06',8.00,'Bloc prévisionnel','confirmed','2025-12-06 15:52:16',NULL,8,3,NULL),
(24,1,'2025-12-08','2025-12-16',6.00,'Bloc prévisionnel','planned','2025-12-06 15:52:16',NULL,8,3,NULL),
(25,1,'2025-12-04','2025-12-10',8.00,'Bloc prévisionnel','confirmed','2025-12-06 15:52:16',NULL,9,1,NULL),
(26,1,'2025-12-13','2025-12-18',6.00,'Bloc prévisionnel','planned','2025-12-06 15:52:16',NULL,9,1,NULL),
(27,1,'2025-12-09','2025-12-13',6.00,'Bloc prévisionnel','planned','2025-12-06 15:52:16',NULL,10,2,NULL),
(28,1,'2025-12-13','2025-12-15',7.00,'Bloc prévisionnel','planned','2025-12-06 15:52:16',NULL,10,4,NULL),
(29,1,'2025-12-10','2025-12-16',8.00,'Bloc prévisionnel','planned','2025-12-06 15:52:16',NULL,11,2,NULL),
(30,1,'2025-12-17','2025-12-26',6.00,'Bloc prévisionnel','confirmed','2025-12-06 15:52:16',NULL,11,2,NULL),
(31,1,'2025-12-01','2025-12-10',8.00,'Bloc prévisionnel','planned','2025-12-06 15:52:16',NULL,12,2,NULL),
(32,1,'2025-12-11','2025-12-20',8.00,'Bloc prévisionnel','planned','2025-12-06 15:52:16',NULL,12,2,NULL),
(33,1,'2025-12-07','2025-12-10',6.00,'Bloc prévisionnel','planned','2025-12-06 15:52:16',NULL,13,4,NULL),
(34,1,'2025-12-02','2025-12-09',7.00,'Bloc prévisionnel','planned','2025-12-06 15:52:16',NULL,14,1,NULL),
(35,1,'2025-12-11','2025-12-13',7.00,'Bloc prévisionnel','planned','2025-12-06 15:52:16',NULL,14,1,NULL),
(36,1,'2025-12-12','2025-12-21',6.00,'Bloc prévisionnel','confirmed','2025-12-06 15:52:16',NULL,14,2,NULL),
(37,1,'2025-12-23','2026-01-01',6.00,'Bloc prévisionnel','confirmed','2025-12-06 15:52:16',NULL,14,2,NULL),
(38,1,'2025-12-02','2025-12-05',8.00,'Bloc prévisionnel','planned','2025-12-06 15:52:16',NULL,14,4,NULL),
(39,1,'2025-12-06','2025-12-14',7.00,'Bloc prévisionnel','planned','2025-12-06 15:52:16',NULL,14,4,NULL),
(40,1,'2025-12-15','2025-12-21',8.00,'Bloc prévisionnel','confirmed','2025-12-06 15:52:16',NULL,15,1,NULL),
(41,1,'2025-12-22','2025-12-29',6.00,'Bloc prévisionnel','confirmed','2025-12-06 15:52:16',NULL,15,1,NULL),
(42,1,'2025-12-08','2025-12-14',7.00,'Bloc prévisionnel','confirmed','2025-12-06 15:52:16',NULL,16,2,NULL),
(43,1,'2025-12-15','2025-12-22',7.00,'Bloc prévisionnel','confirmed','2025-12-06 15:52:16',NULL,16,2,NULL),
(44,1,'2025-12-04','2025-12-08',7.00,'Bloc prévisionnel','planned','2025-12-06 15:52:16',NULL,16,3,NULL),
(45,1,'2025-12-08','2025-12-15',8.00,'Bloc prévisionnel','planned','2025-12-06 15:52:16',NULL,16,4,NULL),
(46,1,'2025-12-17','2025-12-25',7.00,'Bloc prévisionnel','planned','2025-12-06 15:52:16',NULL,16,4,NULL),
(47,1,'2025-12-01','2025-12-10',8.00,'Bloc prévisionnel','confirmed','2025-12-06 15:52:16',NULL,17,3,NULL),
(48,1,'2025-12-12','2025-12-16',7.00,'Bloc prévisionnel','planned','2025-12-06 15:52:16',NULL,17,3,NULL),
(49,1,'2025-12-03','2025-12-11',6.00,'Bloc prévisionnel','confirmed','2025-12-06 15:52:16',NULL,18,2,NULL),
(50,1,'2025-12-14','2025-12-19',7.00,'Bloc prévisionnel','planned','2025-12-06 15:52:16',NULL,18,2,NULL),
(51,1,'2025-12-12','2025-12-18',6.00,'Bloc prévisionnel','confirmed','2025-12-06 15:52:16',NULL,19,4,NULL),
(52,1,'2025-12-07','2025-12-15',7.00,'Bloc prévisionnel','planned','2025-12-06 15:52:16',NULL,20,1,NULL),
(53,1,'2025-12-13','2025-12-19',8.00,'Bloc prévisionnel','planned','2025-12-06 15:52:16',NULL,21,1,NULL),
(54,1,'2025-12-22','2025-12-30',6.00,'Bloc prévisionnel','confirmed','2025-12-06 15:52:16',NULL,21,1,NULL),
(55,1,'2025-12-10','2025-12-15',8.00,'Bloc prévisionnel','confirmed','2025-12-06 15:52:16',NULL,22,1,NULL),
(56,1,'2025-12-17','2025-12-25',7.00,'Bloc prévisionnel','planned','2025-12-06 15:52:16',NULL,22,1,NULL),
(57,1,'2025-12-15','2025-12-24',8.00,'Bloc prévisionnel','planned','2025-12-06 15:52:16',NULL,22,2,NULL),
(58,1,'2025-12-11','2025-12-19',7.00,'Bloc prévisionnel','confirmed','2025-12-06 15:52:16',NULL,22,3,NULL),
(59,1,'2025-12-15','2025-12-21',7.00,'Bloc prévisionnel','confirmed','2025-12-06 15:52:16',NULL,23,2,NULL),
(60,1,'2025-12-22','2025-12-28',8.00,'Bloc prévisionnel','confirmed','2025-12-06 15:52:16',NULL,23,2,NULL),
(61,1,'2025-12-13','2025-12-18',7.00,'Bloc prévisionnel','planned','2025-12-06 15:52:16',NULL,24,2,NULL),
(62,1,'2025-12-20','2025-12-24',7.00,'Bloc prévisionnel','confirmed','2025-12-06 15:52:16',NULL,24,2,NULL),
(63,1,'2025-12-14','2025-12-20',8.00,'Bloc prévisionnel','confirmed','2025-12-06 15:52:16',NULL,24,3,NULL),
(64,1,'2025-12-23','2025-12-31',8.00,'Bloc prévisionnel','confirmed','2025-12-06 15:52:16',NULL,24,3,NULL),
(65,1,'2025-12-04','2025-12-13',7.00,'Bloc prévisionnel','confirmed','2025-12-06 15:52:16',NULL,24,4,NULL),
(66,1,'2025-12-15','2025-12-22',8.00,'Bloc prévisionnel','confirmed','2025-12-06 15:52:16',NULL,25,4,NULL),
(67,1,'2025-12-25','2025-12-29',8.00,'Bloc prévisionnel','confirmed','2025-12-06 15:52:16',NULL,25,4,NULL),
(68,1,'2025-12-09','2025-12-11',6.00,'Bloc prévisionnel','confirmed','2025-12-06 15:52:16',NULL,26,2,NULL),
(69,1,'2025-12-10','2025-12-12',6.00,'Bloc prévisionnel','planned','2025-12-06 15:52:16',NULL,26,4,NULL),
(70,1,'2025-12-13','2025-12-20',7.00,'Bloc prévisionnel','planned','2025-12-06 15:52:16',NULL,26,4,NULL),
(71,1,'2025-12-08','2025-12-10',7.80,'Suggestion automatique: Disponibilité: 100%','planned','2025-12-08 07:35:55',NULL,48,75,9),
(72,1,'2025-12-08','2025-12-09',7.00,'Suggestion automatique: Disponibilité: 100%','planned','2025-12-08 07:35:55',NULL,21,75,6),
(73,1,'2025-12-08','2025-12-10',7.00,'Suggestion automatique: Disponibilité: 100%','planned','2025-12-08 07:35:55',NULL,51,75,13),
(74,1,'2025-12-08','2025-12-09',7.80,'Suggestion automatique: Disponibilité: 100%','planned','2025-12-08 07:35:55',NULL,48,75,9),
(75,1,'2025-12-08','2025-12-09',7.00,'Suggestion automatique: Disponibilité: 100%','planned','2025-12-08 07:35:55',NULL,21,75,6),
(76,1,'2025-12-08','2025-12-10',7.80,'Suggestion automatique: Disponibilité: 100%','planned','2025-12-08 07:35:55',NULL,48,75,9),
(77,1,'2025-12-08','2025-12-10',7.00,'Suggestion automatique: Disponibilité: 100%','planned','2025-12-08 07:35:55',NULL,21,75,6),
(78,1,'2025-12-08','2025-12-08',7.80,'Suggestion automatique: Disponibilité: 100%','planned','2025-12-08 07:35:55',NULL,48,75,9),
(79,1,'2025-12-08','2025-12-08',7.00,'Suggestion automatique: Disponibilité: 100%','planned','2025-12-08 07:35:55',NULL,21,75,6),
(80,1,'2025-12-08','2025-12-23',7.00,'Suggestion automatique: Disponibilité: 100%','planned','2025-12-08 07:35:55',NULL,51,75,13),
(81,1,'2025-12-08','2025-12-31',7.00,'Suggestion automatique: Disponibilité: 100%','planned','2025-12-08 07:35:55',NULL,52,75,14),
(82,1,'2025-12-08','2025-12-23',3.50,'Suggestion automatique: Disponibilité: 100%\n[Optimisation auto] Allocation réduite de 7h à 3.5h/jour','planned','2025-12-08 07:35:55',NULL,47,75,6),
(83,1,'2025-12-08','2026-04-06',7.00,'Suggestion automatique: Disponibilité: 100%','planned','2025-12-08 07:35:55',NULL,38,75,2),
(84,1,'2025-12-08','2026-05-15',7.00,'Suggestion automatique: Disponibilité: 100%','planned','2025-12-08 07:35:55',NULL,40,75,3),
(85,1,'2025-12-08','2025-12-31',7.00,'Suggestion automatique: Disponibilité: 100%','planned','2025-12-08 07:35:55',NULL,47,75,6),
(86,1,'2025-12-08','2025-12-23',7.00,'Suggestion automatique: Disponibilité: 100%','planned','2025-12-08 07:35:55',NULL,40,75,3),
(87,1,'2025-12-08','2025-12-17',7.00,'Suggestion automatique: Disponibilité: 100%','planned','2025-12-08 07:35:55',NULL,38,75,2),
(88,1,'2025-12-08','2025-12-23',7.00,'Suggestion automatique: Disponibilité: 100%','planned','2025-12-08 07:35:55',NULL,47,75,6),
(89,1,'2025-12-08','2025-12-10',3.50,'Suggestion automatique: Disponibilité: 100%\n[Optimisation auto] Allocation réduite de 7h à 3.5h/jour','planned','2025-12-08 07:35:55',NULL,44,75,5),
(90,1,'2025-12-08','2025-12-12',7.00,'Suggestion automatique: Disponibilité: 100%','planned','2025-12-08 07:35:55',NULL,44,75,5),
(91,1,'2025-12-08','2026-01-12',7.00,'Suggestion automatique: Disponibilité: 100%','planned','2025-12-08 07:35:55',NULL,44,75,5),
(92,1,'2025-12-08','2025-12-12',2.80,'Suggestion automatique: Disponibilité: 40%','planned','2025-12-08 07:35:55',NULL,5,75,15),
(93,1,'2025-12-01','2026-01-31',3.50,'Planning créé automatiquement par réaffectation depuis Marc Fournier','planned','2025-12-08 07:50:50',NULL,20,75,NULL),
(94,1,'2025-12-01','2026-01-31',3.50,'Planning créé automatiquement par réaffectation depuis Léa André','planned','2025-12-08 07:50:57',NULL,18,75,NULL);
/*!40000 ALTER TABLE `planning` ENABLE KEYS */;
UNLOCK TABLES;

--
-- Table structure for table `profiles`
--

DROP TABLE IF EXISTS `profiles`;
/*!40101 SET @saved_cs_client     = @@character_set_client */;
/*!40101 SET character_set_client = utf8mb4 */;
CREATE TABLE `profiles` (
  `id` int(11) NOT NULL AUTO_INCREMENT,
  `company_id` int(11) NOT NULL,
  `name` varchar(100) NOT NULL,
  `description` longtext DEFAULT NULL,
  `default_daily_rate` decimal(10,2) DEFAULT NULL,
  `cjm` decimal(10,2) DEFAULT NULL,
  `margin_coefficient` decimal(5,2) DEFAULT 1.00,
  `color` varchar(7) DEFAULT NULL,
  `active` tinyint(4) NOT NULL,
  PRIMARY KEY (`id`),
  UNIQUE KEY `profile_name_company_unique` (`name`,`company_id`),
  KEY `idx_profile_company` (`company_id`),
  CONSTRAINT `fk_profile_company` FOREIGN KEY (`company_id`) REFERENCES `companies` (`id`) ON DELETE CASCADE
) ENGINE=InnoDB AUTO_INCREMENT=16 DEFAULT CHARSET=utf8mb4 COLLATE=utf8mb4_uca1400_ai_ci;
/*!40101 SET character_set_client = @saved_cs_client */;

--
-- Dumping data for table `profiles`
--

LOCK TABLES `profiles` WRITE;
/*!40000 ALTER TABLE `profiles` DISABLE KEYS */;
INSERT INTO `profiles` VALUES
(1,1,'développeur fullstack','Développeur maîtrisant frontend et backend',60000.00,40000.00,1.00,'#28a745',1),
(2,1,'développeur frontend','Spécialisé en interfaces utilisateur (React, Vue, Angular)',55000.00,36000.00,1.00,'#28a745',1),
(3,1,'développeur backend','Spécialisé en API et bases de données',55000.00,36000.00,1.00,'#28a745',1),
(4,1,'Lead developer','Développeur senior avec responsabilités techniques',70000.00,45000.00,1.00,'#28a745',1),
(5,1,'chef de projet','Gestion de projet et coordination équipe',60000.00,40000.00,1.00,'#28a745',1),
(6,1,'product owner','Responsable produit et priorisation backlog',75000.00,45000.00,1.00,'#28a745',1),
(7,1,'scrumm master','Animation cérémonies agiles et facilitation',NULL,NULL,1.00,NULL,1),
(8,1,'directeur de projet','Direction stratégique des projets',80000.00,50000.00,1.00,'#28a745',1),
(9,1,'consultant','Conseil et expertise métier',100000.00,60000.00,1.00,'#28a745',1),
(10,1,'CTO','Direction technique',80000.00,50000.00,1.00,'#000000',1),
(11,1,'expert technique','Expertise technique pointue',70000.00,45000.00,1.00,'#28a745',1),
(12,1,'Key account manager','Gestion grands comptes',NULL,NULL,1.00,NULL,1),
(13,1,'UX designer','Conception expérience utilisateur',65000.00,45000.00,1.00,'#28a745',1),
(14,1,'UI designer','Conception interface utilisateur',65000.00,45000.00,1.00,'#28a745',1),
(15,1,'Directeur artistique','Direction artistique et créative',80000.00,50000.00,1.00,'#28a745',1);
/*!40000 ALTER TABLE `profiles` ENABLE KEYS */;
UNLOCK TABLES;

--
-- Table structure for table `project_events`
--

DROP TABLE IF EXISTS `project_events`;
/*!40101 SET @saved_cs_client     = @@character_set_client */;
/*!40101 SET character_set_client = utf8mb4 */;
CREATE TABLE `project_events` (
  `id` int(11) NOT NULL AUTO_INCREMENT,
  `event_type` varchar(50) NOT NULL,
  `description` longtext DEFAULT NULL,
  `data` longtext CHARACTER SET utf8mb4 COLLATE utf8mb4_bin DEFAULT NULL CHECK (json_valid(`data`)),
  `created_at` datetime NOT NULL,
  `project_id` int(11) NOT NULL,
  `actor_id` int(11) DEFAULT NULL,
  PRIMARY KEY (`id`),
  KEY `IDX_4423BC00166D1F9C` (`project_id`),
  KEY `IDX_4423BC0010DAF24A` (`actor_id`),
  KEY `idx_project_created` (`project_id`,`created_at`),
  KEY `idx_event_type` (`event_type`),
  CONSTRAINT `FK_4423BC0010DAF24A` FOREIGN KEY (`actor_id`) REFERENCES `users` (`id`) ON DELETE SET NULL,
  CONSTRAINT `FK_4423BC00166D1F9C` FOREIGN KEY (`project_id`) REFERENCES `projects` (`id`) ON DELETE CASCADE
) ENGINE=InnoDB AUTO_INCREMENT=76 DEFAULT CHARSET=utf8mb4 COLLATE=utf8mb4_uca1400_ai_ci;
/*!40101 SET character_set_client = @saved_cs_client */;

--
-- Dumping data for table `project_events`
--

LOCK TABLES `project_events` WRITE;
/*!40000 ALTER TABLE `project_events` DISABLE KEYS */;
INSERT INTO `project_events` VALUES
(1,'project_created','Projet \"E-shop Mode Parisienne\" créé',NULL,'2025-12-06 15:52:16',1,NULL),
(2,'project_created','Projet \"App Mobile Banking\" créé',NULL,'2025-12-06 15:52:16',2,NULL),
(3,'project_created','Projet \"Site Vitrine Avocat\" créé',NULL,'2025-12-06 15:52:16',3,NULL),
(4,'project_created','Projet \"Plateforme SaaS RH\" créé',NULL,'2025-12-06 15:52:16',4,NULL),
(5,'project_created','Projet \"CRM custom Fashion Store Paris 1\" créé',NULL,'2025-12-06 16:06:36',5,NULL),
(6,'project_created','Projet \"Application mobile Fashion Store Paris 2\" créé',NULL,'2025-12-06 16:06:36',6,NULL),
(7,'project_created','Projet \"Portail client Fashion Store Paris 3\" créé',NULL,'2025-12-06 16:06:36',7,NULL),
(8,'project_created','Projet \"Portail client Fashion Store Paris 4\" créé',NULL,'2025-12-06 16:06:36',8,NULL),
(9,'project_created','Projet \"Portail client Fashion Store Paris 5\" créé',NULL,'2025-12-06 16:06:36',9,NULL),
(10,'project_created','Projet \"Dashboard analytics Fashion Store Paris 6\" créé',NULL,'2025-12-06 16:06:36',10,NULL),
(11,'project_created','Projet \"Migration cloud Fashion Store Paris 7\" créé',NULL,'2025-12-06 16:06:36',11,NULL),
(12,'project_created','Projet \"Portail client Fashion Store Paris 8\" créé',NULL,'2025-12-06 16:06:36',12,NULL),
(13,'project_created','Projet \"Refonte site web Fashion Store Paris 9\" créé',NULL,'2025-12-06 16:06:36',13,NULL),
(14,'project_created','Projet \"API REST Fashion Store Paris 10\" créé',NULL,'2025-12-06 16:06:36',14,NULL),
(15,'project_created','Projet \"Refonte site web Fashion Store Paris 11\" créé',NULL,'2025-12-06 16:06:36',15,NULL),
(16,'project_created','Projet \"Application mobile Fashion Store Paris 12\" créé',NULL,'2025-12-06 16:06:36',16,NULL),
(17,'project_created','Projet \"Refonte site web Fashion Store Paris 13\" créé',NULL,'2025-12-06 16:06:36',17,NULL),
(18,'project_created','Projet \"API REST Fashion Store Paris 14\" créé',NULL,'2025-12-06 16:06:36',18,NULL),
(19,'project_created','Projet \"Migration cloud Fashion Store Paris 15\" créé',NULL,'2025-12-06 16:06:36',19,NULL),
(20,'project_created','Projet \"E-commerce Fashion Store Paris 16\" créé',NULL,'2025-12-06 16:06:36',20,NULL),
(21,'project_created','Projet \"E-commerce Fashion Store Paris 17\" créé',NULL,'2025-12-06 16:06:36',21,NULL),
(22,'project_created','Projet \"API REST Fashion Store Paris 18\" créé',NULL,'2025-12-06 16:06:36',22,NULL),
(23,'project_created','Projet \"Dashboard analytics Fashion Store Paris 19\" créé',NULL,'2025-12-06 16:06:36',23,NULL),
(24,'project_created','Projet \"Application mobile Fashion Store Paris 20\" créé',NULL,'2025-12-06 16:06:36',24,NULL),
(25,'project_created','Projet \"API REST Fashion Store Paris 21\" créé',NULL,'2025-12-06 16:06:36',25,NULL),
(26,'project_created','Projet \"CRM custom Fashion Store Paris 22\" créé',NULL,'2025-12-06 16:06:36',26,NULL),
(27,'project_created','Projet \"E-commerce Fashion Store Paris 23\" créé',NULL,'2025-12-06 16:06:36',27,NULL),
(28,'project_created','Projet \"CRM custom Fashion Store Paris 24\" créé',NULL,'2025-12-06 16:06:36',28,NULL),
(29,'project_created','Projet \"Portail client Fashion Store Paris 25\" créé',NULL,'2025-12-06 16:06:36',29,NULL),
(30,'project_created','Projet \"CRM custom Fashion Store Paris 26\" créé',NULL,'2025-12-06 16:06:36',30,NULL),
(31,'project_created','Projet \"Application mobile Fashion Store Paris 27\" créé',NULL,'2025-12-06 16:06:36',31,NULL),
(32,'project_created','Projet \"CRM custom Fashion Store Paris 28\" créé',NULL,'2025-12-06 16:06:36',32,NULL),
(33,'project_created','Projet \"Application mobile Fashion Store Paris 29\" créé',NULL,'2025-12-06 16:06:36',33,NULL),
(34,'project_created','Projet \"Dashboard analytics Fashion Store Paris 30\" créé',NULL,'2025-12-06 16:06:36',34,NULL),
(35,'project_created','Projet \"Application mobile Fashion Store Paris 31\" créé',NULL,'2025-12-06 16:06:36',35,NULL),
(36,'project_created','Projet \"API REST Fashion Store Paris 32\" créé',NULL,'2025-12-06 16:06:36',36,NULL),
(37,'project_created','Projet \"CRM custom Fashion Store Paris 33\" créé',NULL,'2025-12-06 16:06:36',37,NULL),
(38,'project_created','Projet \"Portail client Fashion Store Paris 34\" créé',NULL,'2025-12-06 16:06:36',38,NULL),
(39,'project_created','Projet \"Application mobile Fashion Store Paris 35\" créé',NULL,'2025-12-06 16:06:36',39,NULL),
(40,'project_created','Projet \"Refonte site web Fashion Store Paris 36\" créé',NULL,'2025-12-06 16:06:36',40,NULL),
(41,'project_created','Projet \"Refonte site web Fashion Store Paris 37\" créé',NULL,'2025-12-06 16:06:36',41,NULL),
(42,'project_created','Projet \"CRM custom Fashion Store Paris 38\" créé',NULL,'2025-12-06 16:06:36',42,NULL),
(43,'project_created','Projet \"Application mobile Fashion Store Paris 39\" créé',NULL,'2025-12-06 16:06:36',43,NULL),
(44,'project_created','Projet \"Refonte site web Fashion Store Paris 40\" créé',NULL,'2025-12-06 16:06:36',44,NULL),
(45,'project_created','Projet \"Portail client Fashion Store Paris 41\" créé',NULL,'2025-12-06 16:06:36',45,NULL),
(46,'project_created','Projet \"Portail client Fashion Store Paris 42\" créé',NULL,'2025-12-06 16:06:36',46,NULL),
(47,'project_created','Projet \"Dashboard analytics Fashion Store Paris 43\" créé',NULL,'2025-12-06 16:06:36',47,NULL),
(48,'project_created','Projet \"CRM custom Fashion Store Paris 44\" créé',NULL,'2025-12-06 16:06:36',48,NULL),
(49,'project_created','Projet \"Application mobile Fashion Store Paris 45\" créé',NULL,'2025-12-06 16:06:36',49,NULL),
(50,'project_created','Projet \"Portail client Fashion Store Paris 46\" créé',NULL,'2025-12-06 16:06:36',50,NULL),
(51,'project_created','Projet \"API REST Fashion Store Paris 47\" créé',NULL,'2025-12-06 16:06:36',51,NULL),
(52,'project_created','Projet \"Dashboard analytics Fashion Store Paris 48\" créé',NULL,'2025-12-06 16:06:36',52,NULL),
(53,'project_created','Projet \"CRM custom Fashion Store Paris 49\" créé',NULL,'2025-12-06 16:06:36',53,NULL),
(54,'project_created','Projet \"Migration cloud Fashion Store Paris 50\" créé',NULL,'2025-12-06 16:06:36',54,NULL),
(55,'project_created','Projet \"E-commerce Fashion Store Paris 51\" créé',NULL,'2025-12-06 16:06:36',55,NULL),
(56,'project_created','Projet \"E-commerce Fashion Store Paris 52\" créé',NULL,'2025-12-06 16:06:36',56,NULL),
(57,'project_created','Projet \"Application mobile Fashion Store Paris 53\" créé',NULL,'2025-12-06 16:06:36',57,NULL),
(58,'project_created','Projet \"Refonte site web Fashion Store Paris 54\" créé',NULL,'2025-12-06 16:06:36',58,NULL),
(59,'project_created','Projet \"Application mobile Fashion Store Paris 55\" créé',NULL,'2025-12-06 16:06:36',59,NULL),
(60,'project_created','Projet \"Application mobile Fashion Store Paris 56\" créé',NULL,'2025-12-06 16:06:36',60,NULL),
(61,'project_created','Projet \"API REST Fashion Store Paris 57\" créé',NULL,'2025-12-06 16:06:36',61,NULL),
(62,'project_created','Projet \"Migration cloud Fashion Store Paris 58\" créé',NULL,'2025-12-06 16:06:36',62,NULL),
(63,'project_created','Projet \"API REST Fashion Store Paris 59\" créé',NULL,'2025-12-06 16:06:36',63,NULL),
(64,'project_created','Projet \"Portail client Fashion Store Paris 60\" créé',NULL,'2025-12-06 16:06:36',64,NULL),
(65,'project_created','Projet \"Application mobile Fashion Store Paris 61\" créé',NULL,'2025-12-06 16:06:36',65,NULL),
(66,'project_created','Projet \"API REST Fashion Store Paris 62\" créé',NULL,'2025-12-06 16:06:36',66,NULL),
(67,'project_created','Projet \"CRM custom Fashion Store Paris 63\" créé',NULL,'2025-12-06 16:06:36',67,NULL),
(68,'project_created','Projet \"Application mobile Fashion Store Paris 64\" créé',NULL,'2025-12-06 16:06:36',68,NULL),
(69,'project_created','Projet \"Portail client Fashion Store Paris 65\" créé',NULL,'2025-12-06 16:06:36',69,NULL),
(70,'project_created','Projet \"Application mobile Fashion Store Paris 66\" créé',NULL,'2025-12-06 16:06:36',70,NULL),
(71,'project_created','Projet \"Application mobile Fashion Store Paris 67\" créé',NULL,'2025-12-06 16:06:36',71,NULL),
(72,'project_created','Projet \"Portail client Fashion Store Paris 68\" créé',NULL,'2025-12-06 16:06:36',72,NULL),
(73,'project_created','Projet \"Application mobile Fashion Store Paris 69\" créé',NULL,'2025-12-06 16:06:36',73,NULL),
(74,'project_created','Projet \"API REST Fashion Store Paris 70\" créé',NULL,'2025-12-06 16:06:36',74,NULL),
(75,'project_created','Projet \"Portail client Fashion Store Paris 3 - 2\" créé',NULL,'2025-12-08 07:22:09',75,6);
/*!40000 ALTER TABLE `project_events` ENABLE KEYS */;
UNLOCK TABLES;

--
-- Table structure for table `project_health_score`
--

DROP TABLE IF EXISTS `project_health_score`;
/*!40101 SET @saved_cs_client     = @@character_set_client */;
/*!40101 SET character_set_client = utf8mb4 */;
CREATE TABLE `project_health_score` (
  `id` int(11) NOT NULL AUTO_INCREMENT,
  `project_id` int(11) NOT NULL,
  `score` smallint(6) NOT NULL,
  `health_level` varchar(20) NOT NULL,
  `budget_score` smallint(6) NOT NULL,
  `timeline_score` smallint(6) NOT NULL,
  `velocity_score` smallint(6) NOT NULL,
  `quality_score` smallint(6) NOT NULL,
  `recommendations` longtext CHARACTER SET utf8mb4 COLLATE utf8mb4_bin DEFAULT NULL CHECK (json_valid(`recommendations`)),
  `details` longtext CHARACTER SET utf8mb4 COLLATE utf8mb4_bin DEFAULT NULL CHECK (json_valid(`details`)),
  `calculated_at` datetime NOT NULL,
  PRIMARY KEY (`id`),
  KEY `IDX_43FDF8F8166D1F9C` (`project_id`),
  KEY `idx_project_date` (`project_id`,`calculated_at`),
  KEY `idx_health_level` (`health_level`),
  CONSTRAINT `FK_43FDF8F8166D1F9C` FOREIGN KEY (`project_id`) REFERENCES `projects` (`id`) ON DELETE CASCADE
) ENGINE=InnoDB AUTO_INCREMENT=19 DEFAULT CHARSET=utf8mb4 COLLATE=utf8mb4_unicode_ci;
/*!40101 SET character_set_client = @saved_cs_client */;

--
-- Dumping data for table `project_health_score`
--

LOCK TABLES `project_health_score` WRITE;
/*!40000 ALTER TABLE `project_health_score` DISABLE KEYS */;
INSERT INTO `project_health_score` VALUES
(1,1,76,'warning',100,20,100,100,'[\"Projet en retard : organisez un point d\'avancement avec le client\",\"Identifiez les t\\u00e2ches bloquantes et priorisez-les\"]','{\"analysis_date\":\"2025-12-10 08:17:53\",\"project_status\":\"active\",\"project_progress\":\"64.41\"}','2025-12-10 08:17:53'),
(2,2,76,'warning',100,20,100,100,'[\"Projet en retard : organisez un point d\'avancement avec le client\",\"Identifiez les t\\u00e2ches bloquantes et priorisez-les\"]','{\"analysis_date\":\"2025-12-10 08:17:53\",\"project_status\":\"active\",\"project_progress\":\"64.41\"}','2025-12-10 08:17:53'),
(3,3,76,'warning',100,20,100,100,'[\"Projet en retard : organisez un point d\'avancement avec le client\",\"Identifiez les t\\u00e2ches bloquantes et priorisez-les\"]','{\"analysis_date\":\"2025-12-10 08:17:53\",\"project_status\":\"active\",\"project_progress\":\"64.41\"}','2025-12-10 08:17:53'),
(4,12,62,'warning',100,20,30,100,'[\"Projet en retard : organisez un point d\'avancement avec le client\",\"Identifiez les t\\u00e2ches bloquantes et priorisez-les\",\"Activit\\u00e9 faible : v\\u00e9rifiez que les timesheets sont \\u00e0 jour\",\"Contactez l\'\\u00e9quipe pour identifier les blocages \\u00e9ventuels\"]','{\"analysis_date\":\"2025-12-10 08:17:53\",\"project_status\":\"in_progress\",\"project_progress\":\"0.00\"}','2025-12-10 08:17:53'),
(5,25,62,'warning',100,20,30,100,'[\"Projet en retard : organisez un point d\'avancement avec le client\",\"Identifiez les t\\u00e2ches bloquantes et priorisez-les\",\"Activit\\u00e9 faible : v\\u00e9rifiez que les timesheets sont \\u00e0 jour\",\"Contactez l\'\\u00e9quipe pour identifier les blocages \\u00e9ventuels\"]','{\"analysis_date\":\"2025-12-10 08:17:53\",\"project_status\":\"in_progress\",\"project_progress\":\"0.00\"}','2025-12-10 08:17:53'),
(6,31,62,'warning',100,20,30,100,'[\"Projet en retard : organisez un point d\'avancement avec le client\",\"Identifiez les t\\u00e2ches bloquantes et priorisez-les\",\"Activit\\u00e9 faible : v\\u00e9rifiez que les timesheets sont \\u00e0 jour\",\"Contactez l\'\\u00e9quipe pour identifier les blocages \\u00e9ventuels\"]','{\"analysis_date\":\"2025-12-10 08:17:53\",\"project_status\":\"in_progress\",\"project_progress\":\"0.00\"}','2025-12-10 08:17:53'),
(7,41,62,'warning',100,20,30,100,'[\"Projet en retard : organisez un point d\'avancement avec le client\",\"Identifiez les t\\u00e2ches bloquantes et priorisez-les\",\"Activit\\u00e9 faible : v\\u00e9rifiez que les timesheets sont \\u00e0 jour\",\"Contactez l\'\\u00e9quipe pour identifier les blocages \\u00e9ventuels\"]','{\"analysis_date\":\"2025-12-10 08:17:53\",\"project_status\":\"in_progress\",\"project_progress\":\"0.00\"}','2025-12-10 08:17:53'),
(8,42,62,'warning',100,20,30,100,'[\"Projet en retard : organisez un point d\'avancement avec le client\",\"Identifiez les t\\u00e2ches bloquantes et priorisez-les\",\"Activit\\u00e9 faible : v\\u00e9rifiez que les timesheets sont \\u00e0 jour\",\"Contactez l\'\\u00e9quipe pour identifier les blocages \\u00e9ventuels\"]','{\"analysis_date\":\"2025-12-10 08:17:53\",\"project_status\":\"in_progress\",\"project_progress\":\"0.00\"}','2025-12-10 08:17:53'),
(9,49,62,'warning',100,20,30,100,'[\"Projet en retard : organisez un point d\'avancement avec le client\",\"Identifiez les t\\u00e2ches bloquantes et priorisez-les\",\"Activit\\u00e9 faible : v\\u00e9rifiez que les timesheets sont \\u00e0 jour\",\"Contactez l\'\\u00e9quipe pour identifier les blocages \\u00e9ventuels\"]','{\"analysis_date\":\"2025-12-10 08:17:53\",\"project_status\":\"in_progress\",\"project_progress\":\"0.00\"}','2025-12-10 08:17:53'),
(10,52,62,'warning',100,20,30,100,'[\"Projet en retard : organisez un point d\'avancement avec le client\",\"Identifiez les t\\u00e2ches bloquantes et priorisez-les\",\"Activit\\u00e9 faible : v\\u00e9rifiez que les timesheets sont \\u00e0 jour\",\"Contactez l\'\\u00e9quipe pour identifier les blocages \\u00e9ventuels\"]','{\"analysis_date\":\"2025-12-10 08:17:53\",\"project_status\":\"in_progress\",\"project_progress\":\"0.00\"}','2025-12-10 08:17:53'),
(11,56,62,'warning',100,20,30,100,'[\"Projet en retard : organisez un point d\'avancement avec le client\",\"Identifiez les t\\u00e2ches bloquantes et priorisez-les\",\"Activit\\u00e9 faible : v\\u00e9rifiez que les timesheets sont \\u00e0 jour\",\"Contactez l\'\\u00e9quipe pour identifier les blocages \\u00e9ventuels\"]','{\"analysis_date\":\"2025-12-10 08:17:53\",\"project_status\":\"in_progress\",\"project_progress\":\"0.00\"}','2025-12-10 08:17:53'),
(12,59,62,'warning',100,20,30,100,'[\"Projet en retard : organisez un point d\'avancement avec le client\",\"Identifiez les t\\u00e2ches bloquantes et priorisez-les\",\"Activit\\u00e9 faible : v\\u00e9rifiez que les timesheets sont \\u00e0 jour\",\"Contactez l\'\\u00e9quipe pour identifier les blocages \\u00e9ventuels\"]','{\"analysis_date\":\"2025-12-10 08:17:53\",\"project_status\":\"in_progress\",\"project_progress\":\"0.00\"}','2025-12-10 08:17:53'),
(13,63,62,'warning',100,20,30,100,'[\"Projet en retard : organisez un point d\'avancement avec le client\",\"Identifiez les t\\u00e2ches bloquantes et priorisez-les\",\"Activit\\u00e9 faible : v\\u00e9rifiez que les timesheets sont \\u00e0 jour\",\"Contactez l\'\\u00e9quipe pour identifier les blocages \\u00e9ventuels\"]','{\"analysis_date\":\"2025-12-10 08:17:53\",\"project_status\":\"in_progress\",\"project_progress\":\"0.00\"}','2025-12-10 08:17:53'),
(14,65,62,'warning',100,20,30,100,'[\"Projet en retard : organisez un point d\'avancement avec le client\",\"Identifiez les t\\u00e2ches bloquantes et priorisez-les\",\"Activit\\u00e9 faible : v\\u00e9rifiez que les timesheets sont \\u00e0 jour\",\"Contactez l\'\\u00e9quipe pour identifier les blocages \\u00e9ventuels\"]','{\"analysis_date\":\"2025-12-10 08:17:53\",\"project_status\":\"in_progress\",\"project_progress\":\"0.00\"}','2025-12-10 08:17:53'),
(15,67,68,'warning',100,40,30,100,'[\"Projet en retard : organisez un point d\'avancement avec le client\",\"Identifiez les t\\u00e2ches bloquantes et priorisez-les\",\"Activit\\u00e9 faible : v\\u00e9rifiez que les timesheets sont \\u00e0 jour\",\"Contactez l\'\\u00e9quipe pour identifier les blocages \\u00e9ventuels\"]','{\"analysis_date\":\"2025-12-10 08:17:53\",\"project_status\":\"in_progress\",\"project_progress\":\"0.00\"}','2025-12-10 08:17:53'),
(16,69,80,'warning',100,80,30,100,'[\"Activit\\u00e9 faible : v\\u00e9rifiez que les timesheets sont \\u00e0 jour\",\"Contactez l\'\\u00e9quipe pour identifier les blocages \\u00e9ventuels\"]','{\"analysis_date\":\"2025-12-10 08:17:53\",\"project_status\":\"in_progress\",\"project_progress\":\"0.00\"}','2025-12-10 08:17:53'),
(17,71,74,'warning',100,60,30,100,'[\"Projet en retard : organisez un point d\'avancement avec le client\",\"Identifiez les t\\u00e2ches bloquantes et priorisez-les\",\"Activit\\u00e9 faible : v\\u00e9rifiez que les timesheets sont \\u00e0 jour\",\"Contactez l\'\\u00e9quipe pour identifier les blocages \\u00e9ventuels\"]','{\"analysis_date\":\"2025-12-10 08:17:53\",\"project_status\":\"in_progress\",\"project_progress\":\"0.00\"}','2025-12-10 08:17:53'),
(18,75,100,'healthy',100,100,100,100,'[]','{\"analysis_date\":\"2025-12-10 08:17:53\",\"project_status\":\"active\",\"project_progress\":\"0.00\"}','2025-12-10 08:17:53');
/*!40000 ALTER TABLE `project_health_score` ENABLE KEYS */;
UNLOCK TABLES;

--
-- Table structure for table `project_sub_tasks`
--

DROP TABLE IF EXISTS `project_sub_tasks`;
/*!40101 SET @saved_cs_client     = @@character_set_client */;
/*!40101 SET character_set_client = utf8mb4 */;
CREATE TABLE `project_sub_tasks` (
  `id` int(11) NOT NULL AUTO_INCREMENT,
  `company_id` int(11) NOT NULL,
  `title` varchar(255) NOT NULL,
  `initial_estimated_hours` decimal(6,2) NOT NULL,
  `remaining_hours` decimal(6,2) NOT NULL,
  `status` varchar(20) NOT NULL,
  `position` int(11) NOT NULL,
  `created_at` datetime NOT NULL,
  `updated_at` datetime NOT NULL,
  `project_id` int(11) NOT NULL,
  `task_id` int(11) NOT NULL,
  `assignee_id` int(11) DEFAULT NULL,
  PRIMARY KEY (`id`),
  KEY `IDX_AD2044F9166D1F9C` (`project_id`),
  KEY `IDX_AD2044F98DB60186` (`task_id`),
  KEY `IDX_AD2044F959EC7D60` (`assignee_id`),
  KEY `idx_project_sub_task_company` (`company_id`),
  CONSTRAINT `FK_AD2044F9166D1F9C` FOREIGN KEY (`project_id`) REFERENCES `projects` (`id`) ON DELETE CASCADE,
  CONSTRAINT `FK_AD2044F959EC7D60` FOREIGN KEY (`assignee_id`) REFERENCES `contributors` (`id`) ON DELETE SET NULL,
  CONSTRAINT `FK_AD2044F98DB60186` FOREIGN KEY (`task_id`) REFERENCES `project_tasks` (`id`) ON DELETE CASCADE,
  CONSTRAINT `fk_project_sub_task_company` FOREIGN KEY (`company_id`) REFERENCES `companies` (`id`) ON DELETE CASCADE
) ENGINE=InnoDB DEFAULT CHARSET=utf8mb4 COLLATE=utf8mb4_uca1400_ai_ci;
/*!40101 SET character_set_client = @saved_cs_client */;

--
-- Dumping data for table `project_sub_tasks`
--

LOCK TABLES `project_sub_tasks` WRITE;
/*!40000 ALTER TABLE `project_sub_tasks` DISABLE KEYS */;
/*!40000 ALTER TABLE `project_sub_tasks` ENABLE KEYS */;
UNLOCK TABLES;

--
-- Table structure for table `project_tasks`
--

DROP TABLE IF EXISTS `project_tasks`;
/*!40101 SET @saved_cs_client     = @@character_set_client */;
/*!40101 SET character_set_client = utf8mb4 */;
CREATE TABLE `project_tasks` (
  `id` int(11) NOT NULL AUTO_INCREMENT,
  `company_id` int(11) NOT NULL,
  `name` varchar(255) NOT NULL,
  `description` longtext DEFAULT NULL,
  `type` varchar(20) NOT NULL,
  `is_default` tinyint(4) NOT NULL,
  `counts_for_profitability` tinyint(4) NOT NULL,
  `position` int(11) NOT NULL,
  `active` tinyint(4) NOT NULL,
  `estimated_hours_sold` int(11) DEFAULT NULL,
  `estimated_hours_revised` int(11) DEFAULT NULL,
  `progress_percentage` int(11) NOT NULL,
  `daily_rate` decimal(10,2) DEFAULT NULL,
  `start_date` date DEFAULT NULL,
  `end_date` date DEFAULT NULL,
  `status` varchar(20) NOT NULL,
  `project_id` int(11) NOT NULL,
  `order_line_id` int(11) DEFAULT NULL,
  `assigned_contributor_id` int(11) DEFAULT NULL,
  `required_profile_id` int(11) DEFAULT NULL,
  PRIMARY KEY (`id`),
  KEY `IDX_430D6C09166D1F9C` (`project_id`),
  KEY `IDX_430D6C09BB01DC09` (`order_line_id`),
  KEY `IDX_430D6C097C1524E1` (`assigned_contributor_id`),
  KEY `IDX_430D6C09509DE452` (`required_profile_id`),
  KEY `idx_project_task_company` (`company_id`),
  CONSTRAINT `FK_430D6C09166D1F9C` FOREIGN KEY (`project_id`) REFERENCES `projects` (`id`),
  CONSTRAINT `FK_430D6C09509DE452` FOREIGN KEY (`required_profile_id`) REFERENCES `profiles` (`id`),
  CONSTRAINT `FK_430D6C097C1524E1` FOREIGN KEY (`assigned_contributor_id`) REFERENCES `contributors` (`id`),
  CONSTRAINT `FK_430D6C09BB01DC09` FOREIGN KEY (`order_line_id`) REFERENCES `order_lines` (`id`) ON DELETE SET NULL,
  CONSTRAINT `fk_project_task_company` FOREIGN KEY (`company_id`) REFERENCES `companies` (`id`) ON DELETE CASCADE
) ENGINE=InnoDB AUTO_INCREMENT=75 DEFAULT CHARSET=utf8mb4 COLLATE=utf8mb4_uca1400_ai_ci;
/*!40101 SET character_set_client = @saved_cs_client */;

--
-- Dumping data for table `project_tasks`
--

LOCK TABLES `project_tasks` WRITE;
/*!40000 ALTER TABLE `project_tasks` DISABLE KEYS */;
INSERT INTO `project_tasks` VALUES
(1,1,'Analyse et spécifications',NULL,'regular',0,1,1,1,40,35,100,562.00,NULL,NULL,'completed',1,NULL,20,6),
(2,1,'Maquettage et design',NULL,'regular',0,1,2,1,80,75,90,491.00,NULL,NULL,'in_progress',1,NULL,26,14),
(3,1,'Développement Frontend',NULL,'regular',0,1,3,1,120,140,60,402.00,NULL,NULL,'in_progress',1,NULL,7,2),
(4,1,'Développement Backend',NULL,'regular',0,1,4,1,100,110,70,433.00,NULL,NULL,'in_progress',1,NULL,12,3),
(5,1,'Tests et validation',NULL,'regular',0,1,5,1,40,45,30,573.00,NULL,NULL,'in_progress',1,NULL,1,1),
(6,1,'Déploiement',NULL,'regular',0,1,6,1,20,25,0,557.00,NULL,NULL,'not_started',1,NULL,1,4),
(7,1,'Analyse et spécifications',NULL,'regular',0,1,1,1,40,35,100,411.00,NULL,NULL,'completed',2,NULL,20,6),
(8,1,'Maquettage et design',NULL,'regular',0,1,2,1,80,75,90,501.00,NULL,NULL,'in_progress',2,NULL,26,14),
(9,1,'Développement Frontend',NULL,'regular',0,1,3,1,120,140,60,512.00,NULL,NULL,'in_progress',2,NULL,7,2),
(10,1,'Développement Backend',NULL,'regular',0,1,4,1,100,110,70,581.00,NULL,NULL,'in_progress',2,NULL,12,3),
(11,1,'Tests et validation',NULL,'regular',0,1,5,1,40,45,30,555.00,NULL,NULL,'in_progress',2,NULL,1,1),
(12,1,'Déploiement',NULL,'regular',0,1,6,1,20,25,0,581.00,NULL,NULL,'not_started',2,NULL,1,4),
(13,1,'Analyse et spécifications',NULL,'regular',0,1,1,1,40,35,100,502.00,NULL,NULL,'completed',3,NULL,20,NULL),
(14,1,'Maquettage et design',NULL,'regular',0,1,2,1,80,75,90,560.00,NULL,NULL,'in_progress',3,NULL,26,NULL),
(15,1,'Développement Frontend',NULL,'regular',0,1,3,1,120,140,60,539.00,NULL,NULL,'in_progress',3,NULL,7,NULL),
(16,1,'Développement Backend',NULL,'regular',0,1,4,1,100,110,70,499.00,NULL,NULL,'in_progress',3,NULL,12,NULL),
(17,1,'Tests et validation',NULL,'regular',0,1,5,1,40,45,30,584.00,NULL,NULL,'in_progress',3,NULL,1,NULL),
(18,1,'Déploiement',NULL,'regular',0,1,6,1,20,25,0,519.00,NULL,NULL,'not_started',3,NULL,1,NULL),
(19,1,'Analyse et spécifications',NULL,'regular',0,1,1,1,40,35,100,595.00,NULL,NULL,'completed',4,NULL,20,NULL),
(20,1,'Maquettage et design',NULL,'regular',0,1,2,1,80,75,90,491.00,NULL,NULL,'in_progress',4,NULL,26,NULL),
(21,1,'Développement Frontend',NULL,'regular',0,1,3,1,120,140,60,492.00,NULL,NULL,'in_progress',4,NULL,7,NULL),
(22,1,'Développement Backend',NULL,'regular',0,1,4,1,100,110,70,405.00,NULL,NULL,'in_progress',4,NULL,12,NULL),
(23,1,'Tests et validation',NULL,'regular',0,1,5,1,40,45,30,475.00,NULL,NULL,'in_progress',4,NULL,1,NULL),
(24,1,'Déploiement',NULL,'regular',0,1,6,1,20,25,0,449.00,NULL,NULL,'not_started',4,NULL,1,NULL),
(25,1,'Immersion métier',NULL,'regular',0,1,0,1,16,NULL,0,1000.00,NULL,NULL,'not_started',7,1,NULL,9),
(26,1,'Immersion métier',NULL,'regular',0,1,0,1,8,NULL,0,700.00,NULL,NULL,'not_started',7,2,NULL,6),
(27,1,'Immersion métier',NULL,'regular',0,1,0,1,16,NULL,0,600.00,NULL,NULL,'not_started',7,3,NULL,13),
(28,1,'Atelier1',NULL,'regular',0,1,0,1,12,NULL,0,1000.00,NULL,NULL,'not_started',7,4,NULL,9),
(29,1,'Atelier1',NULL,'regular',0,1,0,1,12,NULL,0,750.00,NULL,NULL,'not_started',7,5,NULL,6),
(30,1,'Atelier2',NULL,'regular',0,1,0,1,16,NULL,0,1000.00,NULL,NULL,'not_started',7,6,NULL,9),
(31,1,'Atelier2',NULL,'regular',0,1,0,1,16,NULL,0,750.00,NULL,NULL,'not_started',7,7,NULL,6),
(32,1,'Présentation livrables',NULL,'regular',0,1,0,1,4,NULL,0,1000.00,NULL,NULL,'not_started',7,8,NULL,9),
(33,1,'Présentation livrables',NULL,'regular',0,1,0,1,4,NULL,0,750.00,NULL,NULL,'not_started',7,9,NULL,6),
(34,1,'Wireframing',NULL,'regular',0,1,0,1,80,NULL,0,650.00,NULL,NULL,'not_started',7,11,NULL,13),
(35,1,'Maquettage',NULL,'regular',0,1,0,1,120,NULL,0,650.00,NULL,NULL,'not_started',7,12,NULL,14),
(36,1,'Concepts graphiques',NULL,'regular',0,1,0,1,32,NULL,0,800.00,NULL,NULL,'not_started',7,13,NULL,15),
(37,1,'Spécifications fonctionnelles',NULL,'regular',0,1,0,1,80,NULL,0,750.00,NULL,NULL,'not_started',7,14,NULL,6),
(38,1,'Spécifications techniques',NULL,'regular',0,1,0,1,24,NULL,0,700.00,NULL,NULL,'not_started',7,15,NULL,4),
(39,1,'DAT',NULL,'regular',0,1,0,1,8,NULL,0,700.00,NULL,NULL,'not_started',7,16,NULL,4),
(40,1,'développements frontend',NULL,'regular',0,1,0,1,600,NULL,0,550.00,NULL,NULL,'not_started',7,18,NULL,2),
(41,1,'Développements backend',NULL,'regular',0,1,0,1,800,NULL,0,550.00,NULL,NULL,'not_started',7,19,NULL,3),
(42,1,'Recette interne',NULL,'regular',0,1,0,1,120,NULL,0,750.00,NULL,NULL,'not_started',7,20,NULL,6),
(43,1,'Traitement des retours de recette',NULL,'regular',0,1,0,1,80,NULL,0,550.00,NULL,NULL,'not_started',7,21,NULL,3),
(44,1,'Traitements des retours de recette',NULL,'regular',0,1,0,1,56,NULL,0,550.00,NULL,NULL,'not_started',7,22,NULL,2),
(45,1,'Accompagnement recette client',NULL,'regular',0,1,0,1,80,NULL,0,750.00,NULL,NULL,'not_started',7,23,NULL,6),
(46,1,'Pilotage cadrage',NULL,'regular',0,1,0,1,16,NULL,0,600.00,NULL,NULL,'not_started',7,10,NULL,5),
(47,1,'PIlotage conception',NULL,'regular',0,1,0,1,32,NULL,0,600.00,NULL,NULL,'not_started',7,17,NULL,5),
(48,1,'Pilotage développements/recette',NULL,'regular',0,1,0,1,176,NULL,0,600.00,NULL,NULL,'not_started',7,24,NULL,5),
(49,1,'AVV - Avant-vente','Temps passé en avant-vente (ne compte pas dans la rentabilité)','avv',1,0,1,1,NULL,NULL,0,NULL,NULL,NULL,'not_started',75,NULL,NULL,NULL),
(50,1,'Non-vendu','Temps passé non-vendu (ne compte pas dans la rentabilité)','non_vendu',1,0,2,1,NULL,NULL,0,NULL,NULL,NULL,'not_started',75,NULL,NULL,NULL),
(51,1,'Immersion métier',NULL,'regular',0,1,0,1,16,NULL,0,1000.00,NULL,NULL,'not_started',75,25,NULL,9),
(52,1,'Immersion métier',NULL,'regular',0,1,0,1,8,NULL,0,700.00,NULL,NULL,'not_started',75,26,NULL,6),
(53,1,'Immersion métier',NULL,'regular',0,1,0,1,16,NULL,0,600.00,NULL,NULL,'not_started',75,27,NULL,13),
(54,1,'Atelier1',NULL,'regular',0,1,0,1,12,NULL,0,1000.00,NULL,NULL,'not_started',75,28,NULL,9),
(55,1,'Atelier1',NULL,'regular',0,1,0,1,12,NULL,0,750.00,NULL,NULL,'not_started',75,29,NULL,6),
(56,1,'Atelier2',NULL,'regular',0,1,0,1,16,NULL,0,1000.00,NULL,NULL,'not_started',75,30,NULL,9),
(57,1,'Atelier2',NULL,'regular',0,1,0,1,16,NULL,0,750.00,NULL,NULL,'not_started',75,31,NULL,6),
(58,1,'Présentation livrables',NULL,'regular',0,1,0,1,4,NULL,0,1000.00,NULL,NULL,'not_started',75,32,NULL,9),
(59,1,'Présentation livrables',NULL,'regular',0,1,0,1,4,NULL,0,750.00,NULL,NULL,'not_started',75,33,NULL,6),
(60,1,'Wireframing',NULL,'regular',0,1,0,1,80,NULL,0,650.00,NULL,NULL,'not_started',75,34,NULL,13),
(61,1,'Maquettage',NULL,'regular',0,1,0,1,120,NULL,0,650.00,NULL,NULL,'not_started',75,35,NULL,14),
(62,1,'Concepts graphiques',NULL,'regular',0,1,0,1,32,NULL,0,800.00,NULL,NULL,'not_started',75,36,NULL,15),
(63,1,'Spécifications fonctionnelles',NULL,'regular',0,1,0,1,80,NULL,0,750.00,NULL,NULL,'not_started',75,37,NULL,6),
(64,1,'Spécifications techniques',NULL,'regular',0,1,0,1,24,NULL,0,700.00,NULL,NULL,'not_started',75,38,NULL,4),
(65,1,'DAT',NULL,'regular',0,1,0,1,8,NULL,0,700.00,NULL,NULL,'not_started',75,39,NULL,4),
(66,1,'développements frontend',NULL,'regular',0,1,0,1,600,NULL,0,550.00,NULL,NULL,'not_started',75,40,NULL,2),
(67,1,'Développements backend',NULL,'regular',0,1,0,1,800,NULL,0,550.00,NULL,NULL,'not_started',75,41,NULL,3),
(68,1,'Recette interne',NULL,'regular',0,1,0,1,120,NULL,0,750.00,NULL,NULL,'not_started',75,42,NULL,6),
(69,1,'Traitement des retours de recette',NULL,'regular',0,1,0,1,80,NULL,0,550.00,NULL,NULL,'not_started',75,43,NULL,3),
(70,1,'Traitements des retours de recette',NULL,'regular',0,1,0,1,56,NULL,0,550.00,NULL,NULL,'not_started',75,44,NULL,2),
(71,1,'Accompagnement recette client',NULL,'regular',0,1,0,1,80,NULL,0,750.00,NULL,NULL,'not_started',75,45,NULL,6),
(72,1,'Pilotage cadrage',NULL,'regular',0,1,0,1,16,NULL,0,600.00,NULL,NULL,'not_started',75,46,NULL,5),
(73,1,'PIlotage conception',NULL,'regular',0,1,0,1,32,NULL,0,600.00,NULL,NULL,'not_started',75,47,NULL,5),
(74,1,'Pilotage développements/recette',NULL,'regular',0,1,0,1,176,NULL,0,600.00,NULL,NULL,'not_started',75,48,NULL,5);
/*!40000 ALTER TABLE `project_tasks` ENABLE KEYS */;
UNLOCK TABLES;

--
-- Table structure for table `project_technologies`
--

DROP TABLE IF EXISTS `project_technologies`;
/*!40101 SET @saved_cs_client     = @@character_set_client */;
/*!40101 SET character_set_client = utf8mb4 */;
CREATE TABLE `project_technologies` (
  `project_id` int(11) NOT NULL,
  `technology_id` int(11) NOT NULL,
  PRIMARY KEY (`project_id`,`technology_id`),
  KEY `IDX_666C1F7B166D1F9C` (`project_id`),
  KEY `IDX_666C1F7B4235D463` (`technology_id`),
  CONSTRAINT `FK_666C1F7B166D1F9C` FOREIGN KEY (`project_id`) REFERENCES `projects` (`id`) ON DELETE CASCADE,
  CONSTRAINT `FK_666C1F7B4235D463` FOREIGN KEY (`technology_id`) REFERENCES `technologies` (`id`) ON DELETE CASCADE
) ENGINE=InnoDB DEFAULT CHARSET=utf8mb4 COLLATE=utf8mb4_uca1400_ai_ci;
/*!40101 SET character_set_client = @saved_cs_client */;

--
-- Dumping data for table `project_technologies`
--

LOCK TABLES `project_technologies` WRITE;
/*!40000 ALTER TABLE `project_technologies` DISABLE KEYS */;
INSERT INTO `project_technologies` VALUES
(1,2),
(1,5),
(1,10),
(2,5),
(2,11),
(3,3),
(3,6),
(4,2),
(4,7),
(4,10);
/*!40000 ALTER TABLE `project_technologies` ENABLE KEYS */;
UNLOCK TABLES;

--
-- Table structure for table `project_technology_versions`
--

DROP TABLE IF EXISTS `project_technology_versions`;
/*!40101 SET @saved_cs_client     = @@character_set_client */;
/*!40101 SET character_set_client = utf8mb4 */;
CREATE TABLE `project_technology_versions` (
  `id` int(11) NOT NULL AUTO_INCREMENT,
  `version` varchar(50) DEFAULT NULL,
  `notes` longtext DEFAULT NULL,
  `project_id` int(11) NOT NULL,
  `technology_id` int(11) NOT NULL,
  PRIMARY KEY (`id`),
  UNIQUE KEY `uniq_project_tech` (`project_id`,`technology_id`),
  KEY `IDX_19C1B1E166D1F9C` (`project_id`),
  KEY `IDX_19C1B1E4235D463` (`technology_id`),
  CONSTRAINT `FK_19C1B1E166D1F9C` FOREIGN KEY (`project_id`) REFERENCES `projects` (`id`) ON DELETE CASCADE,
  CONSTRAINT `FK_19C1B1E4235D463` FOREIGN KEY (`technology_id`) REFERENCES `technologies` (`id`) ON DELETE CASCADE
) ENGINE=InnoDB DEFAULT CHARSET=utf8mb4 COLLATE=utf8mb4_uca1400_ai_ci;
/*!40101 SET character_set_client = @saved_cs_client */;

--
-- Dumping data for table `project_technology_versions`
--

LOCK TABLES `project_technology_versions` WRITE;
/*!40000 ALTER TABLE `project_technology_versions` DISABLE KEYS */;
/*!40000 ALTER TABLE `project_technology_versions` ENABLE KEYS */;
UNLOCK TABLES;

--
-- Table structure for table `projects`
--

DROP TABLE IF EXISTS `projects`;
/*!40101 SET @saved_cs_client     = @@character_set_client */;
/*!40101 SET character_set_client = utf8mb4 */;
CREATE TABLE `projects` (
  `id` int(11) NOT NULL AUTO_INCREMENT,
  `company_id` int(11) NOT NULL,
  `name` varchar(180) NOT NULL,
  `description` longtext DEFAULT NULL,
  `purchases_amount` decimal(12,2) DEFAULT NULL,
  `purchases_description` longtext DEFAULT NULL,
  `start_date` date DEFAULT NULL,
  `end_date` date DEFAULT NULL,
  `status` varchar(20) NOT NULL,
  `is_internal` tinyint(4) NOT NULL,
  `project_type` varchar(20) NOT NULL,
  `repo_links` longtext DEFAULT NULL,
  `env_links` longtext DEFAULT NULL,
  `db_access` longtext DEFAULT NULL,
  `ssh_access` longtext DEFAULT NULL,
  `ftp_access` longtext DEFAULT NULL,
  `client_id` int(11) DEFAULT NULL,
  `key_account_manager_id` int(11) DEFAULT NULL,
  `project_manager_id` int(11) DEFAULT NULL,
  `project_director_id` int(11) DEFAULT NULL,
  `sales_person_id` int(11) DEFAULT NULL,
  `service_category_id` int(11) DEFAULT NULL,
  PRIMARY KEY (`id`),
  KEY `IDX_5C93B3A419EB6921` (`client_id`),
  KEY `IDX_5C93B3A44DDC9A02` (`key_account_manager_id`),
  KEY `IDX_5C93B3A460984F51` (`project_manager_id`),
  KEY `IDX_5C93B3A44150449D` (`project_director_id`),
  KEY `IDX_5C93B3A41D35E30E` (`sales_person_id`),
  KEY `IDX_5C93B3A4DEDCBB4E` (`service_category_id`),
  KEY `idx_project_company` (`company_id`),
  CONSTRAINT `FK_5C93B3A419EB6921` FOREIGN KEY (`client_id`) REFERENCES `clients` (`id`) ON DELETE SET NULL,
  CONSTRAINT `FK_5C93B3A41D35E30E` FOREIGN KEY (`sales_person_id`) REFERENCES `users` (`id`),
  CONSTRAINT `FK_5C93B3A44150449D` FOREIGN KEY (`project_director_id`) REFERENCES `users` (`id`),
  CONSTRAINT `FK_5C93B3A44DDC9A02` FOREIGN KEY (`key_account_manager_id`) REFERENCES `users` (`id`),
  CONSTRAINT `FK_5C93B3A460984F51` FOREIGN KEY (`project_manager_id`) REFERENCES `users` (`id`),
  CONSTRAINT `FK_5C93B3A4DEDCBB4E` FOREIGN KEY (`service_category_id`) REFERENCES `service_categories` (`id`),
  CONSTRAINT `fk_project_company` FOREIGN KEY (`company_id`) REFERENCES `companies` (`id`) ON DELETE CASCADE
) ENGINE=InnoDB AUTO_INCREMENT=76 DEFAULT CHARSET=utf8mb4 COLLATE=utf8mb4_uca1400_ai_ci;
/*!40101 SET character_set_client = @saved_cs_client */;

--
-- Dumping data for table `projects`
--

LOCK TABLES `projects` WRITE;
/*!40000 ALTER TABLE `projects` DISABLE KEYS */;
INSERT INTO `projects` VALUES
(1,1,'E-shop Mode Parisienne','Refonte complète de la boutique en ligne avec système de recommandation',NULL,NULL,'2024-09-01','2024-12-15','active',0,'forfait',NULL,NULL,NULL,NULL,NULL,1,2,1,3,NULL,1),
(2,1,'App Mobile Banking','Application mobile pour la gestion des comptes bancaires',NULL,NULL,'2024-10-01','2025-03-30','active',0,'regie',NULL,NULL,NULL,NULL,NULL,2,2,1,3,NULL,4),
(3,1,'Site Vitrine Avocat','Site vitrine moderne avec système de prise de rendez-vous',NULL,NULL,'2024-08-15','2024-11-30','active',0,'forfait',NULL,NULL,NULL,NULL,NULL,3,2,1,3,NULL,2),
(4,1,'Plateforme SaaS RH','Plateforme de gestion des ressources humaines en mode SaaS',NULL,NULL,'2024-06-01','2024-09-30','completed',0,'forfait',NULL,NULL,NULL,NULL,NULL,4,2,1,3,NULL,3),
(5,1,'CRM custom Fashion Store Paris 1',NULL,NULL,NULL,'2024-01-16','2024-04-16','completed',0,'forfait',NULL,NULL,NULL,NULL,NULL,1,NULL,1,NULL,NULL,NULL),
(6,1,'Application mobile Fashion Store Paris 2',NULL,NULL,NULL,'2024-01-09','2024-05-09','completed',0,'forfait',NULL,NULL,NULL,NULL,NULL,1,NULL,1,NULL,NULL,NULL),
(7,1,'Portail client Fashion Store Paris 3',NULL,NULL,NULL,'2024-01-07','2024-03-07','completed',0,'forfait',NULL,NULL,NULL,NULL,NULL,1,NULL,1,NULL,NULL,NULL),
(8,1,'Portail client Fashion Store Paris 4',NULL,NULL,NULL,'2024-02-18','2024-08-18','completed',0,'forfait',NULL,NULL,NULL,NULL,NULL,1,NULL,1,NULL,NULL,NULL),
(9,1,'Portail client Fashion Store Paris 5',NULL,NULL,NULL,'2024-02-10','2024-06-10','completed',0,'forfait',NULL,NULL,NULL,NULL,NULL,1,NULL,1,NULL,NULL,NULL),
(10,1,'Dashboard analytics Fashion Store Paris 6',NULL,NULL,NULL,'2024-02-12','2024-07-12','completed',0,'forfait',NULL,NULL,NULL,NULL,NULL,1,NULL,1,NULL,NULL,NULL),
(11,1,'Migration cloud Fashion Store Paris 7',NULL,NULL,NULL,'2024-03-11','2024-08-11','completed',0,'forfait',NULL,NULL,NULL,NULL,NULL,1,NULL,1,NULL,NULL,NULL),
(12,1,'Portail client Fashion Store Paris 8',NULL,NULL,NULL,'2024-03-15','2024-05-15','in_progress',0,'forfait',NULL,NULL,NULL,NULL,NULL,1,NULL,1,NULL,NULL,NULL),
(13,1,'Refonte site web Fashion Store Paris 9',NULL,NULL,NULL,'2024-03-03','2024-06-03','completed',0,'regie',NULL,NULL,NULL,NULL,NULL,1,NULL,1,NULL,NULL,NULL),
(14,1,'API REST Fashion Store Paris 10',NULL,NULL,NULL,'2024-04-26','2024-09-26','completed',0,'forfait',NULL,NULL,NULL,NULL,NULL,1,NULL,1,NULL,NULL,NULL),
(15,1,'Refonte site web Fashion Store Paris 11',NULL,NULL,NULL,'2024-04-16','2024-10-16','completed',0,'regie',NULL,NULL,NULL,NULL,NULL,1,NULL,1,NULL,NULL,NULL),
(16,1,'Application mobile Fashion Store Paris 12',NULL,NULL,NULL,'2024-04-05','2024-06-05','completed',0,'forfait',NULL,NULL,NULL,NULL,NULL,1,NULL,1,NULL,NULL,NULL),
(17,1,'Refonte site web Fashion Store Paris 13',NULL,NULL,NULL,'2024-05-16','2024-11-16','completed',0,'forfait',NULL,NULL,NULL,NULL,NULL,1,NULL,1,NULL,NULL,NULL),
(18,1,'API REST Fashion Store Paris 14',NULL,NULL,NULL,'2024-05-08','2024-07-08','completed',0,'forfait',NULL,NULL,NULL,NULL,NULL,1,NULL,1,NULL,NULL,NULL),
(19,1,'Migration cloud Fashion Store Paris 15',NULL,NULL,NULL,'2024-05-08','2024-07-08','completed',0,'forfait',NULL,NULL,NULL,NULL,NULL,1,NULL,1,NULL,NULL,NULL),
(20,1,'E-commerce Fashion Store Paris 16',NULL,NULL,NULL,'2024-06-04','2024-09-04','completed',0,'forfait',NULL,NULL,NULL,NULL,NULL,1,NULL,1,NULL,NULL,NULL),
(21,1,'E-commerce Fashion Store Paris 17',NULL,NULL,NULL,'2024-06-16','2024-12-16','completed',0,'forfait',NULL,NULL,NULL,NULL,NULL,1,NULL,1,NULL,NULL,NULL),
(22,1,'API REST Fashion Store Paris 18',NULL,NULL,NULL,'2024-06-03','2024-12-03','completed',0,'forfait',NULL,NULL,NULL,NULL,NULL,1,NULL,1,NULL,NULL,NULL),
(23,1,'Dashboard analytics Fashion Store Paris 19',NULL,NULL,NULL,'2024-07-07','2024-09-07','completed',0,'forfait',NULL,NULL,NULL,NULL,NULL,1,NULL,1,NULL,NULL,NULL),
(24,1,'Application mobile Fashion Store Paris 20',NULL,NULL,NULL,'2024-07-28','2024-11-28','completed',0,'forfait',NULL,NULL,NULL,NULL,NULL,1,NULL,1,NULL,NULL,NULL),
(25,1,'API REST Fashion Store Paris 21',NULL,NULL,NULL,'2024-08-26','2024-11-26','in_progress',0,'regie',NULL,NULL,NULL,NULL,NULL,1,NULL,1,NULL,NULL,NULL),
(26,1,'CRM custom Fashion Store Paris 22',NULL,NULL,NULL,'2024-08-03','2024-12-03','completed',0,'forfait',NULL,NULL,NULL,NULL,NULL,1,NULL,1,NULL,NULL,NULL),
(27,1,'E-commerce Fashion Store Paris 23',NULL,NULL,NULL,'2024-09-26','2025-01-26','completed',0,'forfait',NULL,NULL,NULL,NULL,NULL,1,NULL,1,NULL,NULL,NULL),
(28,1,'CRM custom Fashion Store Paris 24',NULL,NULL,NULL,'2024-09-11','2024-12-11','completed',0,'forfait',NULL,NULL,NULL,NULL,NULL,1,NULL,1,NULL,NULL,NULL),
(29,1,'Portail client Fashion Store Paris 25',NULL,NULL,NULL,'2024-09-06','2025-01-06','completed',0,'forfait',NULL,NULL,NULL,NULL,NULL,1,NULL,1,NULL,NULL,NULL),
(30,1,'CRM custom Fashion Store Paris 26',NULL,NULL,NULL,'2024-10-09','2025-03-09','completed',0,'forfait',NULL,NULL,NULL,NULL,NULL,1,NULL,1,NULL,NULL,NULL),
(31,1,'Application mobile Fashion Store Paris 27',NULL,NULL,NULL,'2024-10-11','2025-01-11','in_progress',0,'forfait',NULL,NULL,NULL,NULL,NULL,1,NULL,1,NULL,NULL,NULL),
(32,1,'CRM custom Fashion Store Paris 28',NULL,NULL,NULL,'2024-10-26','2025-02-26','completed',0,'forfait',NULL,NULL,NULL,NULL,NULL,1,NULL,1,NULL,NULL,NULL),
(33,1,'Application mobile Fashion Store Paris 29',NULL,NULL,NULL,'2024-10-13','2024-12-13','completed',0,'regie',NULL,NULL,NULL,NULL,NULL,1,NULL,1,NULL,NULL,NULL),
(34,1,'Dashboard analytics Fashion Store Paris 30',NULL,NULL,NULL,'2024-11-04','2025-05-04','completed',0,'forfait',NULL,NULL,NULL,NULL,NULL,1,NULL,1,NULL,NULL,NULL),
(35,1,'Application mobile Fashion Store Paris 31',NULL,NULL,NULL,'2024-11-28','2025-03-28','completed',0,'regie',NULL,NULL,NULL,NULL,NULL,1,NULL,1,NULL,NULL,NULL),
(36,1,'API REST Fashion Store Paris 32',NULL,NULL,NULL,'2024-11-18','2025-04-18','completed',0,'forfait',NULL,NULL,NULL,NULL,NULL,1,NULL,1,NULL,NULL,NULL),
(37,1,'CRM custom Fashion Store Paris 33',NULL,NULL,NULL,'2024-12-18','2025-06-18','completed',0,'regie',NULL,NULL,NULL,NULL,NULL,1,NULL,1,NULL,NULL,NULL),
(38,1,'Portail client Fashion Store Paris 34',NULL,NULL,NULL,'2024-12-09','2025-02-09','completed',0,'forfait',NULL,NULL,NULL,NULL,NULL,1,NULL,1,NULL,NULL,NULL),
(39,1,'Application mobile Fashion Store Paris 35',NULL,NULL,NULL,'2024-12-28','2025-03-28','completed',0,'forfait',NULL,NULL,NULL,NULL,NULL,1,NULL,1,NULL,NULL,NULL),
(40,1,'Refonte site web Fashion Store Paris 36',NULL,NULL,NULL,'2025-01-22','2025-04-22','completed',0,'forfait',NULL,NULL,NULL,NULL,NULL,1,NULL,1,NULL,NULL,NULL),
(41,1,'Refonte site web Fashion Store Paris 37',NULL,NULL,NULL,'2025-01-10','2025-07-10','in_progress',0,'forfait',NULL,NULL,NULL,NULL,NULL,1,NULL,1,NULL,NULL,NULL),
(42,1,'CRM custom Fashion Store Paris 38',NULL,NULL,NULL,'2025-01-03','2025-04-03','in_progress',0,'regie',NULL,NULL,NULL,NULL,NULL,1,NULL,1,NULL,NULL,NULL),
(43,1,'Application mobile Fashion Store Paris 39',NULL,NULL,NULL,'2025-02-27','2025-08-27','completed',0,'forfait',NULL,NULL,NULL,NULL,NULL,1,NULL,1,NULL,NULL,NULL),
(44,1,'Refonte site web Fashion Store Paris 40',NULL,NULL,NULL,'2025-02-16','2025-06-16','completed',0,'regie',NULL,NULL,NULL,NULL,NULL,1,NULL,1,NULL,NULL,NULL),
(45,1,'Portail client Fashion Store Paris 41',NULL,NULL,NULL,'2025-02-05','2025-04-05','completed',0,'forfait',NULL,NULL,NULL,NULL,NULL,1,NULL,1,NULL,NULL,NULL),
(46,1,'Portail client Fashion Store Paris 42',NULL,NULL,NULL,'2025-03-08','2025-08-08','completed',0,'forfait',NULL,NULL,NULL,NULL,NULL,1,NULL,1,NULL,NULL,NULL),
(47,1,'Dashboard analytics Fashion Store Paris 43',NULL,NULL,NULL,'2025-03-04','2025-08-04','completed',0,'regie',NULL,NULL,NULL,NULL,NULL,1,NULL,1,NULL,NULL,NULL),
(48,1,'CRM custom Fashion Store Paris 44',NULL,NULL,NULL,'2025-03-14','2025-09-14','completed',0,'forfait',NULL,NULL,NULL,NULL,NULL,1,NULL,1,NULL,NULL,NULL),
(49,1,'Application mobile Fashion Store Paris 45',NULL,NULL,NULL,'2025-04-27','2025-09-27','in_progress',0,'forfait',NULL,NULL,NULL,NULL,NULL,1,NULL,1,NULL,NULL,NULL),
(50,1,'Portail client Fashion Store Paris 46',NULL,NULL,NULL,'2025-04-14','2025-07-14','completed',0,'regie',NULL,NULL,NULL,NULL,NULL,1,NULL,1,NULL,NULL,NULL),
(51,1,'API REST Fashion Store Paris 47',NULL,NULL,NULL,'2025-04-22','2025-07-22','completed',0,'forfait',NULL,NULL,NULL,NULL,NULL,1,NULL,1,NULL,NULL,NULL),
(52,1,'Dashboard analytics Fashion Store Paris 48',NULL,NULL,NULL,'2025-05-18','2025-08-18','in_progress',0,'regie',NULL,NULL,NULL,NULL,NULL,1,NULL,1,NULL,NULL,NULL),
(53,1,'CRM custom Fashion Store Paris 49',NULL,NULL,NULL,'2025-05-21','2025-07-21','completed',0,'forfait',NULL,NULL,NULL,NULL,NULL,1,NULL,1,NULL,NULL,NULL),
(54,1,'Migration cloud Fashion Store Paris 50',NULL,NULL,NULL,'2025-05-01','2025-10-01','completed',0,'forfait',NULL,NULL,NULL,NULL,NULL,1,NULL,1,NULL,NULL,NULL),
(55,1,'E-commerce Fashion Store Paris 51',NULL,NULL,NULL,'2025-06-11','2025-12-11','completed',0,'forfait',NULL,NULL,NULL,NULL,NULL,1,NULL,1,NULL,NULL,NULL),
(56,1,'E-commerce Fashion Store Paris 52',NULL,NULL,NULL,'2025-06-02','2025-10-02','in_progress',0,'forfait',NULL,NULL,NULL,NULL,NULL,1,NULL,1,NULL,NULL,NULL),
(57,1,'Application mobile Fashion Store Paris 53',NULL,NULL,NULL,'2025-06-15','2025-12-15','completed',0,'regie',NULL,NULL,NULL,NULL,NULL,1,NULL,1,NULL,NULL,NULL),
(58,1,'Refonte site web Fashion Store Paris 54',NULL,NULL,NULL,'2025-07-22','2025-12-22','completed',0,'forfait',NULL,NULL,NULL,NULL,NULL,1,NULL,1,NULL,NULL,NULL),
(59,1,'Application mobile Fashion Store Paris 55',NULL,NULL,NULL,'2025-07-28','2025-10-28','in_progress',0,'regie',NULL,NULL,NULL,NULL,NULL,1,NULL,1,NULL,NULL,NULL),
(60,1,'Application mobile Fashion Store Paris 56',NULL,NULL,NULL,'2025-08-27','2025-11-27','completed',0,'forfait',NULL,NULL,NULL,NULL,NULL,1,NULL,1,NULL,NULL,NULL),
(61,1,'API REST Fashion Store Paris 57',NULL,NULL,NULL,'2025-08-26','2026-02-26','completed',0,'forfait',NULL,NULL,NULL,NULL,NULL,1,NULL,1,NULL,NULL,NULL),
(62,1,'Migration cloud Fashion Store Paris 58',NULL,NULL,NULL,'2025-09-07','2025-12-07','completed',0,'forfait',NULL,NULL,NULL,NULL,NULL,1,NULL,1,NULL,NULL,NULL),
(63,1,'API REST Fashion Store Paris 59',NULL,NULL,NULL,'2025-09-15','2026-01-15','in_progress',0,'regie',NULL,NULL,NULL,NULL,NULL,1,NULL,1,NULL,NULL,NULL),
(64,1,'Portail client Fashion Store Paris 60',NULL,NULL,NULL,'2025-09-22','2026-02-22','completed',0,'regie',NULL,NULL,NULL,NULL,NULL,1,NULL,1,NULL,NULL,NULL),
(65,1,'Application mobile Fashion Store Paris 61',NULL,NULL,NULL,'2025-10-24','2025-12-24','in_progress',0,'forfait',NULL,NULL,NULL,NULL,NULL,1,NULL,1,NULL,NULL,NULL),
(66,1,'API REST Fashion Store Paris 62',NULL,NULL,NULL,'2025-10-12','2026-03-12','completed',0,'forfait',NULL,NULL,NULL,NULL,NULL,1,NULL,1,NULL,NULL,NULL),
(67,1,'CRM custom Fashion Store Paris 63',NULL,NULL,NULL,'2025-10-10','2026-04-10','in_progress',0,'forfait',NULL,NULL,NULL,NULL,NULL,1,NULL,1,NULL,NULL,NULL),
(68,1,'Application mobile Fashion Store Paris 64',NULL,NULL,NULL,'2025-10-26','2026-02-26','completed',0,'regie',NULL,NULL,NULL,NULL,NULL,1,NULL,1,NULL,NULL,NULL),
(69,1,'Portail client Fashion Store Paris 65',NULL,NULL,NULL,'2025-11-27','2026-02-27','in_progress',0,'forfait',NULL,NULL,NULL,NULL,NULL,1,NULL,1,NULL,NULL,NULL),
(70,1,'Application mobile Fashion Store Paris 66',NULL,NULL,NULL,'2025-11-12','2026-03-12','completed',0,'forfait',NULL,NULL,NULL,NULL,NULL,1,NULL,1,NULL,NULL,NULL),
(71,1,'Application mobile Fashion Store Paris 67',NULL,NULL,NULL,'2025-11-04','2026-04-04','in_progress',0,'forfait',NULL,NULL,NULL,NULL,NULL,1,NULL,1,NULL,NULL,NULL),
(72,1,'Portail client Fashion Store Paris 68',NULL,NULL,NULL,'2025-12-01','2026-03-01','completed',0,'forfait',NULL,NULL,NULL,NULL,NULL,1,NULL,1,NULL,NULL,NULL),
(73,1,'Application mobile Fashion Store Paris 69',NULL,NULL,NULL,'2025-12-07','2026-02-07','completed',0,'forfait',NULL,NULL,NULL,NULL,NULL,1,NULL,1,NULL,NULL,NULL),
(74,1,'API REST Fashion Store Paris 70',NULL,NULL,NULL,'2025-12-11','2026-03-11','completed',0,'regie',NULL,NULL,NULL,NULL,NULL,1,NULL,1,NULL,NULL,NULL),
(75,1,'Portail client Fashion Store Paris 3 - 2',NULL,NULL,NULL,'2025-12-01',NULL,'active',0,'forfait',NULL,NULL,NULL,NULL,NULL,1,4,1,6,3,2);
/*!40000 ALTER TABLE `projects` ENABLE KEYS */;
UNLOCK TABLES;

--
-- Table structure for table `running_timers`
--

DROP TABLE IF EXISTS `running_timers`;
/*!40101 SET @saved_cs_client     = @@character_set_client */;
/*!40101 SET character_set_client = utf8mb4 */;
CREATE TABLE `running_timers` (
  `id` int(11) NOT NULL AUTO_INCREMENT,
  `started_at` datetime NOT NULL,
  `stopped_at` datetime DEFAULT NULL,
  `contributor_id` int(11) NOT NULL,
  `project_id` int(11) NOT NULL,
  `task_id` int(11) DEFAULT NULL,
  `sub_task_id` int(11) DEFAULT NULL,
  PRIMARY KEY (`id`),
  KEY `IDX_5F84C1EC7A19A357` (`contributor_id`),
  KEY `IDX_5F84C1EC166D1F9C` (`project_id`),
  KEY `IDX_5F84C1EC8DB60186` (`task_id`),
  KEY `IDX_5F84C1ECF26E5D72` (`sub_task_id`),
  CONSTRAINT `FK_5F84C1EC166D1F9C` FOREIGN KEY (`project_id`) REFERENCES `projects` (`id`) ON DELETE CASCADE,
  CONSTRAINT `FK_5F84C1EC7A19A357` FOREIGN KEY (`contributor_id`) REFERENCES `contributors` (`id`) ON DELETE CASCADE,
  CONSTRAINT `FK_5F84C1EC8DB60186` FOREIGN KEY (`task_id`) REFERENCES `project_tasks` (`id`) ON DELETE SET NULL,
  CONSTRAINT `FK_5F84C1ECF26E5D72` FOREIGN KEY (`sub_task_id`) REFERENCES `project_sub_tasks` (`id`) ON DELETE SET NULL
) ENGINE=InnoDB DEFAULT CHARSET=utf8mb4 COLLATE=utf8mb4_uca1400_ai_ci;
/*!40101 SET character_set_client = @saved_cs_client */;

--
-- Dumping data for table `running_timers`
--

LOCK TABLES `running_timers` WRITE;
/*!40000 ALTER TABLE `running_timers` DISABLE KEYS */;
/*!40000 ALTER TABLE `running_timers` ENABLE KEYS */;
UNLOCK TABLES;

--
-- Table structure for table `saas_distribution_providers`
--

DROP TABLE IF EXISTS `saas_distribution_providers`;
/*!40101 SET @saved_cs_client     = @@character_set_client */;
/*!40101 SET character_set_client = utf8mb4 */;
CREATE TABLE `saas_distribution_providers` (
  `id` int(11) NOT NULL AUTO_INCREMENT,
  `name` varchar(255) NOT NULL,
  `type` varchar(50) NOT NULL DEFAULT 'other',
  `notes` longtext DEFAULT NULL,
  `active` tinyint(4) NOT NULL DEFAULT 1,
  `created_at` datetime NOT NULL,
  `updated_at` datetime DEFAULT NULL,
  PRIMARY KEY (`id`)
) ENGINE=InnoDB AUTO_INCREMENT=2 DEFAULT CHARSET=utf8mb4 COLLATE=utf8mb4_uca1400_ai_ci;
/*!40101 SET character_set_client = @saved_cs_client */;

--
-- Dumping data for table `saas_distribution_providers`
--

LOCK TABLES `saas_distribution_providers` WRITE;
/*!40000 ALTER TABLE `saas_distribution_providers` DISABLE KEYS */;
INSERT INTO `saas_distribution_providers` VALUES
(1,'Direct','direct','Abonnements souscrits directement auprès du fournisseur',1,'2025-12-21 07:56:54',NULL);
/*!40000 ALTER TABLE `saas_distribution_providers` ENABLE KEYS */;
UNLOCK TABLES;

--
-- Table structure for table `saas_providers`
--

DROP TABLE IF EXISTS `saas_providers`;
/*!40101 SET @saved_cs_client     = @@character_set_client */;
/*!40101 SET character_set_client = utf8mb4 */;
CREATE TABLE `saas_providers` (
  `id` int(11) NOT NULL AUTO_INCREMENT,
  `name` varchar(255) NOT NULL,
  `website` varchar(500) DEFAULT NULL,
  `contact_email` varchar(255) DEFAULT NULL,
  `contact_phone` varchar(50) DEFAULT NULL,
  `notes` longtext DEFAULT NULL,
  `active` tinyint(4) NOT NULL DEFAULT 1,
  `logo_url` varchar(500) DEFAULT NULL,
  `created_at` datetime NOT NULL,
  `updated_at` datetime DEFAULT NULL,
  PRIMARY KEY (`id`)
) ENGINE=InnoDB AUTO_INCREMENT=10 DEFAULT CHARSET=utf8mb4 COLLATE=utf8mb4_uca1400_ai_ci;
/*!40101 SET character_set_client = @saved_cs_client */;

--
-- Dumping data for table `saas_providers`
--

LOCK TABLES `saas_providers` WRITE;
/*!40000 ALTER TABLE `saas_providers` DISABLE KEYS */;
INSERT INTO `saas_providers` VALUES
(1,'Netflix',NULL,NULL,NULL,NULL,1,NULL,'2025-12-21 12:40:58',NULL),
(2,'Disney',NULL,NULL,NULL,NULL,1,NULL,'2025-12-21 12:41:03',NULL),
(3,'Apple store',NULL,NULL,NULL,NULL,1,NULL,'2025-12-21 12:41:09',NULL),
(4,'Apple',NULL,NULL,NULL,NULL,1,NULL,'2025-12-21 12:41:13',NULL),
(5,'Amazon',NULL,NULL,NULL,NULL,1,NULL,'2025-12-21 12:41:17',NULL),
(6,'Google',NULL,NULL,NULL,NULL,1,NULL,'2025-12-21 12:41:27',NULL),
(7,'Google play',NULL,NULL,NULL,NULL,1,NULL,'2025-12-21 12:41:34',NULL),
(8,'MacPaw',NULL,NULL,NULL,NULL,1,NULL,'2025-12-21 12:41:51',NULL),
(9,'Sony Entertainement',NULL,NULL,NULL,NULL,1,NULL,'2025-12-21 18:20:24',NULL);
/*!40000 ALTER TABLE `saas_providers` ENABLE KEYS */;
UNLOCK TABLES;

--
-- Table structure for table `saas_services`
--

DROP TABLE IF EXISTS `saas_services`;
/*!40101 SET @saved_cs_client     = @@character_set_client */;
/*!40101 SET character_set_client = utf8mb4 */;
CREATE TABLE `saas_services` (
  `id` int(11) NOT NULL AUTO_INCREMENT,
  `name` varchar(255) NOT NULL,
  `description` longtext DEFAULT NULL,
  `category` varchar(100) DEFAULT NULL,
  `service_url` varchar(500) DEFAULT NULL,
  `logo_url` varchar(500) DEFAULT NULL,
  `default_monthly_price` decimal(10,2) DEFAULT NULL,
  `default_yearly_price` decimal(10,2) DEFAULT NULL,
  `currency` varchar(3) NOT NULL DEFAULT 'EUR',
  `notes` longtext DEFAULT NULL,
  `active` tinyint(4) NOT NULL DEFAULT 1,
  `created_at` datetime NOT NULL,
  `updated_at` datetime DEFAULT NULL,
  `provider_id` int(11) DEFAULT NULL,
  PRIMARY KEY (`id`),
  KEY `idx_saas_service_provider` (`provider_id`),
  CONSTRAINT `FK_8C62B16BA53A8AA` FOREIGN KEY (`provider_id`) REFERENCES `saas_providers` (`id`) ON DELETE SET NULL
) ENGINE=InnoDB AUTO_INCREMENT=5 DEFAULT CHARSET=utf8mb4 COLLATE=utf8mb4_uca1400_ai_ci;
/*!40101 SET character_set_client = @saved_cs_client */;

--
-- Dumping data for table `saas_services`
--

LOCK TABLES `saas_services` WRITE;
/*!40000 ALTER TABLE `saas_services` DISABLE KEYS */;
INSERT INTO `saas_services` VALUES
(1,'Apple',NULL,NULL,NULL,NULL,NULL,NULL,'EUR',NULL,1,'2025-12-20 18:35:22','2025-12-21 18:13:31',4),
(2,'Netflix',NULL,'Entertainement',NULL,'https://images.ctfassets.net/y2ske730sjqp/4aEQ1zAU…4f8d5bd01428f6e3803cc6effaf30/Netflix_N.png?w=300',15.90,NULL,'EUR',NULL,1,'2025-12-20 20:56:28','2025-12-21 18:13:24',1),
(3,'Gemini Pro',NULL,'Intelligence artificielle','https://aistudio.google.com',NULL,3.99,NULL,'EUR',NULL,1,'2025-12-21 18:13:13',NULL,6),
(4,'Playstation store',NULL,'Entertainement',NULL,NULL,NULL,71.99,'EUR',NULL,1,'2025-12-21 18:21:01','2025-12-21 18:23:25',9);
/*!40000 ALTER TABLE `saas_services` ENABLE KEYS */;
UNLOCK TABLES;

--
-- Table structure for table `saas_subscriptions`
--

DROP TABLE IF EXISTS `saas_subscriptions`;
/*!40101 SET @saved_cs_client     = @@character_set_client */;
/*!40101 SET character_set_client = utf8mb4 */;
CREATE TABLE `saas_subscriptions` (
  `id` int(11) NOT NULL AUTO_INCREMENT,
  `custom_name` varchar(255) DEFAULT NULL,
  `billing_period` varchar(20) NOT NULL,
  `price` decimal(10,2) NOT NULL,
  `currency` varchar(3) NOT NULL DEFAULT 'EUR',
  `quantity` int(11) NOT NULL DEFAULT 1,
  `start_date` date NOT NULL,
  `end_date` date DEFAULT NULL,
  `next_renewal_date` date NOT NULL,
  `last_renewal_date` date DEFAULT NULL,
  `auto_renewal` tinyint(4) NOT NULL DEFAULT 1,
  `status` varchar(20) NOT NULL DEFAULT 'active',
  `external_reference` varchar(255) DEFAULT NULL,
  `notes` longtext DEFAULT NULL,
  `created_at` datetime NOT NULL,
  `updated_at` datetime DEFAULT NULL,
  `service_id` int(11) NOT NULL,
  PRIMARY KEY (`id`),
  KEY `idx_saas_subscription_service` (`service_id`),
  KEY `idx_saas_subscription_status` (`status`),
  KEY `idx_saas_subscription_renewal` (`next_renewal_date`),
  CONSTRAINT `FK_4A220501ED5CA9E6` FOREIGN KEY (`service_id`) REFERENCES `saas_services` (`id`)
) ENGINE=InnoDB AUTO_INCREMENT=5 DEFAULT CHARSET=utf8mb4 COLLATE=utf8mb4_uca1400_ai_ci;
/*!40101 SET character_set_client = @saved_cs_client */;

--
-- Dumping data for table `saas_subscriptions`
--

LOCK TABLES `saas_subscriptions` WRITE;
/*!40000 ALTER TABLE `saas_subscriptions` DISABLE KEYS */;
INSERT INTO `saas_subscriptions` VALUES
(1,'Apple One','monthly',25.05,'EUR',1,'2024-01-17',NULL,'2026-01-17','2025-01-17',1,'active',NULL,NULL,'2025-12-20 18:36:02','2025-12-20 18:36:42',1),
(2,'Netflix','monthly',15.90,'EUR',1,'2025-01-15',NULL,'2026-01-15',NULL,1,'active',NULL,NULL,'2025-12-20 20:57:20','2025-12-20 20:57:59',2),
(3,NULL,'monthly',3.99,'EUR',1,'2025-12-19',NULL,'2026-01-19',NULL,1,'active',NULL,NULL,'2025-12-21 18:14:47',NULL,3),
(4,NULL,'yearly',71.99,'EUR',1,'2023-07-25',NULL,'2026-07-25','2025-07-25',1,'active',NULL,NULL,'2025-12-21 18:22:59','2025-12-21 18:32:29',4);
/*!40000 ALTER TABLE `saas_subscriptions` ENABLE KEYS */;
UNLOCK TABLES;

--
-- Table structure for table `saas_subscriptions_v2`
--

DROP TABLE IF EXISTS `saas_subscriptions_v2`;
/*!40101 SET @saved_cs_client     = @@character_set_client */;
/*!40101 SET character_set_client = utf8mb4 */;
CREATE TABLE `saas_subscriptions_v2` (
  `id` int(11) NOT NULL AUTO_INCREMENT,
  `name` varchar(255) NOT NULL,
  `description` longtext DEFAULT NULL,
  `category` varchar(100) DEFAULT NULL,
  `service_url` varchar(500) DEFAULT NULL,
  `logo_url` varchar(500) DEFAULT NULL,
  `billing_period` varchar(20) NOT NULL,
  `price` decimal(10,2) NOT NULL,
  `currency` varchar(3) NOT NULL DEFAULT 'EUR',
  `quantity` int(11) NOT NULL DEFAULT 1,
  `start_date` date NOT NULL,
  `end_date` date DEFAULT NULL,
  `next_renewal_date` date DEFAULT NULL,
  `last_renewal_date` date DEFAULT NULL,
  `auto_renewal` tinyint(4) NOT NULL DEFAULT 1,
  `status` varchar(20) NOT NULL DEFAULT 'active',
  `external_reference` varchar(255) DEFAULT NULL,
  `notes` longtext DEFAULT NULL,
  `active` tinyint(4) NOT NULL DEFAULT 1,
  `created_at` datetime NOT NULL,
  `updated_at` datetime DEFAULT NULL,
  `vendor_id` int(11) NOT NULL,
  `provider_id` int(11) DEFAULT NULL,
  PRIMARY KEY (`id`),
  KEY `idx_subscription_vendor` (`vendor_id`),
  KEY `idx_subscription_provider` (`provider_id`),
  KEY `idx_subscription_status` (`status`),
  KEY `idx_subscription_renewal` (`next_renewal_date`),
  CONSTRAINT `FK_80C6E0B3A53A8AA` FOREIGN KEY (`provider_id`) REFERENCES `saas_distribution_providers` (`id`) ON DELETE SET NULL,
  CONSTRAINT `FK_80C6E0B3F603EE73` FOREIGN KEY (`vendor_id`) REFERENCES `saas_vendors` (`id`)
) ENGINE=InnoDB AUTO_INCREMENT=5 DEFAULT CHARSET=utf8mb4 COLLATE=utf8mb4_uca1400_ai_ci;
/*!40101 SET character_set_client = @saved_cs_client */;

--
-- Dumping data for table `saas_subscriptions_v2`
--

LOCK TABLES `saas_subscriptions_v2` WRITE;
/*!40000 ALTER TABLE `saas_subscriptions_v2` DISABLE KEYS */;
INSERT INTO `saas_subscriptions_v2` VALUES
(1,'Apple',NULL,NULL,NULL,NULL,'monthly',25.05,'EUR',1,'2024-01-17',NULL,'2026-01-17','2025-01-17',1,'active',NULL,'',1,'2025-12-20 18:36:02','2025-12-20 18:36:42',1,NULL),
(2,'Netflix',NULL,'Entertainement','https://www.netflix.com','https://images.ctfassets.net/y2ske730sjqp/4aEQ1zAU…4f8d5bd01428f6e3803cc6effaf30/Netflix_N.png?w=300','monthly',14.99,'EUR',1,'2025-01-15',NULL,'2026-01-15',NULL,1,'active',NULL,NULL,1,'2025-12-20 20:57:20','2025-12-21 08:27:19',1,NULL),
(4,'Gemini pro',NULL,'Intelligence artificielle','https://aistudio.google.com',NULL,'monthly',3.99,'EUR',1,'2025-12-19',NULL,'2026-01-19',NULL,1,'active',NULL,NULL,1,'2025-12-21 12:39:28',NULL,1,NULL);
/*!40000 ALTER TABLE `saas_subscriptions_v2` ENABLE KEYS */;
UNLOCK TABLES;

--
-- Table structure for table `saas_vendors`
--

DROP TABLE IF EXISTS `saas_vendors`;
/*!40101 SET @saved_cs_client     = @@character_set_client */;
/*!40101 SET character_set_client = utf8mb4 */;
CREATE TABLE `saas_vendors` (
  `id` int(11) NOT NULL AUTO_INCREMENT,
  `name` varchar(255) NOT NULL,
  `website` varchar(500) DEFAULT NULL,
  `contact_email` varchar(255) DEFAULT NULL,
  `contact_phone` varchar(50) DEFAULT NULL,
  `logo_url` varchar(500) DEFAULT NULL,
  `notes` longtext DEFAULT NULL,
  `active` tinyint(4) NOT NULL DEFAULT 1,
  `created_at` datetime NOT NULL,
  `updated_at` datetime DEFAULT NULL,
  PRIMARY KEY (`id`)
) ENGINE=InnoDB AUTO_INCREMENT=2 DEFAULT CHARSET=utf8mb4 COLLATE=utf8mb4_uca1400_ai_ci;
/*!40101 SET character_set_client = @saved_cs_client */;

--
-- Dumping data for table `saas_vendors`
--

LOCK TABLES `saas_vendors` WRITE;
/*!40000 ALTER TABLE `saas_vendors` DISABLE KEYS */;
INSERT INTO `saas_vendors` VALUES
(1,'Inconnu',NULL,NULL,NULL,NULL,'Fournisseur non spécifié (données migrées)',1,'2025-12-21 07:56:54',NULL);
/*!40000 ALTER TABLE `saas_vendors` ENABLE KEYS */;
UNLOCK TABLES;

--
-- Table structure for table `scheduler_entries`
--

DROP TABLE IF EXISTS `scheduler_entries`;
/*!40101 SET @saved_cs_client     = @@character_set_client */;
/*!40101 SET character_set_client = utf8mb4 */;
CREATE TABLE `scheduler_entries` (
  `id` int(11) NOT NULL AUTO_INCREMENT,
  `name` varchar(150) NOT NULL,
  `cron_expression` varchar(100) NOT NULL,
  `command` varchar(255) NOT NULL,
  `payload` longtext CHARACTER SET utf8mb4 COLLATE utf8mb4_bin DEFAULT NULL CHECK (json_valid(`payload`)),
  `enabled` tinyint(4) NOT NULL DEFAULT 1,
  `timezone` varchar(50) NOT NULL DEFAULT 'Europe/Paris',
  `created_at` datetime NOT NULL,
  `updated_at` datetime DEFAULT NULL,
  PRIMARY KEY (`id`)
) ENGINE=InnoDB AUTO_INCREMENT=10 DEFAULT CHARSET=utf8mb4 COLLATE=utf8mb4_uca1400_ai_ci;
/*!40101 SET character_set_client = @saved_cs_client */;

--
-- Dumping data for table `scheduler_entries`
--

LOCK TABLES `scheduler_entries` WRITE;
/*!40000 ALTER TABLE `scheduler_entries` DISABLE KEYS */;
INSERT INTO `scheduler_entries` VALUES
(1,'Calcul du staffing','0 6 * * *','app:calculate-staffing-metrics --range=12',NULL,1,'Europe/Paris','2025-12-06 16:09:10',NULL),
(2,'Mise à jour des KPIs','0 2 * * *','app:calculate-metrics',NULL,1,'Europe/Paris','2025-12-06 16:09:33',NULL),
(3,'Factures forfait','0 4 * * *','app:invoice:generate-from-schedules --skip-existing',NULL,1,'Europe/Paris','2025-12-06 16:10:46','2025-12-06 16:17:11'),
(4,'Factures régies','30 4 * * *','app:invoice:generate-monthly-regie',NULL,1,'Europe/Paris','2025-12-06 16:11:40','2025-12-06 16:17:11'),
(5,'Notifications de saisie des temps','0 0 * * 5','app:notify:timesheets-weekly',NULL,1,'Europe/Paris','2025-12-06 16:13:18','2025-12-06 16:14:07'),
(6,'Retire les NPS expirées','0 6 1 * *','app:nps:mark-expired',NULL,1,'Europe/Paris','2025-12-06 16:15:06',NULL),
(7,'Envoi des rappels de saisie des temps','0 1 * * *','app:satisfaction:send-reminders',NULL,1,'Europe/Paris','2025-12-06 16:15:42','2025-12-06 16:18:20'),
(8,'Met à jour le service level client auto','0 5 29 * *','app:client:recalculate-service-level',NULL,1,'Europe/Paris','2025-12-06 16:16:36',NULL),
(9,'Envoie des relances de factures','0 1 * * *','app:invoice:send-reminders',NULL,1,'Europe/Paris','2025-12-06 16:17:54','2025-12-06 16:18:28');
/*!40000 ALTER TABLE `scheduler_entries` ENABLE KEYS */;
UNLOCK TABLES;

--
-- Table structure for table `service_categories`
--

DROP TABLE IF EXISTS `service_categories`;
/*!40101 SET @saved_cs_client     = @@character_set_client */;
/*!40101 SET character_set_client = utf8mb4 */;
CREATE TABLE `service_categories` (
  `id` int(11) NOT NULL AUTO_INCREMENT,
  `company_id` int(11) NOT NULL,
  `name` varchar(100) NOT NULL,
  `description` varchar(255) DEFAULT NULL,
  `color` varchar(7) DEFAULT NULL,
  `active` tinyint(4) NOT NULL,
  PRIMARY KEY (`id`),
  KEY `idx_service_category_company` (`company_id`),
  CONSTRAINT `fk_service_category_company` FOREIGN KEY (`company_id`) REFERENCES `companies` (`id`) ON DELETE CASCADE
) ENGINE=InnoDB AUTO_INCREMENT=5 DEFAULT CHARSET=utf8mb4 COLLATE=utf8mb4_uca1400_ai_ci;
/*!40101 SET character_set_client = @saved_cs_client */;

--
-- Dumping data for table `service_categories`
--

LOCK TABLES `service_categories` WRITE;
/*!40000 ALTER TABLE `service_categories` DISABLE KEYS */;
INSERT INTO `service_categories` VALUES
(1,1,'E-commerce','Sites marchands et places de marché',NULL,1),
(2,1,'Corporate','Sites vitrine et institutionnels',NULL,1),
(3,1,'SaaS','Applications métier et logiciels',NULL,1),
(4,1,'Mobile','Applications mobiles natives et hybrides',NULL,1);
/*!40000 ALTER TABLE `service_categories` ENABLE KEYS */;
UNLOCK TABLES;

--
-- Table structure for table `skills`
--

DROP TABLE IF EXISTS `skills`;
/*!40101 SET @saved_cs_client     = @@character_set_client */;
/*!40101 SET character_set_client = utf8mb4 */;
CREATE TABLE `skills` (
  `id` int(11) NOT NULL AUTO_INCREMENT,
  `company_id` int(11) NOT NULL,
  `name` varchar(100) NOT NULL,
  `category` varchar(50) NOT NULL,
  `description` longtext DEFAULT NULL,
  `active` tinyint(4) NOT NULL DEFAULT 1,
  `created_at` datetime NOT NULL,
  `updated_at` datetime NOT NULL,
  PRIMARY KEY (`id`),
  UNIQUE KEY `skill_name_company_unique` (`name`,`company_id`),
  KEY `idx_skill_company` (`company_id`),
  CONSTRAINT `fk_skill_company` FOREIGN KEY (`company_id`) REFERENCES `companies` (`id`) ON DELETE CASCADE
) ENGINE=InnoDB DEFAULT CHARSET=utf8mb4 COLLATE=utf8mb4_uca1400_ai_ci;
/*!40101 SET character_set_client = @saved_cs_client */;

--
-- Dumping data for table `skills`
--

LOCK TABLES `skills` WRITE;
/*!40000 ALTER TABLE `skills` DISABLE KEYS */;
/*!40000 ALTER TABLE `skills` ENABLE KEYS */;
UNLOCK TABLES;

--
-- Table structure for table `technologies`
--

DROP TABLE IF EXISTS `technologies`;
/*!40101 SET @saved_cs_client     = @@character_set_client */;
/*!40101 SET character_set_client = utf8mb4 */;
CREATE TABLE `technologies` (
  `id` int(11) NOT NULL AUTO_INCREMENT,
  `company_id` int(11) NOT NULL,
  `name` varchar(100) NOT NULL,
  `category` varchar(50) NOT NULL,
  `color` varchar(7) DEFAULT NULL,
  `active` tinyint(4) NOT NULL,
  PRIMARY KEY (`id`),
  KEY `idx_technology_company` (`company_id`),
  CONSTRAINT `fk_technology_company` FOREIGN KEY (`company_id`) REFERENCES `companies` (`id`) ON DELETE CASCADE
) ENGINE=InnoDB AUTO_INCREMENT=21 DEFAULT CHARSET=utf8mb4 COLLATE=utf8mb4_uca1400_ai_ci;
/*!40101 SET character_set_client = @saved_cs_client */;

--
-- Dumping data for table `technologies`
--

LOCK TABLES `technologies` WRITE;
/*!40000 ALTER TABLE `technologies` DISABLE KEYS */;
INSERT INTO `technologies` VALUES
(1,1,'Php','language','#777bb4',1),
(2,1,'Symfony','framework','#000000',1),
(3,1,'Laravel','framework','#ff2d20',1),
(4,1,'Java','language','#007396',1),
(5,1,'React','framework','#61dafb',1),
(6,1,'VueJS','framework','#42b883',1),
(7,1,'Angular','framework','#dd0031',1),
(8,1,'NextJS','framework','#000000',1),
(9,1,'NuxtJS','framework','#00dc82',1),
(10,1,'MariaDB','database','#003545',1),
(11,1,'MongoDB','database','#47a248',1),
(12,1,'ElasticSearch','search','#005571',1),
(13,1,'Algolia','search','#5468ff',1),
(14,1,'Javascript','language','#f7df1e',1),
(15,1,'Drupal','cms','#0678be',1),
(16,1,'Wordpress','cms','#21759b',1),
(17,1,'Ibexa','cms','#f15a22',1),
(18,1,'APIPlatform','framework','#38a9e4',1),
(19,1,'Bootstrap','framework','#7952b3',1),
(20,1,'Tailwind','framework','#06b6d4',1);
/*!40000 ALTER TABLE `technologies` ENABLE KEYS */;
UNLOCK TABLES;

--
-- Table structure for table `timesheets`
--

DROP TABLE IF EXISTS `timesheets`;
/*!40101 SET @saved_cs_client     = @@character_set_client */;
/*!40101 SET character_set_client = utf8mb4 */;
CREATE TABLE `timesheets` (
  `id` int(11) NOT NULL AUTO_INCREMENT,
  `company_id` int(11) NOT NULL,
  `date` date NOT NULL,
  `hours` decimal(5,2) NOT NULL,
  `notes` longtext DEFAULT NULL,
  `contributor_id` int(11) NOT NULL,
  `project_id` int(11) NOT NULL,
  `task_id` int(11) DEFAULT NULL,
  `sub_task_id` int(11) DEFAULT NULL,
  PRIMARY KEY (`id`),
  KEY `IDX_9AC77D2E7A19A357` (`contributor_id`),
  KEY `IDX_9AC77D2E166D1F9C` (`project_id`),
  KEY `IDX_9AC77D2E8DB60186` (`task_id`),
  KEY `IDX_9AC77D2EF26E5D72` (`sub_task_id`),
  KEY `idx_timesheet_company` (`company_id`),
  CONSTRAINT `FK_9AC77D2E166D1F9C` FOREIGN KEY (`project_id`) REFERENCES `projects` (`id`) ON DELETE CASCADE,
  CONSTRAINT `FK_9AC77D2E7A19A357` FOREIGN KEY (`contributor_id`) REFERENCES `contributors` (`id`) ON DELETE CASCADE,
  CONSTRAINT `FK_9AC77D2E8DB60186` FOREIGN KEY (`task_id`) REFERENCES `project_tasks` (`id`) ON DELETE SET NULL,
  CONSTRAINT `FK_9AC77D2EF26E5D72` FOREIGN KEY (`sub_task_id`) REFERENCES `project_sub_tasks` (`id`) ON DELETE SET NULL,
  CONSTRAINT `fk_timesheet_company` FOREIGN KEY (`company_id`) REFERENCES `companies` (`id`) ON DELETE CASCADE
) ENGINE=InnoDB AUTO_INCREMENT=772 DEFAULT CHARSET=utf8mb4 COLLATE=utf8mb4_uca1400_ai_ci;
/*!40101 SET character_set_client = @saved_cs_client */;

--
-- Dumping data for table `timesheets`
--

LOCK TABLES `timesheets` WRITE;
/*!40000 ALTER TABLE `timesheets` DISABLE KEYS */;
INSERT INTO `timesheets` VALUES
(1,1,'2024-09-02',6.60,'Travail sur le projet Site Vitrine Avocat',1,3,NULL,NULL),
(2,1,'2024-09-02',5.70,'Travail sur le projet App Mobile Banking',4,2,NULL,NULL),
(3,1,'2024-09-02',7.70,'Travail sur le projet Plateforme SaaS RH',5,4,NULL,NULL),
(4,1,'2024-09-02',5.70,'Travail sur le projet Plateforme SaaS RH',6,4,NULL,NULL),
(5,1,'2024-09-02',8.00,'Travail sur le projet App Mobile Banking',7,2,NULL,NULL),
(6,1,'2024-09-02',4.30,'Travail sur le projet App Mobile Banking',8,2,NULL,NULL),
(7,1,'2024-09-02',5.40,'Travail sur le projet E-shop Mode Parisienne',9,1,NULL,NULL),
(8,1,'2024-09-02',7.10,'Travail sur le projet Plateforme SaaS RH',11,4,NULL,NULL),
(9,1,'2024-09-02',6.20,'Travail sur le projet Plateforme SaaS RH',12,4,NULL,NULL),
(10,1,'2024-09-02',7.40,'Travail sur le projet App Mobile Banking',13,2,NULL,NULL),
(11,1,'2024-09-02',4.50,'Travail sur le projet App Mobile Banking',14,2,NULL,NULL),
(12,1,'2024-09-02',4.10,'Travail sur le projet E-shop Mode Parisienne',15,1,NULL,NULL),
(13,1,'2024-09-02',6.50,'Travail sur le projet E-shop Mode Parisienne',16,1,NULL,NULL),
(14,1,'2024-09-02',5.50,'Travail sur le projet Site Vitrine Avocat',17,3,NULL,NULL),
(15,1,'2024-09-02',4.40,'Travail sur le projet App Mobile Banking',18,2,NULL,NULL),
(16,1,'2024-09-02',7.30,'Travail sur le projet E-shop Mode Parisienne',24,1,NULL,NULL),
(17,1,'2024-09-02',5.30,'Travail sur le projet App Mobile Banking',25,2,NULL,NULL),
(18,1,'2024-09-02',5.80,'Travail sur le projet E-shop Mode Parisienne',26,1,NULL,NULL),
(19,1,'2024-09-03',7.20,'Travail sur le projet Plateforme SaaS RH',1,4,NULL,NULL),
(20,1,'2024-09-03',6.80,'Travail sur le projet Site Vitrine Avocat',2,3,NULL,NULL),
(21,1,'2024-09-03',5.10,'Travail sur le projet E-shop Mode Parisienne',3,1,NULL,NULL),
(22,1,'2024-09-03',5.10,'Travail sur le projet App Mobile Banking',4,2,NULL,NULL),
(23,1,'2024-09-03',6.30,'Travail sur le projet Plateforme SaaS RH',5,4,NULL,NULL),
(24,1,'2024-09-03',4.90,'Travail sur le projet App Mobile Banking',6,2,NULL,NULL),
(25,1,'2024-09-03',7.30,'Travail sur le projet Plateforme SaaS RH',10,4,NULL,NULL),
(26,1,'2024-09-03',5.40,'Travail sur le projet Plateforme SaaS RH',12,4,NULL,NULL),
(27,1,'2024-09-03',7.90,'Travail sur le projet App Mobile Banking',13,2,NULL,NULL),
(28,1,'2024-09-03',7.80,'Travail sur le projet E-shop Mode Parisienne',15,1,NULL,NULL),
(29,1,'2024-09-03',4.00,'Travail sur le projet Plateforme SaaS RH',17,4,NULL,NULL),
(30,1,'2024-09-03',7.00,'Travail sur le projet Plateforme SaaS RH',18,4,NULL,NULL),
(31,1,'2024-09-03',4.80,'Travail sur le projet Site Vitrine Avocat',19,3,NULL,NULL),
(32,1,'2024-09-03',5.50,'Travail sur le projet Plateforme SaaS RH',20,4,NULL,NULL),
(33,1,'2024-09-03',7.70,'Travail sur le projet E-shop Mode Parisienne',21,1,NULL,NULL),
(34,1,'2024-09-03',6.40,'Travail sur le projet Plateforme SaaS RH',25,4,NULL,NULL),
(35,1,'2024-09-03',6.00,'Travail sur le projet Plateforme SaaS RH',26,4,NULL,NULL),
(36,1,'2024-09-04',8.00,'Travail sur le projet App Mobile Banking',1,2,NULL,NULL),
(37,1,'2024-09-04',4.50,'Travail sur le projet Plateforme SaaS RH',3,4,NULL,NULL),
(38,1,'2024-09-04',7.90,'Travail sur le projet Plateforme SaaS RH',4,4,NULL,NULL),
(39,1,'2024-09-04',5.10,'Travail sur le projet E-shop Mode Parisienne',8,1,NULL,NULL),
(40,1,'2024-09-04',4.20,'Travail sur le projet App Mobile Banking',10,2,NULL,NULL),
(41,1,'2024-09-04',4.20,'Travail sur le projet E-shop Mode Parisienne',11,1,NULL,NULL),
(42,1,'2024-09-04',7.30,'Travail sur le projet App Mobile Banking',12,2,NULL,NULL),
(43,1,'2024-09-04',5.00,'Travail sur le projet Plateforme SaaS RH',13,4,NULL,NULL),
(44,1,'2024-09-04',7.20,'Travail sur le projet E-shop Mode Parisienne',16,1,NULL,NULL),
(45,1,'2024-09-04',4.30,'Travail sur le projet Plateforme SaaS RH',18,4,NULL,NULL),
(46,1,'2024-09-04',7.50,'Travail sur le projet Plateforme SaaS RH',19,4,NULL,NULL),
(47,1,'2024-09-04',6.40,'Travail sur le projet Site Vitrine Avocat',20,3,NULL,NULL),
(48,1,'2024-09-04',7.20,'Travail sur le projet Site Vitrine Avocat',21,3,NULL,NULL),
(49,1,'2024-09-04',7.70,'Travail sur le projet Plateforme SaaS RH',22,4,NULL,NULL),
(50,1,'2024-09-04',6.00,'Travail sur le projet E-shop Mode Parisienne',24,1,NULL,NULL),
(51,1,'2024-09-05',5.40,'Travail sur le projet E-shop Mode Parisienne',1,1,NULL,NULL),
(52,1,'2024-09-05',6.30,'Travail sur le projet E-shop Mode Parisienne',2,1,NULL,NULL),
(53,1,'2024-09-05',4.10,'Travail sur le projet E-shop Mode Parisienne',3,1,NULL,NULL),
(54,1,'2024-09-05',7.90,'Travail sur le projet App Mobile Banking',5,2,NULL,NULL),
(55,1,'2024-09-05',7.70,'Travail sur le projet Plateforme SaaS RH',6,4,NULL,NULL),
(56,1,'2024-09-05',7.40,'Travail sur le projet Plateforme SaaS RH',7,4,NULL,NULL),
(57,1,'2024-09-05',4.90,'Travail sur le projet Site Vitrine Avocat',9,3,NULL,NULL),
(58,1,'2024-09-05',6.50,'Travail sur le projet Site Vitrine Avocat',10,3,NULL,NULL),
(59,1,'2024-09-05',4.20,'Travail sur le projet Plateforme SaaS RH',11,4,NULL,NULL),
(60,1,'2024-09-05',6.10,'Travail sur le projet Site Vitrine Avocat',12,3,NULL,NULL),
(61,1,'2024-09-05',4.20,'Travail sur le projet E-shop Mode Parisienne',13,1,NULL,NULL),
(62,1,'2024-09-05',5.80,'Travail sur le projet E-shop Mode Parisienne',14,1,NULL,NULL),
(63,1,'2024-09-05',8.00,'Travail sur le projet Site Vitrine Avocat',15,3,NULL,NULL),
(64,1,'2024-09-05',5.20,'Travail sur le projet Site Vitrine Avocat',17,3,NULL,NULL),
(65,1,'2024-09-05',6.20,'Travail sur le projet App Mobile Banking',18,2,NULL,NULL),
(66,1,'2024-09-05',4.80,'Travail sur le projet Plateforme SaaS RH',19,4,NULL,NULL),
(67,1,'2024-09-05',7.60,'Travail sur le projet App Mobile Banking',20,2,NULL,NULL),
(68,1,'2024-09-05',5.30,'Travail sur le projet Plateforme SaaS RH',21,4,NULL,NULL),
(69,1,'2024-09-05',4.10,'Travail sur le projet E-shop Mode Parisienne',23,1,NULL,NULL),
(70,1,'2024-09-05',6.50,'Travail sur le projet Plateforme SaaS RH',24,4,NULL,NULL),
(71,1,'2024-09-05',8.00,'Travail sur le projet Plateforme SaaS RH',25,4,NULL,NULL),
(72,1,'2024-09-06',5.00,'Travail sur le projet Plateforme SaaS RH',3,4,NULL,NULL),
(73,1,'2024-09-06',4.20,'Travail sur le projet Site Vitrine Avocat',4,3,NULL,NULL),
(74,1,'2024-09-06',6.60,'Travail sur le projet App Mobile Banking',6,2,NULL,NULL),
(75,1,'2024-09-06',5.70,'Travail sur le projet Plateforme SaaS RH',7,4,NULL,NULL),
(76,1,'2024-09-06',6.50,'Travail sur le projet App Mobile Banking',8,2,NULL,NULL),
(77,1,'2024-09-06',5.70,'Travail sur le projet App Mobile Banking',10,2,NULL,NULL),
(78,1,'2024-09-06',6.50,'Travail sur le projet Site Vitrine Avocat',11,3,NULL,NULL),
(79,1,'2024-09-06',6.50,'Travail sur le projet Plateforme SaaS RH',12,4,NULL,NULL),
(80,1,'2024-09-06',6.70,'Travail sur le projet App Mobile Banking',13,2,NULL,NULL),
(81,1,'2024-09-06',4.80,'Travail sur le projet E-shop Mode Parisienne',14,1,NULL,NULL),
(82,1,'2024-09-06',7.30,'Travail sur le projet App Mobile Banking',16,2,NULL,NULL),
(83,1,'2024-09-06',5.30,'Travail sur le projet Plateforme SaaS RH',17,4,NULL,NULL),
(84,1,'2024-09-06',5.10,'Travail sur le projet Site Vitrine Avocat',18,3,NULL,NULL),
(85,1,'2024-09-06',5.00,'Travail sur le projet Site Vitrine Avocat',24,3,NULL,NULL),
(86,1,'2024-09-06',5.40,'Travail sur le projet App Mobile Banking',25,2,NULL,NULL),
(87,1,'2024-09-06',4.80,'Travail sur le projet Plateforme SaaS RH',26,4,NULL,NULL),
(88,1,'2024-09-09',5.50,'Travail sur le projet App Mobile Banking',2,2,NULL,NULL),
(89,1,'2024-09-09',5.10,'Travail sur le projet App Mobile Banking',3,2,NULL,NULL),
(90,1,'2024-09-09',7.80,'Travail sur le projet E-shop Mode Parisienne',4,1,NULL,NULL),
(91,1,'2024-09-09',7.50,'Travail sur le projet E-shop Mode Parisienne',5,1,NULL,NULL),
(92,1,'2024-09-09',6.80,'Travail sur le projet Plateforme SaaS RH',6,4,NULL,NULL),
(93,1,'2024-09-09',4.80,'Travail sur le projet Site Vitrine Avocat',8,3,NULL,NULL),
(94,1,'2024-09-09',6.90,'Travail sur le projet Site Vitrine Avocat',10,3,NULL,NULL),
(95,1,'2024-09-09',7.60,'Travail sur le projet Site Vitrine Avocat',11,3,NULL,NULL),
(96,1,'2024-09-09',7.20,'Travail sur le projet E-shop Mode Parisienne',13,1,NULL,NULL),
(97,1,'2024-09-09',5.50,'Travail sur le projet App Mobile Banking',17,2,NULL,NULL),
(98,1,'2024-09-09',6.90,'Travail sur le projet Plateforme SaaS RH',18,4,NULL,NULL),
(99,1,'2024-09-09',6.30,'Travail sur le projet E-shop Mode Parisienne',19,1,NULL,NULL),
(100,1,'2024-09-09',6.70,'Travail sur le projet Plateforme SaaS RH',22,4,NULL,NULL),
(101,1,'2024-09-09',6.10,'Travail sur le projet Site Vitrine Avocat',24,3,NULL,NULL),
(102,1,'2024-09-09',6.70,'Travail sur le projet Plateforme SaaS RH',25,4,NULL,NULL),
(103,1,'2024-09-09',7.00,'Travail sur le projet Site Vitrine Avocat',26,3,NULL,NULL),
(104,1,'2024-09-10',5.30,'Travail sur le projet App Mobile Banking',3,2,NULL,NULL),
(105,1,'2024-09-10',6.40,'Travail sur le projet Plateforme SaaS RH',4,4,NULL,NULL),
(106,1,'2024-09-10',5.80,'Travail sur le projet Site Vitrine Avocat',5,3,NULL,NULL),
(107,1,'2024-09-10',5.10,'Travail sur le projet App Mobile Banking',6,2,NULL,NULL),
(108,1,'2024-09-10',7.40,'Travail sur le projet E-shop Mode Parisienne',7,1,NULL,NULL),
(109,1,'2024-09-10',4.70,'Travail sur le projet Plateforme SaaS RH',8,4,NULL,NULL),
(110,1,'2024-09-10',4.20,'Travail sur le projet Plateforme SaaS RH',9,4,NULL,NULL),
(111,1,'2024-09-10',4.30,'Travail sur le projet Site Vitrine Avocat',10,3,NULL,NULL),
(112,1,'2024-09-10',6.10,'Travail sur le projet App Mobile Banking',11,2,NULL,NULL),
(113,1,'2024-09-10',6.00,'Travail sur le projet Site Vitrine Avocat',12,3,NULL,NULL),
(114,1,'2024-09-10',6.40,'Travail sur le projet E-shop Mode Parisienne',13,1,NULL,NULL),
(115,1,'2024-09-10',7.10,'Travail sur le projet E-shop Mode Parisienne',14,1,NULL,NULL),
(116,1,'2024-09-10',5.50,'Travail sur le projet Site Vitrine Avocat',15,3,NULL,NULL),
(117,1,'2024-09-10',7.10,'Travail sur le projet Site Vitrine Avocat',16,3,NULL,NULL),
(118,1,'2024-09-10',5.10,'Travail sur le projet E-shop Mode Parisienne',18,1,NULL,NULL),
(119,1,'2024-09-10',6.10,'Travail sur le projet Plateforme SaaS RH',21,4,NULL,NULL),
(120,1,'2024-09-10',5.30,'Travail sur le projet Site Vitrine Avocat',23,3,NULL,NULL),
(121,1,'2024-09-10',5.20,'Travail sur le projet Site Vitrine Avocat',26,3,NULL,NULL),
(122,1,'2024-09-11',7.30,'Travail sur le projet Site Vitrine Avocat',2,3,NULL,NULL),
(123,1,'2024-09-11',4.10,'Travail sur le projet Plateforme SaaS RH',3,4,NULL,NULL),
(124,1,'2024-09-11',4.80,'Travail sur le projet Plateforme SaaS RH',5,4,NULL,NULL),
(125,1,'2024-09-11',7.20,'Travail sur le projet Site Vitrine Avocat',6,3,NULL,NULL),
(126,1,'2024-09-11',5.00,'Travail sur le projet App Mobile Banking',7,2,NULL,NULL),
(127,1,'2024-09-11',7.30,'Travail sur le projet Plateforme SaaS RH',8,4,NULL,NULL),
(128,1,'2024-09-11',5.70,'Travail sur le projet Site Vitrine Avocat',10,3,NULL,NULL),
(129,1,'2024-09-11',6.60,'Travail sur le projet Site Vitrine Avocat',12,3,NULL,NULL),
(130,1,'2024-09-11',6.40,'Travail sur le projet E-shop Mode Parisienne',13,1,NULL,NULL),
(131,1,'2024-09-11',7.90,'Travail sur le projet Site Vitrine Avocat',16,3,NULL,NULL),
(132,1,'2024-09-11',6.50,'Travail sur le projet E-shop Mode Parisienne',18,1,NULL,NULL),
(133,1,'2024-09-11',7.50,'Travail sur le projet App Mobile Banking',19,2,NULL,NULL),
(134,1,'2024-09-11',4.70,'Travail sur le projet Site Vitrine Avocat',20,3,NULL,NULL),
(135,1,'2024-09-11',6.60,'Travail sur le projet E-shop Mode Parisienne',22,1,NULL,NULL),
(136,1,'2024-09-11',7.90,'Travail sur le projet App Mobile Banking',25,2,NULL,NULL),
(137,1,'2024-09-11',4.70,'Travail sur le projet Site Vitrine Avocat',26,3,NULL,NULL),
(138,1,'2024-09-12',4.30,'Travail sur le projet Plateforme SaaS RH',3,4,NULL,NULL),
(139,1,'2024-09-12',8.00,'Travail sur le projet App Mobile Banking',5,2,NULL,NULL),
(140,1,'2024-09-12',5.30,'Travail sur le projet E-shop Mode Parisienne',6,1,NULL,NULL),
(141,1,'2024-09-12',4.50,'Travail sur le projet E-shop Mode Parisienne',7,1,NULL,NULL),
(142,1,'2024-09-12',5.50,'Travail sur le projet App Mobile Banking',8,2,NULL,NULL),
(143,1,'2024-09-12',5.00,'Travail sur le projet E-shop Mode Parisienne',9,1,NULL,NULL),
(144,1,'2024-09-12',4.00,'Travail sur le projet App Mobile Banking',10,2,NULL,NULL),
(145,1,'2024-09-12',7.20,'Travail sur le projet App Mobile Banking',11,2,NULL,NULL),
(146,1,'2024-09-12',5.00,'Travail sur le projet E-shop Mode Parisienne',13,1,NULL,NULL),
(147,1,'2024-09-12',4.10,'Travail sur le projet Plateforme SaaS RH',15,4,NULL,NULL),
(148,1,'2024-09-12',6.10,'Travail sur le projet E-shop Mode Parisienne',16,1,NULL,NULL),
(149,1,'2024-09-12',7.10,'Travail sur le projet App Mobile Banking',17,2,NULL,NULL),
(150,1,'2024-09-12',7.30,'Travail sur le projet App Mobile Banking',18,2,NULL,NULL),
(151,1,'2024-09-12',5.20,'Travail sur le projet Plateforme SaaS RH',20,4,NULL,NULL),
(152,1,'2024-09-12',6.10,'Travail sur le projet Site Vitrine Avocat',24,3,NULL,NULL),
(153,1,'2024-09-12',5.90,'Travail sur le projet Plateforme SaaS RH',25,4,NULL,NULL),
(154,1,'2024-09-12',7.40,'Travail sur le projet Site Vitrine Avocat',26,3,NULL,NULL),
(155,1,'2024-09-13',6.60,'Travail sur le projet Plateforme SaaS RH',2,4,NULL,NULL),
(156,1,'2024-09-13',5.90,'Travail sur le projet App Mobile Banking',4,2,NULL,NULL),
(157,1,'2024-09-13',4.80,'Travail sur le projet Site Vitrine Avocat',5,3,NULL,NULL),
(158,1,'2024-09-13',4.20,'Travail sur le projet App Mobile Banking',6,2,NULL,NULL),
(159,1,'2024-09-13',4.80,'Travail sur le projet Plateforme SaaS RH',7,4,NULL,NULL),
(160,1,'2024-09-13',4.90,'Travail sur le projet E-shop Mode Parisienne',8,1,NULL,NULL),
(161,1,'2024-09-13',6.60,'Travail sur le projet E-shop Mode Parisienne',10,1,NULL,NULL),
(162,1,'2024-09-13',6.80,'Travail sur le projet E-shop Mode Parisienne',11,1,NULL,NULL),
(163,1,'2024-09-13',4.90,'Travail sur le projet Plateforme SaaS RH',15,4,NULL,NULL),
(164,1,'2024-09-13',6.10,'Travail sur le projet App Mobile Banking',18,2,NULL,NULL),
(165,1,'2024-09-13',7.60,'Travail sur le projet E-shop Mode Parisienne',19,1,NULL,NULL),
(166,1,'2024-09-13',6.30,'Travail sur le projet Plateforme SaaS RH',20,4,NULL,NULL),
(167,1,'2024-09-13',4.40,'Travail sur le projet App Mobile Banking',21,2,NULL,NULL),
(168,1,'2024-09-13',7.30,'Travail sur le projet Plateforme SaaS RH',22,4,NULL,NULL),
(169,1,'2024-09-13',7.30,'Travail sur le projet App Mobile Banking',23,2,NULL,NULL),
(170,1,'2024-09-13',6.90,'Travail sur le projet E-shop Mode Parisienne',24,1,NULL,NULL),
(171,1,'2024-09-13',6.50,'Travail sur le projet Plateforme SaaS RH',25,4,NULL,NULL),
(172,1,'2024-09-13',7.10,'Travail sur le projet E-shop Mode Parisienne',26,1,NULL,NULL),
(173,1,'2024-09-16',7.00,'Travail sur le projet Plateforme SaaS RH',2,4,NULL,NULL),
(174,1,'2024-09-16',6.50,'Travail sur le projet Plateforme SaaS RH',6,4,NULL,NULL),
(175,1,'2024-09-16',5.90,'Travail sur le projet E-shop Mode Parisienne',7,1,NULL,NULL),
(176,1,'2024-09-16',6.60,'Travail sur le projet Site Vitrine Avocat',8,3,NULL,NULL),
(177,1,'2024-09-16',5.60,'Travail sur le projet E-shop Mode Parisienne',9,1,NULL,NULL),
(178,1,'2024-09-16',5.10,'Travail sur le projet E-shop Mode Parisienne',11,1,NULL,NULL),
(179,1,'2024-09-16',7.40,'Travail sur le projet App Mobile Banking',13,2,NULL,NULL),
(180,1,'2024-09-16',5.00,'Travail sur le projet E-shop Mode Parisienne',14,1,NULL,NULL),
(181,1,'2024-09-16',7.80,'Travail sur le projet Plateforme SaaS RH',15,4,NULL,NULL),
(182,1,'2024-09-16',4.10,'Travail sur le projet App Mobile Banking',17,2,NULL,NULL),
(183,1,'2024-09-16',6.50,'Travail sur le projet App Mobile Banking',19,2,NULL,NULL),
(184,1,'2024-09-16',5.50,'Travail sur le projet App Mobile Banking',20,2,NULL,NULL),
(185,1,'2024-09-16',7.20,'Travail sur le projet App Mobile Banking',21,2,NULL,NULL),
(186,1,'2024-09-16',7.50,'Travail sur le projet App Mobile Banking',23,2,NULL,NULL),
(187,1,'2024-09-16',4.10,'Travail sur le projet E-shop Mode Parisienne',25,1,NULL,NULL),
(188,1,'2024-09-16',7.30,'Travail sur le projet Site Vitrine Avocat',26,3,NULL,NULL),
(189,1,'2024-09-17',5.30,'Travail sur le projet App Mobile Banking',2,2,NULL,NULL),
(190,1,'2024-09-17',5.60,'Travail sur le projet Plateforme SaaS RH',4,4,NULL,NULL),
(191,1,'2024-09-17',5.40,'Travail sur le projet Plateforme SaaS RH',5,4,NULL,NULL),
(192,1,'2024-09-17',7.60,'Travail sur le projet E-shop Mode Parisienne',6,1,NULL,NULL),
(193,1,'2024-09-17',5.90,'Travail sur le projet Site Vitrine Avocat',7,3,NULL,NULL),
(194,1,'2024-09-17',7.40,'Travail sur le projet App Mobile Banking',8,2,NULL,NULL),
(195,1,'2024-09-17',5.20,'Travail sur le projet E-shop Mode Parisienne',9,1,NULL,NULL),
(196,1,'2024-09-17',7.30,'Travail sur le projet Plateforme SaaS RH',10,4,NULL,NULL),
(197,1,'2024-09-17',4.20,'Travail sur le projet App Mobile Banking',11,2,NULL,NULL),
(198,1,'2024-09-17',4.30,'Travail sur le projet E-shop Mode Parisienne',12,1,NULL,NULL),
(199,1,'2024-09-17',4.00,'Travail sur le projet E-shop Mode Parisienne',13,1,NULL,NULL),
(200,1,'2024-09-17',7.00,'Travail sur le projet E-shop Mode Parisienne',15,1,NULL,NULL),
(201,1,'2024-09-17',7.90,'Travail sur le projet E-shop Mode Parisienne',17,1,NULL,NULL),
(202,1,'2024-09-17',6.00,'Travail sur le projet App Mobile Banking',19,2,NULL,NULL),
(203,1,'2024-09-17',5.10,'Travail sur le projet Plateforme SaaS RH',20,4,NULL,NULL),
(204,1,'2024-09-17',6.50,'Travail sur le projet Site Vitrine Avocat',22,3,NULL,NULL),
(205,1,'2024-09-17',5.90,'Travail sur le projet Site Vitrine Avocat',23,3,NULL,NULL),
(206,1,'2024-09-17',5.80,'Travail sur le projet App Mobile Banking',24,2,NULL,NULL),
(207,1,'2024-09-17',6.30,'Travail sur le projet Site Vitrine Avocat',26,3,NULL,NULL),
(208,1,'2024-09-18',5.10,'Travail sur le projet Plateforme SaaS RH',1,4,NULL,NULL),
(209,1,'2024-09-18',4.70,'Travail sur le projet Plateforme SaaS RH',2,4,NULL,NULL),
(210,1,'2024-09-18',6.40,'Travail sur le projet Site Vitrine Avocat',3,3,NULL,NULL),
(211,1,'2024-09-18',5.50,'Travail sur le projet Site Vitrine Avocat',5,3,NULL,NULL),
(212,1,'2024-09-18',7.50,'Travail sur le projet Plateforme SaaS RH',6,4,NULL,NULL),
(213,1,'2024-09-18',7.10,'Travail sur le projet App Mobile Banking',7,2,NULL,NULL),
(214,1,'2024-09-18',6.60,'Travail sur le projet Site Vitrine Avocat',8,3,NULL,NULL),
(215,1,'2024-09-18',7.10,'Travail sur le projet Plateforme SaaS RH',10,4,NULL,NULL),
(216,1,'2024-09-18',4.10,'Travail sur le projet E-shop Mode Parisienne',11,1,NULL,NULL),
(217,1,'2024-09-18',6.40,'Travail sur le projet E-shop Mode Parisienne',12,1,NULL,NULL),
(218,1,'2024-09-18',7.00,'Travail sur le projet App Mobile Banking',13,2,NULL,NULL),
(219,1,'2024-09-18',7.70,'Travail sur le projet Site Vitrine Avocat',15,3,NULL,NULL),
(220,1,'2024-09-18',4.60,'Travail sur le projet E-shop Mode Parisienne',16,1,NULL,NULL),
(221,1,'2024-09-18',6.50,'Travail sur le projet Site Vitrine Avocat',17,3,NULL,NULL),
(222,1,'2024-09-18',7.70,'Travail sur le projet App Mobile Banking',18,2,NULL,NULL),
(223,1,'2024-09-18',7.20,'Travail sur le projet Site Vitrine Avocat',19,3,NULL,NULL),
(224,1,'2024-09-18',4.80,'Travail sur le projet App Mobile Banking',21,2,NULL,NULL),
(225,1,'2024-09-18',7.30,'Travail sur le projet Site Vitrine Avocat',22,3,NULL,NULL),
(226,1,'2024-09-18',7.60,'Travail sur le projet E-shop Mode Parisienne',23,1,NULL,NULL),
(227,1,'2024-09-18',5.90,'Travail sur le projet Plateforme SaaS RH',24,4,NULL,NULL),
(228,1,'2024-09-18',6.30,'Travail sur le projet Site Vitrine Avocat',26,3,NULL,NULL),
(229,1,'2024-09-19',7.90,'Travail sur le projet Plateforme SaaS RH',2,4,NULL,NULL),
(230,1,'2024-09-19',6.20,'Travail sur le projet Plateforme SaaS RH',3,4,NULL,NULL),
(231,1,'2024-09-19',7.60,'Travail sur le projet Site Vitrine Avocat',4,3,NULL,NULL),
(232,1,'2024-09-19',5.00,'Travail sur le projet Plateforme SaaS RH',6,4,NULL,NULL),
(233,1,'2024-09-19',5.90,'Travail sur le projet App Mobile Banking',7,2,NULL,NULL),
(234,1,'2024-09-19',7.80,'Travail sur le projet Site Vitrine Avocat',8,3,NULL,NULL),
(235,1,'2024-09-19',4.20,'Travail sur le projet App Mobile Banking',9,2,NULL,NULL),
(236,1,'2024-09-19',6.80,'Travail sur le projet Plateforme SaaS RH',11,4,NULL,NULL),
(237,1,'2024-09-19',4.50,'Travail sur le projet Site Vitrine Avocat',12,3,NULL,NULL),
(238,1,'2024-09-19',4.20,'Travail sur le projet Site Vitrine Avocat',13,3,NULL,NULL),
(239,1,'2024-09-19',5.80,'Travail sur le projet E-shop Mode Parisienne',15,1,NULL,NULL),
(240,1,'2024-09-19',7.80,'Travail sur le projet Site Vitrine Avocat',16,3,NULL,NULL),
(241,1,'2024-09-19',4.00,'Travail sur le projet E-shop Mode Parisienne',17,1,NULL,NULL),
(242,1,'2024-09-19',7.00,'Travail sur le projet Site Vitrine Avocat',18,3,NULL,NULL),
(243,1,'2024-09-19',7.60,'Travail sur le projet E-shop Mode Parisienne',19,1,NULL,NULL),
(244,1,'2024-09-19',5.00,'Travail sur le projet Plateforme SaaS RH',21,4,NULL,NULL),
(245,1,'2024-09-19',4.10,'Travail sur le projet App Mobile Banking',22,2,NULL,NULL),
(246,1,'2024-09-19',4.10,'Travail sur le projet E-shop Mode Parisienne',23,1,NULL,NULL),
(247,1,'2024-09-19',5.30,'Travail sur le projet App Mobile Banking',24,2,NULL,NULL),
(248,1,'2024-09-19',5.90,'Travail sur le projet Plateforme SaaS RH',25,4,NULL,NULL),
(249,1,'2024-09-19',6.30,'Travail sur le projet E-shop Mode Parisienne',26,1,NULL,NULL),
(250,1,'2024-09-20',4.70,'Travail sur le projet App Mobile Banking',2,2,NULL,NULL),
(251,1,'2024-09-20',5.70,'Travail sur le projet Site Vitrine Avocat',3,3,NULL,NULL),
(252,1,'2024-09-20',4.70,'Travail sur le projet Plateforme SaaS RH',4,4,NULL,NULL),
(253,1,'2024-09-20',7.20,'Travail sur le projet E-shop Mode Parisienne',6,1,NULL,NULL),
(254,1,'2024-09-20',7.20,'Travail sur le projet Site Vitrine Avocat',8,3,NULL,NULL),
(255,1,'2024-09-20',6.00,'Travail sur le projet Plateforme SaaS RH',9,4,NULL,NULL),
(256,1,'2024-09-20',7.70,'Travail sur le projet Site Vitrine Avocat',10,3,NULL,NULL),
(257,1,'2024-09-20',4.90,'Travail sur le projet Plateforme SaaS RH',11,4,NULL,NULL),
(258,1,'2024-09-20',5.50,'Travail sur le projet App Mobile Banking',12,2,NULL,NULL),
(259,1,'2024-09-20',6.90,'Travail sur le projet Plateforme SaaS RH',13,4,NULL,NULL),
(260,1,'2024-09-20',7.80,'Travail sur le projet Plateforme SaaS RH',15,4,NULL,NULL),
(261,1,'2024-09-20',7.20,'Travail sur le projet Site Vitrine Avocat',16,3,NULL,NULL),
(262,1,'2024-09-20',4.60,'Travail sur le projet E-shop Mode Parisienne',17,1,NULL,NULL),
(263,1,'2024-09-20',4.20,'Travail sur le projet App Mobile Banking',20,2,NULL,NULL),
(264,1,'2024-09-20',6.20,'Travail sur le projet Plateforme SaaS RH',21,4,NULL,NULL),
(265,1,'2024-09-20',5.40,'Travail sur le projet Site Vitrine Avocat',22,3,NULL,NULL),
(266,1,'2024-09-20',6.10,'Travail sur le projet Site Vitrine Avocat',24,3,NULL,NULL),
(267,1,'2024-09-20',7.30,'Travail sur le projet Site Vitrine Avocat',25,3,NULL,NULL),
(268,1,'2024-09-20',6.50,'Travail sur le projet Plateforme SaaS RH',26,4,NULL,NULL),
(269,1,'2024-09-23',6.40,'Travail sur le projet E-shop Mode Parisienne',1,1,NULL,NULL),
(270,1,'2024-09-23',5.70,'Travail sur le projet Plateforme SaaS RH',2,4,NULL,NULL),
(271,1,'2024-09-23',6.40,'Travail sur le projet Site Vitrine Avocat',4,3,NULL,NULL),
(272,1,'2024-09-23',7.70,'Travail sur le projet Site Vitrine Avocat',5,3,NULL,NULL),
(273,1,'2024-09-23',4.60,'Travail sur le projet Site Vitrine Avocat',6,3,NULL,NULL),
(274,1,'2024-09-23',4.60,'Travail sur le projet Plateforme SaaS RH',7,4,NULL,NULL),
(275,1,'2024-09-23',7.00,'Travail sur le projet E-shop Mode Parisienne',9,1,NULL,NULL),
(276,1,'2024-09-23',4.00,'Travail sur le projet E-shop Mode Parisienne',10,1,NULL,NULL),
(277,1,'2024-09-23',6.40,'Travail sur le projet App Mobile Banking',13,2,NULL,NULL),
(278,1,'2024-09-23',6.50,'Travail sur le projet App Mobile Banking',14,2,NULL,NULL),
(279,1,'2024-09-23',4.00,'Travail sur le projet App Mobile Banking',15,2,NULL,NULL),
(280,1,'2024-09-23',4.30,'Travail sur le projet Site Vitrine Avocat',16,3,NULL,NULL),
(281,1,'2024-09-23',5.30,'Travail sur le projet Plateforme SaaS RH',19,4,NULL,NULL),
(282,1,'2024-09-23',4.20,'Travail sur le projet App Mobile Banking',20,2,NULL,NULL),
(283,1,'2024-09-23',4.20,'Travail sur le projet Site Vitrine Avocat',23,3,NULL,NULL),
(284,1,'2024-09-23',5.40,'Travail sur le projet Plateforme SaaS RH',24,4,NULL,NULL),
(285,1,'2024-09-23',7.70,'Travail sur le projet App Mobile Banking',25,2,NULL,NULL),
(286,1,'2024-09-23',6.10,'Travail sur le projet App Mobile Banking',26,2,NULL,NULL),
(287,1,'2024-09-24',6.10,'Travail sur le projet Site Vitrine Avocat',2,3,NULL,NULL),
(288,1,'2024-09-24',6.90,'Travail sur le projet Plateforme SaaS RH',3,4,NULL,NULL),
(289,1,'2024-09-24',7.20,'Travail sur le projet Site Vitrine Avocat',6,3,NULL,NULL),
(290,1,'2024-09-24',6.00,'Travail sur le projet Site Vitrine Avocat',8,3,NULL,NULL),
(291,1,'2024-09-24',4.40,'Travail sur le projet E-shop Mode Parisienne',9,1,NULL,NULL),
(292,1,'2024-09-24',4.70,'Travail sur le projet App Mobile Banking',10,2,NULL,NULL),
(293,1,'2024-09-24',5.20,'Travail sur le projet Plateforme SaaS RH',11,4,NULL,NULL),
(294,1,'2024-09-24',5.30,'Travail sur le projet Site Vitrine Avocat',15,3,NULL,NULL),
(295,1,'2024-09-24',6.20,'Travail sur le projet Plateforme SaaS RH',16,4,NULL,NULL),
(296,1,'2024-09-24',5.00,'Travail sur le projet E-shop Mode Parisienne',20,1,NULL,NULL),
(297,1,'2024-09-24',7.10,'Travail sur le projet App Mobile Banking',21,2,NULL,NULL),
(298,1,'2024-09-24',4.30,'Travail sur le projet Site Vitrine Avocat',22,3,NULL,NULL),
(299,1,'2024-09-24',7.30,'Travail sur le projet Plateforme SaaS RH',23,4,NULL,NULL),
(300,1,'2024-09-24',5.90,'Travail sur le projet App Mobile Banking',25,2,NULL,NULL),
(301,1,'2024-09-25',7.90,'Travail sur le projet Plateforme SaaS RH',1,4,NULL,NULL),
(302,1,'2024-09-25',6.70,'Travail sur le projet App Mobile Banking',4,2,NULL,NULL),
(303,1,'2024-09-25',4.60,'Travail sur le projet Site Vitrine Avocat',6,3,NULL,NULL),
(304,1,'2024-09-25',4.10,'Travail sur le projet Site Vitrine Avocat',9,3,NULL,NULL),
(305,1,'2024-09-25',6.10,'Travail sur le projet Plateforme SaaS RH',10,4,NULL,NULL),
(306,1,'2024-09-25',5.20,'Travail sur le projet E-shop Mode Parisienne',12,1,NULL,NULL),
(307,1,'2024-09-25',4.80,'Travail sur le projet Plateforme SaaS RH',13,4,NULL,NULL),
(308,1,'2024-09-25',5.40,'Travail sur le projet App Mobile Banking',14,2,NULL,NULL),
(309,1,'2024-09-25',4.80,'Travail sur le projet Site Vitrine Avocat',15,3,NULL,NULL),
(310,1,'2024-09-25',4.70,'Travail sur le projet App Mobile Banking',16,2,NULL,NULL),
(311,1,'2024-09-25',5.90,'Travail sur le projet E-shop Mode Parisienne',18,1,NULL,NULL),
(312,1,'2024-09-25',4.80,'Travail sur le projet Site Vitrine Avocat',19,3,NULL,NULL),
(313,1,'2024-09-25',5.10,'Travail sur le projet E-shop Mode Parisienne',21,1,NULL,NULL),
(314,1,'2024-09-25',4.60,'Travail sur le projet E-shop Mode Parisienne',23,1,NULL,NULL),
(315,1,'2024-09-25',4.50,'Travail sur le projet Site Vitrine Avocat',25,3,NULL,NULL),
(316,1,'2024-09-25',4.90,'Travail sur le projet Plateforme SaaS RH',26,4,NULL,NULL),
(317,1,'2024-09-26',4.50,'Travail sur le projet Site Vitrine Avocat',2,3,NULL,NULL),
(318,1,'2024-09-26',7.70,'Travail sur le projet E-shop Mode Parisienne',6,1,NULL,NULL),
(319,1,'2024-09-26',7.00,'Travail sur le projet Site Vitrine Avocat',8,3,NULL,NULL),
(320,1,'2024-09-26',7.80,'Travail sur le projet Site Vitrine Avocat',9,3,NULL,NULL),
(321,1,'2024-09-26',6.10,'Travail sur le projet App Mobile Banking',10,2,NULL,NULL),
(322,1,'2024-09-26',6.00,'Travail sur le projet E-shop Mode Parisienne',11,1,NULL,NULL),
(323,1,'2024-09-26',4.40,'Travail sur le projet Site Vitrine Avocat',12,3,NULL,NULL),
(324,1,'2024-09-26',5.20,'Travail sur le projet E-shop Mode Parisienne',15,1,NULL,NULL),
(325,1,'2024-09-26',5.60,'Travail sur le projet Site Vitrine Avocat',16,3,NULL,NULL),
(326,1,'2024-09-26',5.30,'Travail sur le projet Site Vitrine Avocat',18,3,NULL,NULL),
(327,1,'2024-09-26',5.70,'Travail sur le projet E-shop Mode Parisienne',19,1,NULL,NULL),
(328,1,'2024-09-26',5.90,'Travail sur le projet Plateforme SaaS RH',20,4,NULL,NULL),
(329,1,'2024-09-26',5.70,'Travail sur le projet E-shop Mode Parisienne',22,1,NULL,NULL),
(330,1,'2024-09-26',5.90,'Travail sur le projet Plateforme SaaS RH',24,4,NULL,NULL),
(331,1,'2024-09-26',6.40,'Travail sur le projet Site Vitrine Avocat',25,3,NULL,NULL),
(332,1,'2024-09-26',5.60,'Travail sur le projet App Mobile Banking',26,2,NULL,NULL),
(333,1,'2024-09-27',4.30,'Travail sur le projet Plateforme SaaS RH',1,4,NULL,NULL),
(334,1,'2024-09-27',4.80,'Travail sur le projet Plateforme SaaS RH',2,4,NULL,NULL),
(335,1,'2024-09-27',4.40,'Travail sur le projet Site Vitrine Avocat',3,3,NULL,NULL),
(336,1,'2024-09-27',6.90,'Travail sur le projet E-shop Mode Parisienne',5,1,NULL,NULL),
(337,1,'2024-09-27',5.20,'Travail sur le projet App Mobile Banking',6,2,NULL,NULL),
(338,1,'2024-09-27',4.30,'Travail sur le projet Site Vitrine Avocat',7,3,NULL,NULL),
(339,1,'2024-09-27',6.30,'Travail sur le projet E-shop Mode Parisienne',9,1,NULL,NULL),
(340,1,'2024-09-27',6.40,'Travail sur le projet Site Vitrine Avocat',10,3,NULL,NULL),
(341,1,'2024-09-27',7.50,'Travail sur le projet Plateforme SaaS RH',12,4,NULL,NULL),
(342,1,'2024-09-27',6.00,'Travail sur le projet App Mobile Banking',13,2,NULL,NULL),
(343,1,'2024-09-27',7.90,'Travail sur le projet Site Vitrine Avocat',14,3,NULL,NULL),
(344,1,'2024-09-27',4.60,'Travail sur le projet E-shop Mode Parisienne',18,1,NULL,NULL),
(345,1,'2024-09-27',4.60,'Travail sur le projet App Mobile Banking',19,2,NULL,NULL),
(346,1,'2024-09-27',5.60,'Travail sur le projet Plateforme SaaS RH',20,4,NULL,NULL),
(347,1,'2024-09-27',5.20,'Travail sur le projet Plateforme SaaS RH',21,4,NULL,NULL),
(348,1,'2024-09-27',6.10,'Travail sur le projet App Mobile Banking',24,2,NULL,NULL),
(349,1,'2024-09-27',5.20,'Travail sur le projet Plateforme SaaS RH',25,4,NULL,NULL),
(350,1,'2024-09-27',5.00,'Travail sur le projet E-shop Mode Parisienne',26,1,NULL,NULL),
(351,1,'2024-09-30',4.10,'Travail sur le projet E-shop Mode Parisienne',1,1,NULL,NULL),
(352,1,'2024-09-30',5.80,'Travail sur le projet E-shop Mode Parisienne',4,1,NULL,NULL),
(353,1,'2024-09-30',6.90,'Travail sur le projet Plateforme SaaS RH',5,4,NULL,NULL),
(354,1,'2024-09-30',6.20,'Travail sur le projet Plateforme SaaS RH',6,4,NULL,NULL),
(355,1,'2024-09-30',5.30,'Travail sur le projet Plateforme SaaS RH',8,4,NULL,NULL),
(356,1,'2024-09-30',4.30,'Travail sur le projet App Mobile Banking',9,2,NULL,NULL),
(357,1,'2024-09-30',6.20,'Travail sur le projet Plateforme SaaS RH',11,4,NULL,NULL),
(358,1,'2024-09-30',4.90,'Travail sur le projet App Mobile Banking',12,2,NULL,NULL),
(359,1,'2024-09-30',4.40,'Travail sur le projet Plateforme SaaS RH',13,4,NULL,NULL),
(360,1,'2024-09-30',8.00,'Travail sur le projet App Mobile Banking',14,2,NULL,NULL),
(361,1,'2024-09-30',7.10,'Travail sur le projet E-shop Mode Parisienne',15,1,NULL,NULL),
(362,1,'2024-09-30',6.00,'Travail sur le projet E-shop Mode Parisienne',18,1,NULL,NULL),
(363,1,'2024-09-30',8.00,'Travail sur le projet Plateforme SaaS RH',21,4,NULL,NULL),
(364,1,'2024-09-30',7.50,'Travail sur le projet App Mobile Banking',22,2,NULL,NULL),
(365,1,'2024-09-30',6.40,'Travail sur le projet Plateforme SaaS RH',23,4,NULL,NULL),
(366,1,'2024-09-30',4.20,'Travail sur le projet App Mobile Banking',24,2,NULL,NULL),
(367,1,'2024-09-30',4.30,'Travail sur le projet App Mobile Banking',25,2,NULL,NULL),
(368,1,'2024-09-30',6.60,'Travail sur le projet Site Vitrine Avocat',26,3,NULL,NULL),
(369,1,'2024-10-01',5.20,'Travail sur le projet E-shop Mode Parisienne',3,1,NULL,NULL),
(370,1,'2024-10-01',6.40,'Travail sur le projet Plateforme SaaS RH',4,4,NULL,NULL),
(371,1,'2024-10-01',7.10,'Travail sur le projet App Mobile Banking',5,2,NULL,NULL),
(372,1,'2024-10-01',7.00,'Travail sur le projet Site Vitrine Avocat',7,3,NULL,NULL),
(373,1,'2024-10-01',7.20,'Travail sur le projet Plateforme SaaS RH',10,4,NULL,NULL),
(374,1,'2024-10-01',5.50,'Travail sur le projet Site Vitrine Avocat',11,3,NULL,NULL),
(375,1,'2024-10-01',7.50,'Travail sur le projet E-shop Mode Parisienne',12,1,NULL,NULL),
(376,1,'2024-10-01',5.60,'Travail sur le projet Site Vitrine Avocat',13,3,NULL,NULL),
(377,1,'2024-10-01',5.00,'Travail sur le projet E-shop Mode Parisienne',14,1,NULL,NULL),
(378,1,'2024-10-01',7.10,'Travail sur le projet Plateforme SaaS RH',16,4,NULL,NULL),
(379,1,'2024-10-01',5.00,'Travail sur le projet App Mobile Banking',17,2,NULL,NULL),
(380,1,'2024-10-01',7.30,'Travail sur le projet App Mobile Banking',18,2,NULL,NULL),
(381,1,'2024-10-01',7.90,'Travail sur le projet App Mobile Banking',21,2,NULL,NULL),
(382,1,'2024-10-01',8.00,'Travail sur le projet Site Vitrine Avocat',23,3,NULL,NULL),
(383,1,'2024-10-01',6.20,'Travail sur le projet E-shop Mode Parisienne',24,1,NULL,NULL),
(384,1,'2024-10-01',4.00,'Travail sur le projet App Mobile Banking',25,2,NULL,NULL),
(385,1,'2024-10-02',4.60,'Travail sur le projet E-shop Mode Parisienne',1,1,NULL,NULL),
(386,1,'2024-10-02',7.20,'Travail sur le projet Site Vitrine Avocat',2,3,NULL,NULL),
(387,1,'2024-10-02',4.10,'Travail sur le projet E-shop Mode Parisienne',3,1,NULL,NULL),
(388,1,'2024-10-02',6.80,'Travail sur le projet E-shop Mode Parisienne',4,1,NULL,NULL),
(389,1,'2024-10-02',6.90,'Travail sur le projet App Mobile Banking',6,2,NULL,NULL),
(390,1,'2024-10-02',5.80,'Travail sur le projet App Mobile Banking',7,2,NULL,NULL),
(391,1,'2024-10-02',5.60,'Travail sur le projet E-shop Mode Parisienne',10,1,NULL,NULL),
(392,1,'2024-10-02',5.80,'Travail sur le projet App Mobile Banking',11,2,NULL,NULL),
(393,1,'2024-10-02',5.40,'Travail sur le projet App Mobile Banking',12,2,NULL,NULL),
(394,1,'2024-10-02',4.30,'Travail sur le projet Plateforme SaaS RH',13,4,NULL,NULL),
(395,1,'2024-10-02',7.20,'Travail sur le projet Plateforme SaaS RH',15,4,NULL,NULL),
(396,1,'2024-10-02',4.10,'Travail sur le projet E-shop Mode Parisienne',16,1,NULL,NULL),
(397,1,'2024-10-02',5.70,'Travail sur le projet Plateforme SaaS RH',17,4,NULL,NULL),
(398,1,'2024-10-02',5.40,'Travail sur le projet E-shop Mode Parisienne',18,1,NULL,NULL),
(399,1,'2024-10-02',8.00,'Travail sur le projet Plateforme SaaS RH',19,4,NULL,NULL),
(400,1,'2024-10-02',7.90,'Travail sur le projet Site Vitrine Avocat',20,3,NULL,NULL),
(401,1,'2024-10-02',7.20,'Travail sur le projet Site Vitrine Avocat',22,3,NULL,NULL),
(402,1,'2024-10-02',5.00,'Travail sur le projet Site Vitrine Avocat',23,3,NULL,NULL),
(403,1,'2024-10-02',8.00,'Travail sur le projet App Mobile Banking',25,2,NULL,NULL),
(404,1,'2024-10-03',4.50,'Travail sur le projet Plateforme SaaS RH',1,4,NULL,NULL),
(405,1,'2024-10-03',4.00,'Travail sur le projet E-shop Mode Parisienne',2,1,NULL,NULL),
(406,1,'2024-10-03',4.70,'Travail sur le projet E-shop Mode Parisienne',3,1,NULL,NULL),
(407,1,'2024-10-03',5.90,'Travail sur le projet E-shop Mode Parisienne',4,1,NULL,NULL),
(408,1,'2024-10-03',6.00,'Travail sur le projet E-shop Mode Parisienne',5,1,NULL,NULL),
(409,1,'2024-10-03',5.70,'Travail sur le projet App Mobile Banking',7,2,NULL,NULL),
(410,1,'2024-10-03',6.00,'Travail sur le projet App Mobile Banking',9,2,NULL,NULL),
(411,1,'2024-10-03',6.10,'Travail sur le projet App Mobile Banking',10,2,NULL,NULL),
(412,1,'2024-10-03',5.00,'Travail sur le projet Plateforme SaaS RH',11,4,NULL,NULL),
(413,1,'2024-10-03',5.20,'Travail sur le projet E-shop Mode Parisienne',12,1,NULL,NULL),
(414,1,'2024-10-03',7.00,'Travail sur le projet Plateforme SaaS RH',13,4,NULL,NULL),
(415,1,'2024-10-03',5.60,'Travail sur le projet App Mobile Banking',14,2,NULL,NULL),
(416,1,'2024-10-03',6.30,'Travail sur le projet App Mobile Banking',15,2,NULL,NULL),
(417,1,'2024-10-03',7.00,'Travail sur le projet App Mobile Banking',16,2,NULL,NULL),
(418,1,'2024-10-03',4.00,'Travail sur le projet App Mobile Banking',18,2,NULL,NULL),
(419,1,'2024-10-03',4.30,'Travail sur le projet App Mobile Banking',21,2,NULL,NULL),
(420,1,'2024-10-03',4.50,'Travail sur le projet E-shop Mode Parisienne',22,1,NULL,NULL),
(421,1,'2024-10-03',4.60,'Travail sur le projet E-shop Mode Parisienne',24,1,NULL,NULL),
(422,1,'2024-10-03',4.20,'Travail sur le projet Plateforme SaaS RH',25,4,NULL,NULL),
(423,1,'2024-10-03',5.40,'Travail sur le projet E-shop Mode Parisienne',26,1,NULL,NULL),
(424,1,'2024-10-04',7.30,'Travail sur le projet App Mobile Banking',4,2,NULL,NULL),
(425,1,'2024-10-04',6.90,'Travail sur le projet App Mobile Banking',5,2,NULL,NULL),
(426,1,'2024-10-04',7.40,'Travail sur le projet Site Vitrine Avocat',6,3,NULL,NULL),
(427,1,'2024-10-04',5.90,'Travail sur le projet E-shop Mode Parisienne',7,1,NULL,NULL),
(428,1,'2024-10-04',4.30,'Travail sur le projet E-shop Mode Parisienne',10,1,NULL,NULL),
(429,1,'2024-10-04',5.90,'Travail sur le projet E-shop Mode Parisienne',11,1,NULL,NULL),
(430,1,'2024-10-04',4.80,'Travail sur le projet App Mobile Banking',14,2,NULL,NULL),
(431,1,'2024-10-04',7.70,'Travail sur le projet App Mobile Banking',15,2,NULL,NULL),
(432,1,'2024-10-04',6.40,'Travail sur le projet App Mobile Banking',16,2,NULL,NULL),
(433,1,'2024-10-04',6.80,'Travail sur le projet App Mobile Banking',17,2,NULL,NULL),
(434,1,'2024-10-04',5.50,'Travail sur le projet E-shop Mode Parisienne',18,1,NULL,NULL),
(435,1,'2024-10-04',5.60,'Travail sur le projet Site Vitrine Avocat',19,3,NULL,NULL),
(436,1,'2024-10-04',6.90,'Travail sur le projet E-shop Mode Parisienne',21,1,NULL,NULL),
(437,1,'2024-10-04',5.40,'Travail sur le projet E-shop Mode Parisienne',22,1,NULL,NULL),
(438,1,'2024-10-04',6.30,'Travail sur le projet Plateforme SaaS RH',24,4,NULL,NULL),
(439,1,'2024-10-04',7.10,'Travail sur le projet App Mobile Banking',25,2,NULL,NULL),
(440,1,'2024-10-07',6.00,'Travail sur le projet E-shop Mode Parisienne',1,1,NULL,NULL),
(441,1,'2024-10-07',4.30,'Travail sur le projet App Mobile Banking',4,2,NULL,NULL),
(442,1,'2024-10-07',7.10,'Travail sur le projet Plateforme SaaS RH',5,4,NULL,NULL),
(443,1,'2024-10-07',4.00,'Travail sur le projet Site Vitrine Avocat',6,3,NULL,NULL),
(444,1,'2024-10-07',5.90,'Travail sur le projet Plateforme SaaS RH',10,4,NULL,NULL),
(445,1,'2024-10-07',7.90,'Travail sur le projet Site Vitrine Avocat',12,3,NULL,NULL),
(446,1,'2024-10-07',7.10,'Travail sur le projet Site Vitrine Avocat',13,3,NULL,NULL),
(447,1,'2024-10-07',7.40,'Travail sur le projet E-shop Mode Parisienne',14,1,NULL,NULL),
(448,1,'2024-10-07',7.80,'Travail sur le projet Plateforme SaaS RH',15,4,NULL,NULL),
(449,1,'2024-10-07',7.80,'Travail sur le projet Site Vitrine Avocat',17,3,NULL,NULL),
(450,1,'2024-10-07',6.40,'Travail sur le projet Site Vitrine Avocat',19,3,NULL,NULL),
(451,1,'2024-10-07',7.60,'Travail sur le projet App Mobile Banking',20,2,NULL,NULL),
(452,1,'2024-10-07',4.50,'Travail sur le projet Site Vitrine Avocat',22,3,NULL,NULL),
(453,1,'2024-10-07',4.00,'Travail sur le projet Site Vitrine Avocat',24,3,NULL,NULL),
(454,1,'2024-10-07',7.50,'Travail sur le projet Site Vitrine Avocat',25,3,NULL,NULL),
(455,1,'2024-10-07',4.00,'Travail sur le projet Site Vitrine Avocat',26,3,NULL,NULL),
(456,1,'2024-10-08',5.80,'Travail sur le projet Site Vitrine Avocat',2,3,NULL,NULL),
(457,1,'2024-10-08',7.70,'Travail sur le projet E-shop Mode Parisienne',3,1,NULL,NULL),
(458,1,'2024-10-08',6.20,'Travail sur le projet Plateforme SaaS RH',4,4,NULL,NULL),
(459,1,'2024-10-08',6.70,'Travail sur le projet E-shop Mode Parisienne',5,1,NULL,NULL),
(460,1,'2024-10-08',7.60,'Travail sur le projet Plateforme SaaS RH',7,4,NULL,NULL),
(461,1,'2024-10-08',6.30,'Travail sur le projet Site Vitrine Avocat',8,3,NULL,NULL),
(462,1,'2024-10-08',8.00,'Travail sur le projet App Mobile Banking',9,2,NULL,NULL),
(463,1,'2024-10-08',4.80,'Travail sur le projet App Mobile Banking',11,2,NULL,NULL),
(464,1,'2024-10-08',5.30,'Travail sur le projet Site Vitrine Avocat',12,3,NULL,NULL),
(465,1,'2024-10-08',4.70,'Travail sur le projet E-shop Mode Parisienne',14,1,NULL,NULL),
(466,1,'2024-10-08',4.20,'Travail sur le projet Site Vitrine Avocat',16,3,NULL,NULL),
(467,1,'2024-10-08',7.50,'Travail sur le projet App Mobile Banking',17,2,NULL,NULL),
(468,1,'2024-10-08',5.10,'Travail sur le projet Site Vitrine Avocat',18,3,NULL,NULL),
(469,1,'2024-10-08',6.80,'Travail sur le projet App Mobile Banking',19,2,NULL,NULL),
(470,1,'2024-10-08',4.60,'Travail sur le projet Plateforme SaaS RH',20,4,NULL,NULL),
(471,1,'2024-10-08',4.10,'Travail sur le projet App Mobile Banking',21,2,NULL,NULL),
(472,1,'2024-10-08',7.80,'Travail sur le projet App Mobile Banking',22,2,NULL,NULL),
(473,1,'2024-10-08',5.70,'Travail sur le projet Plateforme SaaS RH',23,4,NULL,NULL),
(474,1,'2024-10-08',6.50,'Travail sur le projet Site Vitrine Avocat',25,3,NULL,NULL),
(475,1,'2024-10-08',7.10,'Travail sur le projet Plateforme SaaS RH',26,4,NULL,NULL),
(476,1,'2024-10-09',7.10,'Travail sur le projet Site Vitrine Avocat',3,3,NULL,NULL),
(477,1,'2024-10-09',7.80,'Travail sur le projet E-shop Mode Parisienne',4,1,NULL,NULL),
(478,1,'2024-10-09',7.10,'Travail sur le projet E-shop Mode Parisienne',5,1,NULL,NULL),
(479,1,'2024-10-09',6.30,'Travail sur le projet E-shop Mode Parisienne',6,1,NULL,NULL),
(480,1,'2024-10-09',7.00,'Travail sur le projet App Mobile Banking',8,2,NULL,NULL),
(481,1,'2024-10-09',7.50,'Travail sur le projet Plateforme SaaS RH',10,4,NULL,NULL),
(482,1,'2024-10-09',4.30,'Travail sur le projet App Mobile Banking',11,2,NULL,NULL),
(483,1,'2024-10-09',5.90,'Travail sur le projet Plateforme SaaS RH',12,4,NULL,NULL),
(484,1,'2024-10-09',5.20,'Travail sur le projet Site Vitrine Avocat',13,3,NULL,NULL),
(485,1,'2024-10-09',7.40,'Travail sur le projet E-shop Mode Parisienne',14,1,NULL,NULL),
(486,1,'2024-10-09',7.10,'Travail sur le projet App Mobile Banking',15,2,NULL,NULL),
(487,1,'2024-10-09',4.60,'Travail sur le projet Site Vitrine Avocat',16,3,NULL,NULL),
(488,1,'2024-10-09',7.00,'Travail sur le projet E-shop Mode Parisienne',17,1,NULL,NULL),
(489,1,'2024-10-09',7.20,'Travail sur le projet App Mobile Banking',18,2,NULL,NULL),
(490,1,'2024-10-09',5.90,'Travail sur le projet Site Vitrine Avocat',19,3,NULL,NULL),
(491,1,'2024-10-09',7.20,'Travail sur le projet E-shop Mode Parisienne',22,1,NULL,NULL),
(492,1,'2024-10-09',4.90,'Travail sur le projet Site Vitrine Avocat',23,3,NULL,NULL),
(493,1,'2024-10-09',5.10,'Travail sur le projet Plateforme SaaS RH',24,4,NULL,NULL),
(494,1,'2024-10-09',7.00,'Travail sur le projet Site Vitrine Avocat',25,3,NULL,NULL),
(495,1,'2024-10-10',7.60,'Travail sur le projet Site Vitrine Avocat',1,3,NULL,NULL),
(496,1,'2024-10-10',4.70,'Travail sur le projet E-shop Mode Parisienne',2,1,NULL,NULL),
(497,1,'2024-10-10',5.60,'Travail sur le projet Plateforme SaaS RH',3,4,NULL,NULL),
(498,1,'2024-10-10',5.30,'Travail sur le projet App Mobile Banking',4,2,NULL,NULL),
(499,1,'2024-10-10',6.30,'Travail sur le projet Plateforme SaaS RH',6,4,NULL,NULL),
(500,1,'2024-10-10',5.70,'Travail sur le projet Site Vitrine Avocat',7,3,NULL,NULL),
(501,1,'2024-10-10',5.20,'Travail sur le projet Plateforme SaaS RH',10,4,NULL,NULL),
(502,1,'2024-10-10',5.70,'Travail sur le projet App Mobile Banking',11,2,NULL,NULL),
(503,1,'2024-10-10',7.70,'Travail sur le projet E-shop Mode Parisienne',12,1,NULL,NULL),
(504,1,'2024-10-10',7.50,'Travail sur le projet Site Vitrine Avocat',14,3,NULL,NULL),
(505,1,'2024-10-10',5.30,'Travail sur le projet E-shop Mode Parisienne',15,1,NULL,NULL),
(506,1,'2024-10-10',4.00,'Travail sur le projet App Mobile Banking',21,2,NULL,NULL),
(507,1,'2024-10-10',4.20,'Travail sur le projet App Mobile Banking',22,2,NULL,NULL),
(508,1,'2024-10-10',4.00,'Travail sur le projet App Mobile Banking',23,2,NULL,NULL),
(509,1,'2024-10-10',6.50,'Travail sur le projet E-shop Mode Parisienne',24,1,NULL,NULL),
(510,1,'2024-10-10',4.10,'Travail sur le projet Site Vitrine Avocat',25,3,NULL,NULL),
(511,1,'2024-10-11',5.80,'Travail sur le projet Site Vitrine Avocat',1,3,NULL,NULL),
(512,1,'2024-10-11',4.90,'Travail sur le projet Plateforme SaaS RH',3,4,NULL,NULL),
(513,1,'2024-10-11',6.80,'Travail sur le projet Plateforme SaaS RH',5,4,NULL,NULL),
(514,1,'2024-10-11',6.80,'Travail sur le projet Plateforme SaaS RH',7,4,NULL,NULL),
(515,1,'2024-10-11',4.10,'Travail sur le projet App Mobile Banking',8,2,NULL,NULL),
(516,1,'2024-10-11',7.20,'Travail sur le projet Plateforme SaaS RH',9,4,NULL,NULL),
(517,1,'2024-10-11',6.40,'Travail sur le projet Site Vitrine Avocat',10,3,NULL,NULL),
(518,1,'2024-10-11',7.60,'Travail sur le projet Plateforme SaaS RH',11,4,NULL,NULL),
(519,1,'2024-10-11',6.10,'Travail sur le projet Site Vitrine Avocat',12,3,NULL,NULL),
(520,1,'2024-10-11',4.20,'Travail sur le projet App Mobile Banking',13,2,NULL,NULL),
(521,1,'2024-10-11',7.30,'Travail sur le projet App Mobile Banking',16,2,NULL,NULL),
(522,1,'2024-10-11',4.10,'Travail sur le projet Site Vitrine Avocat',18,3,NULL,NULL),
(523,1,'2024-10-11',5.40,'Travail sur le projet App Mobile Banking',20,2,NULL,NULL),
(524,1,'2024-10-11',5.10,'Travail sur le projet Site Vitrine Avocat',22,3,NULL,NULL),
(525,1,'2024-10-11',7.60,'Travail sur le projet App Mobile Banking',24,2,NULL,NULL),
(526,1,'2024-10-11',6.30,'Travail sur le projet Site Vitrine Avocat',25,3,NULL,NULL),
(527,1,'2024-10-11',8.00,'Travail sur le projet Plateforme SaaS RH',26,4,NULL,NULL),
(528,1,'2024-10-14',7.50,'Travail sur le projet Plateforme SaaS RH',2,4,NULL,NULL),
(529,1,'2024-10-14',5.30,'Travail sur le projet E-shop Mode Parisienne',3,1,NULL,NULL),
(530,1,'2024-10-14',8.00,'Travail sur le projet Site Vitrine Avocat',5,3,NULL,NULL),
(531,1,'2024-10-14',5.80,'Travail sur le projet App Mobile Banking',6,2,NULL,NULL),
(532,1,'2024-10-14',5.80,'Travail sur le projet App Mobile Banking',10,2,NULL,NULL),
(533,1,'2024-10-14',5.30,'Travail sur le projet Plateforme SaaS RH',11,4,NULL,NULL),
(534,1,'2024-10-14',8.00,'Travail sur le projet App Mobile Banking',12,2,NULL,NULL),
(535,1,'2024-10-14',5.50,'Travail sur le projet App Mobile Banking',13,2,NULL,NULL),
(536,1,'2024-10-14',5.50,'Travail sur le projet E-shop Mode Parisienne',14,1,NULL,NULL),
(537,1,'2024-10-14',7.30,'Travail sur le projet E-shop Mode Parisienne',15,1,NULL,NULL),
(538,1,'2024-10-14',6.10,'Travail sur le projet Site Vitrine Avocat',17,3,NULL,NULL),
(539,1,'2024-10-14',6.30,'Travail sur le projet E-shop Mode Parisienne',19,1,NULL,NULL),
(540,1,'2024-10-14',4.60,'Travail sur le projet App Mobile Banking',20,2,NULL,NULL),
(541,1,'2024-10-14',7.30,'Travail sur le projet Plateforme SaaS RH',22,4,NULL,NULL),
(542,1,'2024-10-14',7.90,'Travail sur le projet App Mobile Banking',24,2,NULL,NULL),
(543,1,'2024-10-14',7.10,'Travail sur le projet App Mobile Banking',26,2,NULL,NULL),
(544,1,'2024-10-15',6.70,'Travail sur le projet Plateforme SaaS RH',1,4,NULL,NULL),
(545,1,'2024-10-15',4.40,'Travail sur le projet E-shop Mode Parisienne',3,1,NULL,NULL),
(546,1,'2024-10-15',6.70,'Travail sur le projet Plateforme SaaS RH',4,4,NULL,NULL),
(547,1,'2024-10-15',5.30,'Travail sur le projet Site Vitrine Avocat',5,3,NULL,NULL),
(548,1,'2024-10-15',7.70,'Travail sur le projet Plateforme SaaS RH',6,4,NULL,NULL),
(549,1,'2024-10-15',7.60,'Travail sur le projet App Mobile Banking',7,2,NULL,NULL),
(550,1,'2024-10-15',4.50,'Travail sur le projet Site Vitrine Avocat',8,3,NULL,NULL),
(551,1,'2024-10-15',6.10,'Travail sur le projet Site Vitrine Avocat',9,3,NULL,NULL),
(552,1,'2024-10-15',7.20,'Travail sur le projet App Mobile Banking',10,2,NULL,NULL),
(553,1,'2024-10-15',7.90,'Travail sur le projet Plateforme SaaS RH',11,4,NULL,NULL),
(554,1,'2024-10-15',6.50,'Travail sur le projet Site Vitrine Avocat',12,3,NULL,NULL),
(555,1,'2024-10-15',5.30,'Travail sur le projet Site Vitrine Avocat',13,3,NULL,NULL),
(556,1,'2024-10-15',6.50,'Travail sur le projet Plateforme SaaS RH',14,4,NULL,NULL),
(557,1,'2024-10-15',6.90,'Travail sur le projet E-shop Mode Parisienne',17,1,NULL,NULL),
(558,1,'2024-10-15',5.20,'Travail sur le projet App Mobile Banking',18,2,NULL,NULL),
(559,1,'2024-10-15',7.80,'Travail sur le projet Site Vitrine Avocat',19,3,NULL,NULL),
(560,1,'2024-10-15',7.10,'Travail sur le projet App Mobile Banking',20,2,NULL,NULL),
(561,1,'2024-10-15',8.00,'Travail sur le projet Plateforme SaaS RH',21,4,NULL,NULL),
(562,1,'2024-10-15',7.70,'Travail sur le projet E-shop Mode Parisienne',22,1,NULL,NULL),
(563,1,'2024-10-15',7.60,'Travail sur le projet Plateforme SaaS RH',23,4,NULL,NULL),
(564,1,'2024-10-15',5.50,'Travail sur le projet E-shop Mode Parisienne',24,1,NULL,NULL),
(565,1,'2024-10-15',6.80,'Travail sur le projet App Mobile Banking',25,2,NULL,NULL),
(566,1,'2024-10-16',4.50,'Travail sur le projet Site Vitrine Avocat',1,3,NULL,NULL),
(567,1,'2024-10-16',4.80,'Travail sur le projet Site Vitrine Avocat',2,3,NULL,NULL),
(568,1,'2024-10-16',6.90,'Travail sur le projet Plateforme SaaS RH',3,4,NULL,NULL),
(569,1,'2024-10-16',6.50,'Travail sur le projet Site Vitrine Avocat',4,3,NULL,NULL),
(570,1,'2024-10-16',6.40,'Travail sur le projet Site Vitrine Avocat',5,3,NULL,NULL),
(571,1,'2024-10-16',6.60,'Travail sur le projet Plateforme SaaS RH',6,4,NULL,NULL),
(572,1,'2024-10-16',7.30,'Travail sur le projet Plateforme SaaS RH',8,4,NULL,NULL),
(573,1,'2024-10-16',4.40,'Travail sur le projet Site Vitrine Avocat',9,3,NULL,NULL),
(574,1,'2024-10-16',7.50,'Travail sur le projet E-shop Mode Parisienne',12,1,NULL,NULL),
(575,1,'2024-10-16',5.70,'Travail sur le projet E-shop Mode Parisienne',13,1,NULL,NULL),
(576,1,'2024-10-16',5.30,'Travail sur le projet Plateforme SaaS RH',15,4,NULL,NULL),
(577,1,'2024-10-16',4.40,'Travail sur le projet Plateforme SaaS RH',16,4,NULL,NULL),
(578,1,'2024-10-16',5.30,'Travail sur le projet App Mobile Banking',18,2,NULL,NULL),
(579,1,'2024-10-16',6.60,'Travail sur le projet App Mobile Banking',21,2,NULL,NULL),
(580,1,'2024-10-16',6.70,'Travail sur le projet Site Vitrine Avocat',23,3,NULL,NULL),
(581,1,'2024-10-16',6.20,'Travail sur le projet E-shop Mode Parisienne',24,1,NULL,NULL),
(582,1,'2024-10-16',6.30,'Travail sur le projet Plateforme SaaS RH',25,4,NULL,NULL),
(583,1,'2024-10-16',7.70,'Travail sur le projet E-shop Mode Parisienne',26,1,NULL,NULL),
(584,1,'2024-10-17',6.10,'Travail sur le projet E-shop Mode Parisienne',1,1,NULL,NULL),
(585,1,'2024-10-17',4.90,'Travail sur le projet E-shop Mode Parisienne',3,1,NULL,NULL),
(586,1,'2024-10-17',4.20,'Travail sur le projet App Mobile Banking',4,2,NULL,NULL),
(587,1,'2024-10-17',4.70,'Travail sur le projet E-shop Mode Parisienne',5,1,NULL,NULL),
(588,1,'2024-10-17',6.10,'Travail sur le projet Plateforme SaaS RH',9,4,NULL,NULL),
(589,1,'2024-10-17',4.90,'Travail sur le projet Plateforme SaaS RH',11,4,NULL,NULL),
(590,1,'2024-10-17',4.20,'Travail sur le projet E-shop Mode Parisienne',12,1,NULL,NULL),
(591,1,'2024-10-17',7.40,'Travail sur le projet E-shop Mode Parisienne',13,1,NULL,NULL),
(592,1,'2024-10-17',4.30,'Travail sur le projet App Mobile Banking',14,2,NULL,NULL),
(593,1,'2024-10-17',7.00,'Travail sur le projet Site Vitrine Avocat',15,3,NULL,NULL),
(594,1,'2024-10-17',4.60,'Travail sur le projet App Mobile Banking',17,2,NULL,NULL),
(595,1,'2024-10-17',5.90,'Travail sur le projet Plateforme SaaS RH',18,4,NULL,NULL),
(596,1,'2024-10-17',7.10,'Travail sur le projet App Mobile Banking',19,2,NULL,NULL),
(597,1,'2024-10-17',6.40,'Travail sur le projet App Mobile Banking',20,2,NULL,NULL),
(598,1,'2024-10-17',5.70,'Travail sur le projet App Mobile Banking',21,2,NULL,NULL),
(599,1,'2024-10-17',6.80,'Travail sur le projet Plateforme SaaS RH',22,4,NULL,NULL),
(600,1,'2024-10-17',4.80,'Travail sur le projet App Mobile Banking',23,2,NULL,NULL),
(601,1,'2024-10-17',4.70,'Travail sur le projet Site Vitrine Avocat',26,3,NULL,NULL),
(602,1,'2024-10-18',5.10,'Travail sur le projet Site Vitrine Avocat',1,3,NULL,NULL),
(603,1,'2024-10-18',6.90,'Travail sur le projet Plateforme SaaS RH',2,4,NULL,NULL),
(604,1,'2024-10-18',7.90,'Travail sur le projet Plateforme SaaS RH',4,4,NULL,NULL),
(605,1,'2024-10-18',5.40,'Travail sur le projet Plateforme SaaS RH',5,4,NULL,NULL),
(606,1,'2024-10-18',7.80,'Travail sur le projet Site Vitrine Avocat',8,3,NULL,NULL),
(607,1,'2024-10-18',7.10,'Travail sur le projet Site Vitrine Avocat',9,3,NULL,NULL),
(608,1,'2024-10-18',5.30,'Travail sur le projet Plateforme SaaS RH',10,4,NULL,NULL),
(609,1,'2024-10-18',7.70,'Travail sur le projet E-shop Mode Parisienne',11,1,NULL,NULL),
(610,1,'2024-10-18',6.80,'Travail sur le projet Plateforme SaaS RH',12,4,NULL,NULL),
(611,1,'2024-10-18',5.60,'Travail sur le projet Site Vitrine Avocat',13,3,NULL,NULL),
(612,1,'2024-10-18',6.10,'Travail sur le projet App Mobile Banking',14,2,NULL,NULL),
(613,1,'2024-10-18',4.10,'Travail sur le projet Plateforme SaaS RH',15,4,NULL,NULL),
(614,1,'2024-10-18',7.70,'Travail sur le projet App Mobile Banking',19,2,NULL,NULL),
(615,1,'2024-10-18',5.90,'Travail sur le projet E-shop Mode Parisienne',20,1,NULL,NULL),
(616,1,'2024-10-18',7.80,'Travail sur le projet Plateforme SaaS RH',21,4,NULL,NULL),
(617,1,'2024-10-18',7.00,'Travail sur le projet E-shop Mode Parisienne',22,1,NULL,NULL),
(618,1,'2024-10-18',7.80,'Travail sur le projet Plateforme SaaS RH',23,4,NULL,NULL),
(619,1,'2024-10-18',7.00,'Travail sur le projet Plateforme SaaS RH',24,4,NULL,NULL),
(620,1,'2024-10-18',5.10,'Travail sur le projet E-shop Mode Parisienne',25,1,NULL,NULL),
(621,1,'2024-10-18',5.80,'Travail sur le projet E-shop Mode Parisienne',26,1,NULL,NULL),
(622,1,'2024-10-21',4.80,'Travail sur le projet E-shop Mode Parisienne',1,1,NULL,NULL),
(623,1,'2024-10-21',7.80,'Travail sur le projet App Mobile Banking',3,2,NULL,NULL),
(624,1,'2024-10-21',4.00,'Travail sur le projet Plateforme SaaS RH',5,4,NULL,NULL),
(625,1,'2024-10-21',6.50,'Travail sur le projet E-shop Mode Parisienne',6,1,NULL,NULL),
(626,1,'2024-10-21',6.10,'Travail sur le projet Site Vitrine Avocat',7,3,NULL,NULL),
(627,1,'2024-10-21',4.60,'Travail sur le projet Plateforme SaaS RH',8,4,NULL,NULL),
(628,1,'2024-10-21',4.80,'Travail sur le projet App Mobile Banking',9,2,NULL,NULL),
(629,1,'2024-10-21',5.30,'Travail sur le projet Plateforme SaaS RH',10,4,NULL,NULL),
(630,1,'2024-10-21',5.80,'Travail sur le projet App Mobile Banking',11,2,NULL,NULL),
(631,1,'2024-10-21',5.80,'Travail sur le projet Plateforme SaaS RH',12,4,NULL,NULL),
(632,1,'2024-10-21',4.90,'Travail sur le projet E-shop Mode Parisienne',13,1,NULL,NULL),
(633,1,'2024-10-21',6.00,'Travail sur le projet Plateforme SaaS RH',14,4,NULL,NULL),
(634,1,'2024-10-21',5.20,'Travail sur le projet Plateforme SaaS RH',16,4,NULL,NULL),
(635,1,'2024-10-21',4.90,'Travail sur le projet Plateforme SaaS RH',17,4,NULL,NULL),
(636,1,'2024-10-21',6.20,'Travail sur le projet E-shop Mode Parisienne',18,1,NULL,NULL),
(637,1,'2024-10-21',4.40,'Travail sur le projet E-shop Mode Parisienne',19,1,NULL,NULL),
(638,1,'2024-10-21',7.00,'Travail sur le projet E-shop Mode Parisienne',20,1,NULL,NULL),
(639,1,'2024-10-21',4.40,'Travail sur le projet App Mobile Banking',21,2,NULL,NULL),
(640,1,'2024-10-21',4.40,'Travail sur le projet Plateforme SaaS RH',22,4,NULL,NULL),
(641,1,'2024-10-21',5.90,'Travail sur le projet Plateforme SaaS RH',23,4,NULL,NULL),
(642,1,'2024-10-21',4.00,'Travail sur le projet Site Vitrine Avocat',24,3,NULL,NULL),
(643,1,'2024-10-21',6.30,'Travail sur le projet Site Vitrine Avocat',25,3,NULL,NULL),
(644,1,'2024-10-22',5.10,'Travail sur le projet App Mobile Banking',1,2,NULL,NULL),
(645,1,'2024-10-22',7.10,'Travail sur le projet App Mobile Banking',3,2,NULL,NULL),
(646,1,'2024-10-22',5.10,'Travail sur le projet E-shop Mode Parisienne',4,1,NULL,NULL),
(647,1,'2024-10-22',6.30,'Travail sur le projet E-shop Mode Parisienne',5,1,NULL,NULL),
(648,1,'2024-10-22',4.70,'Travail sur le projet E-shop Mode Parisienne',6,1,NULL,NULL),
(649,1,'2024-10-22',5.20,'Travail sur le projet Plateforme SaaS RH',7,4,NULL,NULL),
(650,1,'2024-10-22',7.70,'Travail sur le projet Site Vitrine Avocat',9,3,NULL,NULL),
(651,1,'2024-10-22',5.90,'Travail sur le projet Plateforme SaaS RH',10,4,NULL,NULL),
(652,1,'2024-10-22',6.10,'Travail sur le projet App Mobile Banking',13,2,NULL,NULL),
(653,1,'2024-10-22',6.30,'Travail sur le projet Plateforme SaaS RH',14,4,NULL,NULL),
(654,1,'2024-10-22',5.40,'Travail sur le projet Plateforme SaaS RH',15,4,NULL,NULL),
(655,1,'2024-10-22',4.80,'Travail sur le projet E-shop Mode Parisienne',17,1,NULL,NULL),
(656,1,'2024-10-22',4.30,'Travail sur le projet Plateforme SaaS RH',19,4,NULL,NULL),
(657,1,'2024-10-22',8.00,'Travail sur le projet Site Vitrine Avocat',22,3,NULL,NULL),
(658,1,'2024-10-22',5.30,'Travail sur le projet Plateforme SaaS RH',24,4,NULL,NULL),
(659,1,'2024-10-22',7.60,'Travail sur le projet Site Vitrine Avocat',25,3,NULL,NULL),
(660,1,'2024-10-22',5.40,'Travail sur le projet Plateforme SaaS RH',26,4,NULL,NULL),
(661,1,'2024-10-23',5.10,'Travail sur le projet Plateforme SaaS RH',1,4,NULL,NULL),
(662,1,'2024-10-23',4.20,'Travail sur le projet E-shop Mode Parisienne',2,1,NULL,NULL),
(663,1,'2024-10-23',6.60,'Travail sur le projet Plateforme SaaS RH',4,4,NULL,NULL),
(664,1,'2024-10-23',5.80,'Travail sur le projet Plateforme SaaS RH',5,4,NULL,NULL),
(665,1,'2024-10-23',7.60,'Travail sur le projet Plateforme SaaS RH',12,4,NULL,NULL),
(666,1,'2024-10-23',7.80,'Travail sur le projet Plateforme SaaS RH',13,4,NULL,NULL),
(667,1,'2024-10-23',7.30,'Travail sur le projet Site Vitrine Avocat',15,3,NULL,NULL),
(668,1,'2024-10-23',6.30,'Travail sur le projet App Mobile Banking',17,2,NULL,NULL),
(669,1,'2024-10-23',4.90,'Travail sur le projet App Mobile Banking',18,2,NULL,NULL),
(670,1,'2024-10-23',5.50,'Travail sur le projet Plateforme SaaS RH',19,4,NULL,NULL),
(671,1,'2024-10-23',6.60,'Travail sur le projet App Mobile Banking',20,2,NULL,NULL),
(672,1,'2024-10-23',5.00,'Travail sur le projet Site Vitrine Avocat',21,3,NULL,NULL),
(673,1,'2024-10-23',6.70,'Travail sur le projet E-shop Mode Parisienne',22,1,NULL,NULL),
(674,1,'2024-10-23',6.70,'Travail sur le projet App Mobile Banking',23,2,NULL,NULL),
(675,1,'2024-10-23',7.90,'Travail sur le projet Site Vitrine Avocat',25,3,NULL,NULL),
(676,1,'2024-10-23',6.30,'Travail sur le projet App Mobile Banking',26,2,NULL,NULL),
(677,1,'2024-10-24',6.70,'Travail sur le projet Site Vitrine Avocat',1,3,NULL,NULL),
(678,1,'2024-10-24',4.80,'Travail sur le projet E-shop Mode Parisienne',2,1,NULL,NULL),
(679,1,'2024-10-24',4.30,'Travail sur le projet Site Vitrine Avocat',3,3,NULL,NULL),
(680,1,'2024-10-24',7.60,'Travail sur le projet Plateforme SaaS RH',5,4,NULL,NULL),
(681,1,'2024-10-24',7.20,'Travail sur le projet Plateforme SaaS RH',6,4,NULL,NULL),
(682,1,'2024-10-24',5.30,'Travail sur le projet App Mobile Banking',7,2,NULL,NULL),
(683,1,'2024-10-24',4.90,'Travail sur le projet Plateforme SaaS RH',8,4,NULL,NULL),
(684,1,'2024-10-24',6.60,'Travail sur le projet Plateforme SaaS RH',9,4,NULL,NULL),
(685,1,'2024-10-24',6.50,'Travail sur le projet App Mobile Banking',10,2,NULL,NULL),
(686,1,'2024-10-24',7.70,'Travail sur le projet Site Vitrine Avocat',12,3,NULL,NULL),
(687,1,'2024-10-24',7.30,'Travail sur le projet E-shop Mode Parisienne',15,1,NULL,NULL),
(688,1,'2024-10-24',6.90,'Travail sur le projet Site Vitrine Avocat',18,3,NULL,NULL),
(689,1,'2024-10-24',4.60,'Travail sur le projet Site Vitrine Avocat',19,3,NULL,NULL),
(690,1,'2024-10-24',5.30,'Travail sur le projet E-shop Mode Parisienne',20,1,NULL,NULL),
(691,1,'2024-10-24',6.70,'Travail sur le projet Plateforme SaaS RH',22,4,NULL,NULL),
(692,1,'2024-10-24',5.90,'Travail sur le projet Site Vitrine Avocat',23,3,NULL,NULL),
(693,1,'2024-10-24',4.40,'Travail sur le projet E-shop Mode Parisienne',24,1,NULL,NULL),
(694,1,'2024-10-24',4.90,'Travail sur le projet Plateforme SaaS RH',25,4,NULL,NULL),
(695,1,'2024-10-25',6.90,'Travail sur le projet App Mobile Banking',1,2,NULL,NULL),
(696,1,'2024-10-25',6.80,'Travail sur le projet Plateforme SaaS RH',2,4,NULL,NULL),
(697,1,'2024-10-25',5.70,'Travail sur le projet Site Vitrine Avocat',4,3,NULL,NULL),
(698,1,'2024-10-25',5.70,'Travail sur le projet App Mobile Banking',5,2,NULL,NULL),
(699,1,'2024-10-25',6.00,'Travail sur le projet App Mobile Banking',7,2,NULL,NULL),
(700,1,'2024-10-25',6.90,'Travail sur le projet Site Vitrine Avocat',8,3,NULL,NULL),
(701,1,'2024-10-25',5.10,'Travail sur le projet App Mobile Banking',9,2,NULL,NULL),
(702,1,'2024-10-25',7.50,'Travail sur le projet Site Vitrine Avocat',10,3,NULL,NULL),
(703,1,'2024-10-25',6.30,'Travail sur le projet Plateforme SaaS RH',11,4,NULL,NULL),
(704,1,'2024-10-25',5.40,'Travail sur le projet App Mobile Banking',12,2,NULL,NULL),
(705,1,'2024-10-25',6.70,'Travail sur le projet E-shop Mode Parisienne',13,1,NULL,NULL),
(706,1,'2024-10-25',6.00,'Travail sur le projet Plateforme SaaS RH',14,4,NULL,NULL),
(707,1,'2024-10-25',7.00,'Travail sur le projet Site Vitrine Avocat',17,3,NULL,NULL),
(708,1,'2024-10-25',6.20,'Travail sur le projet E-shop Mode Parisienne',18,1,NULL,NULL),
(709,1,'2024-10-25',5.50,'Travail sur le projet App Mobile Banking',20,2,NULL,NULL),
(710,1,'2024-10-25',7.40,'Travail sur le projet App Mobile Banking',21,2,NULL,NULL),
(711,1,'2024-10-25',6.00,'Travail sur le projet App Mobile Banking',22,2,NULL,NULL),
(712,1,'2024-10-25',6.20,'Travail sur le projet Plateforme SaaS RH',23,4,NULL,NULL),
(713,1,'2024-10-25',4.80,'Travail sur le projet E-shop Mode Parisienne',24,1,NULL,NULL),
(714,1,'2024-10-25',6.60,'Travail sur le projet App Mobile Banking',25,2,NULL,NULL),
(715,1,'2024-10-25',7.70,'Travail sur le projet App Mobile Banking',26,2,NULL,NULL),
(716,1,'2024-10-28',6.10,'Travail sur le projet E-shop Mode Parisienne',2,1,NULL,NULL),
(717,1,'2024-10-28',5.30,'Travail sur le projet Plateforme SaaS RH',3,4,NULL,NULL),
(718,1,'2024-10-28',5.70,'Travail sur le projet App Mobile Banking',4,2,NULL,NULL),
(719,1,'2024-10-28',4.50,'Travail sur le projet Site Vitrine Avocat',6,3,NULL,NULL),
(720,1,'2024-10-28',6.70,'Travail sur le projet Site Vitrine Avocat',7,3,NULL,NULL),
(721,1,'2024-10-28',5.40,'Travail sur le projet Plateforme SaaS RH',8,4,NULL,NULL),
(722,1,'2024-10-28',4.20,'Travail sur le projet E-shop Mode Parisienne',11,1,NULL,NULL),
(723,1,'2024-10-28',5.00,'Travail sur le projet Site Vitrine Avocat',12,3,NULL,NULL),
(724,1,'2024-10-28',4.30,'Travail sur le projet E-shop Mode Parisienne',13,1,NULL,NULL),
(725,1,'2024-10-28',7.20,'Travail sur le projet App Mobile Banking',16,2,NULL,NULL),
(726,1,'2024-10-28',7.80,'Travail sur le projet App Mobile Banking',17,2,NULL,NULL),
(727,1,'2024-10-28',5.70,'Travail sur le projet App Mobile Banking',18,2,NULL,NULL),
(728,1,'2024-10-28',6.70,'Travail sur le projet Site Vitrine Avocat',20,3,NULL,NULL),
(729,1,'2024-10-28',6.80,'Travail sur le projet App Mobile Banking',21,2,NULL,NULL),
(730,1,'2024-10-28',4.70,'Travail sur le projet App Mobile Banking',22,2,NULL,NULL),
(731,1,'2024-10-28',7.50,'Travail sur le projet E-shop Mode Parisienne',23,1,NULL,NULL),
(732,1,'2024-10-28',7.90,'Travail sur le projet App Mobile Banking',25,2,NULL,NULL),
(733,1,'2024-10-28',5.30,'Travail sur le projet E-shop Mode Parisienne',26,1,NULL,NULL),
(734,1,'2024-10-29',4.70,'Travail sur le projet Site Vitrine Avocat',1,3,NULL,NULL),
(735,1,'2024-10-29',5.40,'Travail sur le projet Site Vitrine Avocat',5,3,NULL,NULL),
(736,1,'2024-10-29',4.60,'Travail sur le projet Site Vitrine Avocat',6,3,NULL,NULL),
(737,1,'2024-10-29',4.40,'Travail sur le projet E-shop Mode Parisienne',7,1,NULL,NULL),
(738,1,'2024-10-29',6.20,'Travail sur le projet App Mobile Banking',8,2,NULL,NULL),
(739,1,'2024-10-29',5.50,'Travail sur le projet App Mobile Banking',9,2,NULL,NULL),
(740,1,'2024-10-29',5.10,'Travail sur le projet Site Vitrine Avocat',10,3,NULL,NULL),
(741,1,'2024-10-29',7.30,'Travail sur le projet Plateforme SaaS RH',12,4,NULL,NULL),
(742,1,'2024-10-29',6.10,'Travail sur le projet Site Vitrine Avocat',13,3,NULL,NULL),
(743,1,'2024-10-29',5.40,'Travail sur le projet App Mobile Banking',16,2,NULL,NULL),
(744,1,'2024-10-29',4.90,'Travail sur le projet Plateforme SaaS RH',17,4,NULL,NULL),
(745,1,'2024-10-29',7.90,'Travail sur le projet Plateforme SaaS RH',19,4,NULL,NULL),
(746,1,'2024-10-29',5.80,'Travail sur le projet Site Vitrine Avocat',20,3,NULL,NULL),
(747,1,'2024-10-29',4.80,'Travail sur le projet E-shop Mode Parisienne',22,1,NULL,NULL),
(748,1,'2024-10-29',5.50,'Travail sur le projet App Mobile Banking',23,2,NULL,NULL),
(749,1,'2024-10-29',6.60,'Travail sur le projet E-shop Mode Parisienne',24,1,NULL,NULL),
(750,1,'2024-10-29',7.70,'Travail sur le projet App Mobile Banking',25,2,NULL,NULL),
(751,1,'2024-10-29',7.20,'Travail sur le projet App Mobile Banking',26,2,NULL,NULL),
(752,1,'2024-10-30',4.90,'Travail sur le projet E-shop Mode Parisienne',2,1,NULL,NULL),
(753,1,'2024-10-30',7.20,'Travail sur le projet Site Vitrine Avocat',4,3,NULL,NULL),
(754,1,'2024-10-30',6.80,'Travail sur le projet Site Vitrine Avocat',5,3,NULL,NULL),
(755,1,'2024-10-30',5.00,'Travail sur le projet E-shop Mode Parisienne',7,1,NULL,NULL),
(756,1,'2024-10-30',7.10,'Travail sur le projet E-shop Mode Parisienne',9,1,NULL,NULL),
(757,1,'2024-10-30',4.00,'Travail sur le projet Site Vitrine Avocat',10,3,NULL,NULL),
(758,1,'2024-10-30',7.40,'Travail sur le projet E-shop Mode Parisienne',12,1,NULL,NULL),
(759,1,'2024-10-30',5.30,'Travail sur le projet E-shop Mode Parisienne',13,1,NULL,NULL),
(760,1,'2024-10-30',5.00,'Travail sur le projet App Mobile Banking',15,2,NULL,NULL),
(761,1,'2024-10-30',4.90,'Travail sur le projet E-shop Mode Parisienne',16,1,NULL,NULL),
(762,1,'2024-10-30',6.70,'Travail sur le projet Site Vitrine Avocat',17,3,NULL,NULL),
(763,1,'2024-10-30',6.30,'Travail sur le projet Site Vitrine Avocat',18,3,NULL,NULL),
(764,1,'2024-10-30',7.60,'Travail sur le projet App Mobile Banking',19,2,NULL,NULL),
(765,1,'2024-10-30',7.50,'Travail sur le projet Site Vitrine Avocat',20,3,NULL,NULL),
(766,1,'2024-10-30',4.10,'Travail sur le projet App Mobile Banking',21,2,NULL,NULL),
(767,1,'2024-10-30',5.00,'Travail sur le projet Site Vitrine Avocat',22,3,NULL,NULL),
(768,1,'2024-10-30',6.80,'Travail sur le projet Plateforme SaaS RH',23,4,NULL,NULL),
(769,1,'2024-10-30',4.90,'Travail sur le projet App Mobile Banking',24,2,NULL,NULL),
(770,1,'2024-10-30',6.50,'Travail sur le projet Site Vitrine Avocat',25,3,NULL,NULL),
(771,1,'2024-10-30',5.60,'Travail sur le projet E-shop Mode Parisienne',26,1,NULL,NULL);
/*!40000 ALTER TABLE `timesheets` ENABLE KEYS */;
UNLOCK TABLES;

--
-- Table structure for table `users`
--

DROP TABLE IF EXISTS `users`;
/*!40101 SET @saved_cs_client     = @@character_set_client */;
/*!40101 SET character_set_client = utf8mb4 */;
CREATE TABLE `users` (
  `id` int(11) NOT NULL AUTO_INCREMENT,
  `company_id` int(11) NOT NULL,
  `email` varchar(180) NOT NULL,
  `roles` longtext CHARACTER SET utf8mb4 COLLATE utf8mb4_bin NOT NULL CHECK (json_valid(`roles`)),
  `password` varchar(255) NOT NULL,
  `first_name` varchar(100) NOT NULL,
  `last_name` varchar(100) NOT NULL,
  `phone` varchar(32) DEFAULT NULL,
  `phone_work` varchar(32) DEFAULT NULL,
  `phone_personal` varchar(32) DEFAULT NULL,
  `address` longtext DEFAULT NULL,
  `avatar` varchar(255) DEFAULT NULL,
  `totp_secret` varchar(255) DEFAULT NULL,
  `totp_enabled` tinyint(4) NOT NULL,
  `created_at` datetime NOT NULL,
  `updated_at` datetime DEFAULT NULL,
  `last_login_at` datetime DEFAULT NULL,
  `last_login_ip` varchar(45) DEFAULT NULL,
  PRIMARY KEY (`id`),
  UNIQUE KEY `email_company_unique` (`email`,`company_id`),
  KEY `idx_user_company` (`company_id`),
  CONSTRAINT `fk_user_company` FOREIGN KEY (`company_id`) REFERENCES `companies` (`id`) ON DELETE CASCADE
) ENGINE=InnoDB AUTO_INCREMENT=13 DEFAULT CHARSET=utf8mb4 COLLATE=utf8mb4_uca1400_ai_ci;
/*!40101 SET character_set_client = @saved_cs_client */;

--
-- Dumping data for table `users`
--

LOCK TABLES `users` WRITE;
/*!40000 ALTER TABLE `users` DISABLE KEYS */;
INSERT INTO `users` VALUES
(1,1,'chef.projet@test.com','[\"ROLE_CHEF_PROJET\"]','$2y$13$qHKKIg4vENobxztD5vw0gOByc8DiofgntF43OKEOOjnTI3w8fhUFG','Alice','Martin',NULL,NULL,NULL,NULL,NULL,NULL,0,'2025-12-06 15:52:14','2025-12-06 16:08:16',NULL,NULL),
(2,1,'commercial@test.com','[\"ROLE_COMMERCIAL\"]','$2y$13$Qg1yA5hVmGGwVBem0AFa7u8S8VzqC9qhLLLpbUoBogzfKt8B5TxWC','Bob','Durand',NULL,NULL,NULL,NULL,NULL,NULL,0,'2025-12-06 15:52:15','2025-12-06 16:08:16',NULL,NULL),
(3,1,'manager@test.com','[\"ROLE_MANAGER\"]','$2y$13$8ng5CFD6OqrAb0Rrpm8hg.ktXxFvPVChYZoKrOQaQgJfgJjLDlgOa','Claire','Moreau',NULL,NULL,NULL,NULL,NULL,NULL,0,'2025-12-06 15:52:15','2025-12-06 16:08:16',NULL,NULL),
(4,1,'admin@test.com','[\"ROLE_ADMIN\"]','$2y$13$P4g4Bat63CneO3fMeYWMl.mIMgTjhCQd42bj.Oc0JM2llV5JTXciC','David','Admin',NULL,NULL,NULL,NULL,NULL,NULL,0,'2025-12-06 15:52:15','2025-12-06 16:08:16',NULL,NULL),
(6,1,'thibaut.monier@gmail.com','[\"ROLE_MANAGER\",\"ROLE_SUPERADMIN\"]','$2y$13$kcy9KkIb0M7UpUxW2eBhp.4uYLIQySyiovEy7MI4/UIXF7zqNar62','Thibaut','MONIER',NULL,'','','','/uploads/avatars/u6_8327425796c5.jpg',NULL,0,'2025-12-06 15:56:16','2025-12-31 09:59:56','2025-12-31 09:59:56','172.22.0.1'),
(7,1,'adam@example.com','[\"ROLE_INTERVENANT\"]','$2y$13$F4hY5eLEcyHXbGjA.wsxgOCglnKPNjDMOj4JGUtYtn6hPphqyUkBu','Adam','Girard',NULL,'','','',NULL,NULL,0,'2025-12-11 07:11:23','2025-12-11 07:11:30',NULL,NULL),
(8,1,'intervenant@test.com','[\"ROLE_INTERVENANT\"]','$2y$13$CyvzkWwHiIAVa/zegIv6vuKHH5.Jl9hoGpf2qQceYHzcq8TD5eGQy','Jean','Intervenant',NULL,NULL,NULL,NULL,NULL,NULL,0,'2025-12-24 07:42:19','2025-12-24 07:42:19',NULL,NULL),
(9,1,'chef-projet@test.com','[\"ROLE_CHEF_PROJET\"]','$2y$13$XI1PFZqYjbL4pGqAwekVTezINuMWeza0RSB5TKfL6aPIJYv0Gp6ce','Marie','ChefProjet',NULL,NULL,NULL,NULL,NULL,NULL,0,'2025-12-24 07:42:20','2025-12-24 07:42:20',NULL,NULL),
(10,1,'compta@test.com','[\"ROLE_COMPTA\"]','$2y$13$xHRNSfEdc5jTn2NFKX1caedR43blMAouR4qckdUmxZ4tqk8OdYaOy','Sophie','Comptable',NULL,NULL,NULL,NULL,NULL,NULL,0,'2025-12-24 07:42:20','2025-12-24 07:42:20',NULL,NULL),
(11,1,'superadmin@test.com','[\"ROLE_SUPERADMIN\"]','$2y$13$hytFYd.EHb1fh5S5M5ZzrOz7j/fv9CUa8pwaUzK5FP8WbfbB5HkVO','Alice','SuperAdmin',NULL,NULL,NULL,NULL,NULL,NULL,0,'2025-12-24 07:42:21','2025-12-24 07:42:21',NULL,NULL),
(12,1,'test.debug@example.com','[\"ROLE_USER\"]','$2y$13$ghtgj67o1P9EuOfYAb0fj.TEHOeAohsy4kdCNXtJxjg2q1NS3H0oC','Test','Debug',NULL,NULL,NULL,NULL,NULL,NULL,0,'2025-12-27 22:22:18','2025-12-27 22:24:39','2025-12-27 22:24:39','172.22.0.1');
/*!40000 ALTER TABLE `users` ENABLE KEYS */;
UNLOCK TABLES;

--
-- Table structure for table `vacations`
--

DROP TABLE IF EXISTS `vacations`;
/*!40101 SET @saved_cs_client     = @@character_set_client */;
/*!40101 SET character_set_client = utf8mb4 */;
CREATE TABLE `vacations` (
  `id` int(11) NOT NULL AUTO_INCREMENT,
  `company_id` int(11) NOT NULL,
  `start_date` date NOT NULL,
  `end_date` date NOT NULL,
  `type` varchar(50) NOT NULL,
  `reason` longtext DEFAULT NULL,
  `status` varchar(20) NOT NULL,
  `daily_hours` decimal(4,2) NOT NULL,
  `created_at` datetime NOT NULL,
  `approved_at` datetime DEFAULT NULL,
  `contributor_id` int(11) NOT NULL,
  `approved_by_id` int(11) DEFAULT NULL,
  PRIMARY KEY (`id`),
  KEY `IDX_3B8290677A19A357` (`contributor_id`),
  KEY `IDX_3B8290672D234F6A` (`approved_by_id`),
  KEY `idx_vacation_company` (`company_id`),
  CONSTRAINT `FK_3B8290672D234F6A` FOREIGN KEY (`approved_by_id`) REFERENCES `users` (`id`),
  CONSTRAINT `FK_3B8290677A19A357` FOREIGN KEY (`contributor_id`) REFERENCES `contributors` (`id`),
  CONSTRAINT `fk_vacation_company` FOREIGN KEY (`company_id`) REFERENCES `companies` (`id`) ON DELETE CASCADE
) ENGINE=InnoDB AUTO_INCREMENT=2 DEFAULT CHARSET=utf8mb4 COLLATE=utf8mb4_uca1400_ai_ci;
/*!40101 SET character_set_client = @saved_cs_client */;

--
-- Dumping data for table `vacations`
--

LOCK TABLES `vacations` WRITE;
/*!40000 ALTER TABLE `vacations` DISABLE KEYS */;
INSERT INTO `vacations` VALUES
(1,1,'2025-12-31','2026-01-02','Congés payés',NULL,'pending',8.00,'2025-12-25 16:25:39',NULL,27,NULL);
/*!40000 ALTER TABLE `vacations` ENABLE KEYS */;
UNLOCK TABLES;

--
-- Table structure for table `xp_history`
--

DROP TABLE IF EXISTS `xp_history`;
/*!40101 SET @saved_cs_client     = @@character_set_client */;
/*!40101 SET character_set_client = utf8mb4 */;
CREATE TABLE `xp_history` (
  `id` int(11) NOT NULL AUTO_INCREMENT,
  `xp_amount` int(11) NOT NULL,
  `source` varchar(100) NOT NULL,
  `description` longtext DEFAULT NULL,
  `metadata` longtext CHARACTER SET utf8mb4 COLLATE utf8mb4_bin DEFAULT NULL CHECK (json_valid(`metadata`)),
  `gained_at` datetime NOT NULL,
  `contributor_id` int(11) NOT NULL,
  PRIMARY KEY (`id`),
  KEY `IDX_C06720907A19A357` (`contributor_id`),
  KEY `idx_contributor_gained` (`contributor_id`,`gained_at`),
  CONSTRAINT `FK_C06720907A19A357` FOREIGN KEY (`contributor_id`) REFERENCES `contributors` (`id`)
) ENGINE=InnoDB AUTO_INCREMENT=6 DEFAULT CHARSET=utf8mb4 COLLATE=utf8mb4_uca1400_ai_ci;
/*!40101 SET character_set_client = @saved_cs_client */;

--
-- Dumping data for table `xp_history`
--

LOCK TABLES `xp_history` WRITE;
/*!40000 ALTER TABLE `xp_history` DISABLE KEYS */;
INSERT INTO `xp_history` VALUES
(1,50,'satisfaction','Saisie satisfaction 12/2025',NULL,'2025-12-26 20:30:21',27),
(2,10,'badge_unlocked','Badge débloqué: Premier pas','{\"badge_id\":1}','2025-12-26 20:30:21',27),
(3,25,'badge_unlocked','Badge débloqué: Première satisfaction','{\"badge_id\":6}','2025-12-26 20:30:21',27),
(4,100,'badge_unlocked','Badge débloqué: Early Adopter','{\"badge_id\":14}','2025-12-26 20:30:21',27),
(5,25,'badge_unlocked','Badge débloqué: Novice','{\"badge_id\":2}','2025-12-26 20:30:21',27);
/*!40000 ALTER TABLE `xp_history` ENABLE KEYS */;
UNLOCK TABLES;
/*!40103 SET TIME_ZONE=@OLD_TIME_ZONE */;

/*!40101 SET SQL_MODE=@OLD_SQL_MODE */;
/*!40014 SET FOREIGN_KEY_CHECKS=@OLD_FOREIGN_KEY_CHECKS */;
/*!40014 SET UNIQUE_CHECKS=@OLD_UNIQUE_CHECKS */;
/*!40101 SET CHARACTER_SET_CLIENT=@OLD_CHARACTER_SET_CLIENT */;
/*!40101 SET CHARACTER_SET_RESULTS=@OLD_CHARACTER_SET_RESULTS */;
/*!40101 SET COLLATION_CONNECTION=@OLD_COLLATION_CONNECTION */;
/*M!100616 SET NOTE_VERBOSITY=@OLD_NOTE_VERBOSITY */;

-- Dump completed on 2025-12-31 13:00:13
